// =============================================================================
//  sx3_images_all.h  -  All 54 VanMoof SX3 display images
//  Extracted from mainware_1_9_3.bin (flash base 0x08020000).
//  Names match editor/gallery/firmware_gallery.json (the web editor's gallery).
//  Size formula machine-code-verified: pixelWord = nf*relRow+frame+nf+3.
//  Generated by firmware-tools/extract_images.py - do not edit by hand.
// =============================================================================
#ifndef SX3_IMAGES_ALL_H
#define SX3_IMAGES_ALL_H
#include <Arduino.h>

// startup: start_row=0 rows=20 frames=70 5892 bytes
const uint8_t SX3IMG_startup[] PROGMEM = {
  0x00, 0x00, 0x00, 0x00, 0x14, 0x00, 0x00, 0x00, 0x46, 0x00, 0x00, 0x00, 0x32, 0x00, 0x00, 0x00,
  0x32, 0x00, 0x00, 0x00, 0x32, 0x00, 0x00, 0x00, 0x32, 0x00, 0x00, 0x00, 0x32, 0x00, 0x00, 0x00,
  0x32, 0x00, 0x00, 0x00, 0x32, 0x00, 0x00, 0x00, 0x32, 0x00, 0x00, 0x00, 0x32, 0x00, 0x00, 0x00,
  0x32, 0x00, 0x00, 0x00, 0x32, 0x00, 0x00, 0x00, 0x32, 0x00, 0x00, 0x00, 0x32, 0x00, 0x00, 0x00,
  0x32, 0x00, 0x00, 0x00, 0x32, 0x00, 0x00, 0x00, 0x32, 0x00, 0x00, 0x00, 0x32, 0x00, 0x00, 0x00,
  0x32, 0x00, 0x00, 0x00, 0x32, 0x00, 0x00, 0x00, 0x32, 0x00, 0x00, 0x00, 0x32, 0x00, 0x00, 0x00,
  0x32, 0x00, 0x00, 0x00, 0x32, 0x00, 0x00, 0x00, 0x32, 0x00, 0x00, 0x00, 0x32, 0x00, 0x00, 0x00,
  0x32, 0x00, 0x00, 0x00, 0x32, 0x00, 0x00, 0x00, 0x32, 0x00, 0x00, 0x00, 0x32, 0x00, 0x00, 0x00,
  0x32, 0x00, 0x00, 0x00, 0x32, 0x00, 0x00, 0x00, 0x32, 0x00, 0x00, 0x00, 0x32, 0x00, 0x00, 0x00,
  0x32, 0x00, 0x00, 0x00, 0x32, 0x00, 0x00, 0x00, 0x32, 0x00, 0x00, 0x00, 0x32, 0x00, 0x00, 0x00,
  0x32, 0x00, 0x00, 0x00, 0x32, 0x00, 0x00, 0x00, 0xE8, 0x03, 0x00, 0x00, 0x32, 0x00, 0x00, 0x00,
  0x32, 0x00, 0x00, 0x00, 0x32, 0x00, 0x00, 0x00, 0x32, 0x00, 0x00, 0x00, 0x32, 0x00, 0x00, 0x00,
  0x32, 0x00, 0x00, 0x00, 0x32, 0x00, 0x00, 0x00, 0x32, 0x00, 0x00, 0x00, 0x32, 0x00, 0x00, 0x00,
  0x32, 0x00, 0x00, 0x00, 0x32, 0x00, 0x00, 0x00, 0x32, 0x00, 0x00, 0x00, 0x32, 0x00, 0x00, 0x00,
  0x32, 0x00, 0x00, 0x00, 0x32, 0x00, 0x00, 0x00, 0x32, 0x00, 0x00, 0x00, 0x32, 0x00, 0x00, 0x00,
  0x32, 0x00, 0x00, 0x00, 0x32, 0x00, 0x00, 0x00, 0x32, 0x00, 0x00, 0x00, 0x32, 0x00, 0x00, 0x00,
  0x32, 0x00, 0x00, 0x00, 0x32, 0x00, 0x00, 0x00, 0x32, 0x00, 0x00, 0x00, 0x32, 0x00, 0x00, 0x00,
  0x32, 0x00, 0x00, 0x00, 0x32, 0x00, 0x00, 0x00, 0x32, 0x00, 0x00, 0x00, 0x32, 0x00, 0x00, 0x00,
  0x32, 0x00, 0x00, 0x00, 0x00, 0x00, 0x00, 0x00, 0x00, 0x00, 0x00, 0x00, 0x00, 0x00, 0x00, 0x00,
  0x00, 0x00, 0x00, 0x00, 0x00, 0x00, 0x00, 0x00, 0x00, 0x00, 0x00, 0x00, 0x00, 0x00, 0x00, 0x00,
  0x00, 0x00, 0x00, 0x00, 0x00, 0x00, 0x00, 0x00, 0x00, 0x00, 0x00, 0x00, 0x00, 0x00, 0x00, 0x00,
  0x00, 0x00, 0x00, 0x00, 0x00, 0x00, 0x00, 0x00, 0x00, 0x00, 0x00, 0x00, 0x00, 0x00, 0x00, 0x00,
  0x00, 0xC6, 0x01, 0x00, 0x00, 0xFE, 0x03, 0x00, 0x00, 0xEA, 0x02, 0x00, 0x00, 0xB6, 0x01, 0x00,
  0x00, 0xB6, 0x01, 0x00, 0x00, 0x92, 0x00, 0x00, 0x00, 0x00, 0x00, 0x00, 0x00, 0x00, 0x00, 0x00,
  0x00, 0x00, 0x00, 0x00, 0x00, 0x00, 0x00, 0x00, 0x00, 0x00, 0x00, 0x00, 0x00, 0x00, 0x00, 0x00,
  0x00, 0x00, 0x00, 0x00, 0x00, 0x00, 0x00, 0x00, 0x00, 0x00, 0x00, 0x00, 0x00, 0x00, 0x00, 0x00,
  0x00, 0x00, 0x00, 0x00, 0x00, 0x00, 0x00, 0x00, 0x00, 0x00, 0x00, 0x00, 0x00, 0x00, 0x00, 0x00,
  0x00, 0x00, 0x00, 0x00, 0x00, 0x00, 0x00, 0x00, 0x00, 0x00, 0x00, 0x00, 0x00, 0x00, 0x00, 0x00,
  0x00, 0x00, 0x00, 0x00, 0x00, 0x00, 0x00, 0x00, 0x00, 0x00, 0x00, 0x00, 0x00, 0x00, 0x00, 0x00,
  0x00, 0x00, 0x00, 0x00, 0x00, 0x00, 0x00, 0x00, 0x00, 0x00, 0x00, 0x00, 0x00, 0x00, 0x00, 0x00,
  0x00, 0x00, 0x00, 0x00, 0x00, 0x00, 0x00, 0x00, 0x00, 0x00, 0x00, 0x00, 0x00, 0x00, 0x00, 0x00,
  0x00, 0x00, 0x00, 0x00, 0x00, 0x00, 0x00, 0x00, 0x00, 0x00, 0x00, 0x00, 0x00, 0x00, 0x00, 0x00,
  0x00, 0x00, 0x00, 0x00, 0x00, 0x00, 0x00, 0x00, 0x00, 0x00, 0x00, 0x00, 0x00, 0x00, 0x00, 0x00,
  0x00, 0x00, 0x00, 0x00, 0x00, 0x00, 0x00, 0x00, 0x00, 0x00, 0x00, 0x00, 0x00, 0x00, 0x00, 0x00,
  0x00, 0x00, 0x00, 0x00, 0x00, 0x00, 0x00, 0x00, 0x00, 0x00, 0x00, 0x00, 0x00, 0x00, 0x00, 0x00,
  0x00, 0x00, 0x00, 0x00, 0x00, 0x00, 0x00, 0x00, 0x00, 0x00, 0x00, 0x00, 0x00, 0x00, 0x00, 0x00,
  0x00, 0x00, 0x00, 0x00, 0x00, 0x00, 0x00, 0x00, 0x00, 0x00, 0x00, 0x00, 0x00, 0x00, 0x00, 0x00,
  0x00, 0x00, 0x00, 0x00, 0x00, 0x00, 0x00, 0x00, 0x00, 0x00, 0x00, 0x00, 0x00, 0x00, 0x00, 0x00,
  0x00, 0x00, 0x00, 0x00, 0x00, 0x00, 0x00, 0x00, 0x00, 0x00, 0x00, 0x00, 0x00, 0x00, 0x00, 0x00,
  0x00, 0x00, 0x00, 0x00, 0x40, 0x58, 0x06, 0x00, 0x80, 0xFF, 0x1B, 0x00, 0x70, 0x59, 0xD6, 0x00,
  0xE8, 0xB6, 0xAD, 0x00, 0x58, 0x92, 0x64, 0x00, 0x08, 0x00, 0x20, 0x00, 0x00, 0x00, 0x00, 0x00,
  0x00, 0x00, 0x00, 0x00, 0x00, 0x00, 0x00, 0x00, 0x00, 0x00, 0x00, 0x00, 0x00, 0x00, 0x00, 0x00,
  0x00, 0x00, 0x00, 0x00, 0x00, 0x00, 0x00, 0x00, 0x00, 0x00, 0x00, 0x00, 0x00, 0x00, 0x00, 0x00,
  0x00, 0x00, 0x00, 0x00, 0x00, 0x00, 0x00, 0x00, 0x00, 0x00, 0x00, 0x00, 0x00, 0x00, 0x00, 0x00,
  0x00, 0x00, 0x00, 0x00, 0x00, 0x00, 0x00, 0x00, 0x00, 0x00, 0x00, 0x00, 0x00, 0x00, 0x00, 0x00,
  0x00, 0x00, 0x00, 0x00, 0x00, 0x00, 0x00, 0x00, 0x00, 0x00, 0x00, 0x00, 0x00, 0x00, 0x00, 0x00,
  0x00, 0x00, 0x00, 0x00, 0x00, 0x00, 0x00, 0x00, 0x00, 0x00, 0x00, 0x00, 0x00, 0x00, 0x00, 0x00,
  0x00, 0x00, 0x00, 0x00, 0x00, 0x00, 0x00, 0x00, 0x00, 0x00, 0x00, 0x00, 0x00, 0x00, 0x00, 0x00,
  0x00, 0x00, 0x00, 0x00, 0x00, 0x00, 0x00, 0x00, 0x00, 0x00, 0x00, 0x00, 0x00, 0x00, 0x00, 0x00,
  0x00, 0x00, 0x00, 0x00, 0x00, 0x00, 0x00, 0x00, 0x00, 0x00, 0x00, 0x00, 0x00, 0x00, 0x00, 0x00,
  0x00, 0x00, 0x00, 0x00, 0x00, 0x00, 0x00, 0x00, 0x00, 0x00, 0x00, 0x00, 0x00, 0x00, 0x00, 0x00,
  0x00, 0x00, 0x00, 0x00, 0x00, 0x00, 0x00, 0x00, 0x00, 0x00, 0x00, 0x00, 0x00, 0x00, 0x00, 0x00,
  0x00, 0x00, 0x00, 0x00, 0x00, 0x00, 0x00, 0x00, 0x00, 0x00, 0x00, 0x00, 0x00, 0x00, 0x00, 0x00,
  0x00, 0x00, 0x00, 0x00, 0x00, 0x00, 0x00, 0x00, 0x00, 0x00, 0x00, 0x00, 0x00, 0x00, 0x00, 0x00,
  0x00, 0x00, 0x00, 0x00, 0x00, 0x00, 0x00, 0x00, 0x00, 0x00, 0x00, 0x00, 0x00, 0x00, 0x00, 0x00,
  0x00, 0x00, 0x00, 0x00, 0x00, 0x00, 0x00, 0x00, 0x00, 0x00, 0x00, 0x00, 0x00, 0x00, 0x00, 0x00,
  0x00, 0x00, 0x00, 0x00, 0x88, 0xB6, 0x29, 0x00, 0x88, 0xFF, 0x3B, 0x00, 0xF0, 0xFF, 0xDF, 0x00,
  0xF8, 0x14, 0xED, 0x00, 0x70, 0x00, 0x84, 0x00, 0x08, 0x00, 0x20, 0x00, 0x00, 0x00, 0x00, 0x00,
  0x00, 0x00, 0x00, 0x00, 0x00, 0x00, 0x00, 0x00, 0x00, 0x00, 0x00, 0x00, 0x00, 0x00, 0x00, 0x00,
  0x00, 0x00, 0x00, 0x00, 0x00, 0x00, 0x00, 0x00, 0x00, 0x00, 0x00, 0x00, 0x00, 0x00, 0x00, 0x00,
  0x00, 0x00, 0x00, 0x00, 0x00, 0x00, 0x00, 0x00, 0x00, 0x00, 0x00, 0x00, 0x00, 0x00, 0x00, 0x00,
  0x00, 0x00, 0x00, 0x00, 0x00, 0x00, 0x00, 0x00, 0x00, 0x00, 0x00, 0x00, 0x00, 0x00, 0x00, 0x00,
  0x00, 0x00, 0x00, 0x00, 0x00, 0x00, 0x00, 0x00, 0x00, 0x00, 0x00, 0x00, 0x00, 0x00, 0x00, 0x00,
  0x00, 0x00, 0x00, 0x00, 0x00, 0x00, 0x00, 0x00, 0x00, 0x00, 0x00, 0x00, 0x00, 0x00, 0x00, 0x00,
  0x00, 0x00, 0x00, 0x00, 0x00, 0x00, 0x00, 0x00, 0x00, 0x00, 0x00, 0x00, 0x00, 0x00, 0x00, 0x00,
  0x00, 0x00, 0x00, 0x00, 0x00, 0x00, 0x00, 0x00, 0x00, 0x00, 0x00, 0x00, 0x00, 0x00, 0x00, 0x00,
  0x00, 0x00, 0x00, 0x00, 0x00, 0x00, 0x00, 0x00, 0x00, 0x00, 0x00, 0x00, 0x00, 0x00, 0x00, 0x00,
  0x00, 0x00, 0x00, 0x00, 0x00, 0x00, 0x00, 0x00, 0x00, 0x00, 0x00, 0x00, 0x00, 0x00, 0x00, 0x00,
  0x00, 0x00, 0x00, 0x00, 0x00, 0x00, 0x00, 0x00, 0x00, 0x00, 0x00, 0x00, 0x00, 0x00, 0x00, 0x00,
  0x00, 0x00, 0x00, 0x00, 0x00, 0x00, 0x00, 0x00, 0x00, 0x00, 0x00, 0x00, 0x00, 0x00, 0x00, 0x00,
  0x00, 0x00, 0x00, 0x00, 0x00, 0x00, 0x00, 0x00, 0x00, 0x00, 0x00, 0x00, 0x00, 0x00, 0x00, 0x00,
  0x00, 0x00, 0x00, 0x00, 0x00, 0x00, 0x00, 0x00, 0x00, 0x00, 0x00, 0x00, 0x00, 0x00, 0x00, 0x00,
  0x00, 0x00, 0x00, 0x00, 0x00, 0x00, 0x00, 0x00, 0x00, 0x00, 0x00, 0x00, 0x00, 0x00, 0x00, 0x00,
  0x00, 0x00, 0x00, 0x00, 0x40, 0xB6, 0x05, 0x00, 0x58, 0xFF, 0x77, 0x00, 0xF2, 0xFF, 0xDF, 0x02,
  0xBD, 0xB7, 0xF9, 0x05, 0x9E, 0x92, 0x68, 0x06, 0x0B, 0x00, 0x20, 0x03, 0x01, 0x00, 0x00, 0x01,
  0x00, 0x00, 0x00, 0x00, 0x00, 0x00, 0x00, 0x00, 0x00, 0x00, 0x00, 0x00, 0x00, 0x00, 0x00, 0x00,
  0x00, 0x00, 0x00, 0x00, 0x00, 0x00, 0x00, 0x00, 0x00, 0x00, 0x00, 0x00, 0x00, 0x00, 0x00, 0x00,
  0x00, 0x00, 0x00, 0x00, 0x00, 0x00, 0x00, 0x00, 0x00, 0x00, 0x00, 0x00, 0x00, 0x00, 0x00, 0x00,
  0x00, 0x00, 0x00, 0x00, 0x00, 0x00, 0x00, 0x00, 0x00, 0x00, 0x00, 0x00, 0x00, 0x00, 0x00, 0x00,
  0x00, 0x00, 0x00, 0x00, 0x00, 0x00, 0x00, 0x00, 0x00, 0x00, 0x00, 0x00, 0x00, 0x00, 0x00, 0x00,
  0x00, 0x00, 0x00, 0x00, 0x00, 0x00, 0x00, 0x00, 0x00, 0x00, 0x00, 0x00, 0x00, 0x00, 0x00, 0x00,
  0x00, 0x00, 0x00, 0x00, 0x00, 0x00, 0x00, 0x00, 0x00, 0x00, 0x00, 0x00, 0x00, 0x00, 0x00, 0x00,
  0x00, 0x00, 0x00, 0x00, 0x00, 0x00, 0x00, 0x00, 0x00, 0x00, 0x00, 0x00, 0x00, 0x00, 0x00, 0x00,
  0x00, 0x00, 0x00, 0x00, 0x00, 0x00, 0x00, 0x00, 0x00, 0x00, 0x00, 0x00, 0x00, 0x00, 0x00, 0x00,
  0x00, 0x00, 0x00, 0x00, 0x00, 0x00, 0x00, 0x00, 0x00, 0x00, 0x00, 0x00, 0x00, 0x00, 0x00, 0x00,
  0x00, 0x00, 0x00, 0x00, 0x00, 0x00, 0x00, 0x00, 0x00, 0x00, 0x00, 0x00, 0x00, 0x00, 0x00, 0x00,
  0x00, 0x00, 0x00, 0x00, 0x00, 0x00, 0x00, 0x00, 0x00, 0x00, 0x00, 0x00, 0x00, 0x00, 0x00, 0x00,
  0x00, 0x00, 0x00, 0x00, 0x00, 0x00, 0x00, 0x00, 0x00, 0x00, 0x00, 0x00, 0x00, 0x00, 0x00, 0x00,
  0x00, 0x00, 0x00, 0x00, 0x00, 0x00, 0x00, 0x00, 0x00, 0x00, 0x00, 0x00, 0x00, 0x00, 0x00, 0x00,
  0x00, 0x00, 0x00, 0x00, 0x00, 0x00, 0x00, 0x00, 0x00, 0x00, 0x00, 0x00, 0x00, 0x00, 0x00, 0x00,
  0x00, 0x00, 0x00, 0x00, 0x40, 0xB6, 0x05, 0x00, 0xC8, 0x6C, 0x2F, 0x00, 0xE9, 0xFF, 0xBF, 0x01,
  0xFB, 0xFF, 0xFF, 0x03, 0xBE, 0xB7, 0xF9, 0x06, 0x5F, 0x00, 0x64, 0x07, 0x01, 0x00, 0x00, 0x01,
  0x01, 0x00, 0x00, 0x01, 0x00, 0x00, 0x00, 0x00, 0x00, 0x00, 0x00, 0x00, 0x00, 0x00, 0x00, 0x00,
  0x00, 0x00, 0x00, 0x00, 0x00, 0x00, 0x00, 0x00, 0x00, 0x00, 0x00, 0x00, 0x00, 0x00, 0x00, 0x00,
  0x00, 0x00, 0x00, 0x00, 0x00, 0x00, 0x00, 0x00, 0x00, 0x00, 0x00, 0x00, 0x00, 0x00, 0x00, 0x00,
  0x00, 0x00, 0x00, 0x00, 0x00, 0x00, 0x00, 0x00, 0x00, 0x00, 0x00, 0x00, 0x00, 0x00, 0x00, 0x00,
  0x00, 0x00, 0x00, 0x00, 0x00, 0x00, 0x00, 0x00, 0x00, 0x00, 0x00, 0x00, 0x00, 0x00, 0x00, 0x00,
  0x00, 0x00, 0x00, 0x00, 0x00, 0x00, 0x00, 0x00, 0x00, 0x00, 0x00, 0x00, 0x00, 0x00, 0x00, 0x00,
  0x00, 0x00, 0x00, 0x00, 0x00, 0x00, 0x00, 0x00, 0x00, 0x00, 0x00, 0x00, 0x00, 0x00, 0x00, 0x00,
  0x00, 0x00, 0x00, 0x00, 0x00, 0x00, 0x00, 0x00, 0x00, 0x00, 0x00, 0x00, 0x00, 0x00, 0x00, 0x00,
  0x00, 0x00, 0x00, 0x00, 0x00, 0x00, 0x00, 0x00, 0x00, 0x00, 0x00, 0x00, 0x00, 0x00, 0x00, 0x00,
  0x00, 0x00, 0x00, 0x00, 0x00, 0x00, 0x00, 0x00, 0x00, 0x00, 0x00, 0x00, 0x00, 0x00, 0x00, 0x00,
  0x00, 0x00, 0x00, 0x00, 0x00, 0x00, 0x00, 0x00, 0x00, 0x00, 0x00, 0x00, 0x00, 0x00, 0x00, 0x00,
  0x00, 0x00, 0x00, 0x00, 0x00, 0x00, 0x00, 0x00, 0x00, 0x00, 0x00, 0x00, 0x00, 0x00, 0x00, 0x00,
  0x00, 0x00, 0x00, 0x00, 0x00, 0x00, 0x00, 0x00, 0x00, 0x00, 0x00, 0x00, 0x00, 0x00, 0x00, 0x00,
  0x00, 0x00, 0x00, 0x00, 0x00, 0x00, 0x00, 0x00, 0x00, 0x00, 0x00, 0x00, 0x00, 0x00, 0x00, 0x00,
  0x00, 0x00, 0x00, 0x00, 0x00, 0x00, 0x00, 0x00, 0x00, 0x00, 0x00, 0x00, 0x00, 0x00, 0x00, 0x00,
  0x00, 0x00, 0x00, 0x00, 0x00, 0x24, 0x01, 0x00, 0x40, 0xB6, 0x05, 0x00, 0xD8, 0xFF, 0x7F, 0x00,
  0xF3, 0xFF, 0xDF, 0x03, 0xFD, 0x6D, 0xFF, 0x05, 0xF7, 0x24, 0xCD, 0x07, 0x0B, 0x00, 0x20, 0x03,
  0x01, 0x00, 0x00, 0x01, 0x00, 0x00, 0x00, 0x00, 0x00, 0x00, 0x00, 0x00, 0x00, 0x00, 0x00, 0x00,
  0x00, 0x00, 0x00, 0x00, 0x00, 0x00, 0x00, 0x00, 0x00, 0x00, 0x00, 0x00, 0x00, 0x00, 0x00, 0x00,
  0x00, 0x00, 0x00, 0x00, 0x00, 0x00, 0x00, 0x00, 0x00, 0x00, 0x00, 0x00, 0x00, 0x00, 0x00, 0x00,
  0x00, 0x00, 0x00, 0x00, 0x00, 0x00, 0x00, 0x00, 0x00, 0x00, 0x00, 0x00, 0x00, 0x00, 0x00, 0x00,
  0x00, 0x00, 0x00, 0x00, 0x00, 0x00, 0x00, 0x00, 0x00, 0x00, 0x00, 0x00, 0x00, 0x00, 0x00, 0x00,
  0x00, 0x00, 0x00, 0x00, 0x00, 0x00, 0x00, 0x00, 0x00, 0x00, 0x00, 0x00, 0x00, 0x00, 0x00, 0x00,
  0x00, 0x00, 0x00, 0x00, 0x00, 0x00, 0x00, 0x00, 0x00, 0x00, 0x00, 0x00, 0x00, 0x00, 0x00, 0x00,
  0x00, 0x00, 0x00, 0x00, 0x00, 0x00, 0x00, 0x00, 0x00, 0x00, 0x00, 0x00, 0x00, 0x00, 0x00, 0x00,
  0x00, 0x00, 0x00, 0x00, 0x00, 0x00, 0x00, 0x00, 0x00, 0x00, 0x00, 0x00, 0x00, 0x00, 0x00, 0x00,
  0x00, 0x00, 0x00, 0x00, 0x00, 0x00, 0x00, 0x00, 0x00, 0x00, 0x00, 0x00, 0x00, 0x00, 0x00, 0x00,
  0x00, 0x00, 0x00, 0x00, 0x00, 0x00, 0x00, 0x00, 0x00, 0x00, 0x00, 0x00, 0x00, 0x00, 0x00, 0x00,
  0x00, 0x00, 0x00, 0x00, 0x00, 0x00, 0x00, 0x00, 0x00, 0x00, 0x00, 0x00, 0x00, 0x00, 0x00, 0x00,
  0x00, 0x00, 0x00, 0x00, 0x00, 0x00, 0x00, 0x00, 0x00, 0x00, 0x00, 0x00, 0x00, 0x00, 0x00, 0x00,
  0x00, 0x00, 0x00, 0x00, 0x00, 0x00, 0x00, 0x00, 0x00, 0x00, 0x00, 0x00, 0x00, 0x00, 0x00, 0x00,
  0x00, 0x00, 0x00, 0x00, 0x00, 0x00, 0x00, 0x00, 0x00, 0x00, 0x00, 0x00, 0x00, 0x00, 0x00, 0x00,
  0x00, 0x00, 0x00, 0x00, 0x00, 0x00, 0x00, 0x00, 0x00, 0x92, 0x00, 0x00, 0xC8, 0xFE, 0x2F, 0x00,
  0xD8, 0xFF, 0x7F, 0x00, 0xFB, 0x6D, 0xFF, 0x03, 0x7F, 0xB7, 0xF5, 0x07, 0x6F, 0x00, 0xA4, 0x07,
  0x06, 0x00, 0x00, 0x06, 0x01, 0x60, 0x00, 0x01, 0x00, 0x70, 0x00, 0x00, 0x00, 0x70, 0x00, 0x00,
  0x00, 0x70, 0x00, 0x00, 0x00, 0x70, 0x00, 0x00, 0x00, 0x70, 0x00, 0x00, 0x00, 0x70, 0x00, 0x00,
  0x00, 0x70, 0x00, 0x00, 0x00, 0x70, 0x00, 0x00, 0x00, 0x50, 0x00, 0x00, 0x00, 0x50, 0x00, 0x00,
  0x00, 0xA2, 0x00, 0x00, 0x00, 0x8A, 0x02, 0x00, 0x00, 0x0C, 0x03, 0x00, 0x40, 0x8E, 0x07, 0x00,
  0xC0, 0x04, 0x0D, 0x00, 0x80, 0x01, 0x18, 0x00, 0xC0, 0x01, 0x1C, 0x00, 0xD0, 0x01, 0x5C, 0x00,
  0xE0, 0x01, 0x9C, 0x00, 0xF8, 0x00, 0xEC, 0x00, 0x38, 0x01, 0xF0, 0x00, 0x38, 0x01, 0xF0, 0x00,
  0x7A, 0x00, 0xE4, 0x02, 0x7A, 0x00, 0xE4, 0x02, 0x3A, 0x00, 0xE0, 0x02, 0x3C, 0x00, 0xE0, 0x04,
  0x3C, 0x00, 0xE0, 0x04, 0x3E, 0x00, 0xE0, 0x06, 0x3E, 0x00, 0xE0, 0x06, 0x3F, 0x00, 0xE0, 0x07,
  0x3F, 0x00, 0xE0, 0x07, 0x3F, 0x00, 0xE0, 0x07, 0x3F, 0x00, 0xE0, 0x07, 0x3F, 0x00, 0xE0, 0x07,
  0x3F, 0x00, 0xE0, 0x07, 0x3F, 0x00, 0xE0, 0x07, 0x1B, 0x00, 0x60, 0x03, 0x09, 0x00, 0x20, 0x01,
  0x00, 0x00, 0x00, 0x00, 0x00, 0x00, 0x00, 0x00, 0x00, 0x00, 0x00, 0x00, 0x00, 0x00, 0x00, 0x00,
  0x00, 0x00, 0x00, 0x00, 0x00, 0x00, 0x00, 0x00, 0x00, 0x00, 0x00, 0x00, 0x00, 0x00, 0x00, 0x00,
  0x00, 0x00, 0x00, 0x00, 0x00, 0x00, 0x00, 0x00, 0x00, 0x00, 0x00, 0x00, 0x00, 0x00, 0x00, 0x00,
  0x00, 0x00, 0x00, 0x00, 0x00, 0x00, 0x00, 0x00, 0x00, 0x00, 0x00, 0x00, 0x00, 0x00, 0x00, 0x00,
  0x00, 0x00, 0x00, 0x00, 0x00, 0x00, 0x00, 0x00, 0x00, 0x00, 0x00, 0x00, 0x00, 0x00, 0x00, 0x00,
  0x00, 0x00, 0x00, 0x00, 0x00, 0x00, 0x00, 0x00, 0x00, 0xB2, 0x00, 0x00, 0x40, 0xB6, 0x05, 0x00,
  0x48, 0xFF, 0x37, 0x00, 0xD8, 0xFF, 0x7F, 0x00, 0xFB, 0xA7, 0xFD, 0x03, 0xFF, 0x00, 0xEC, 0x07,
  0x1F, 0x00, 0x60, 0x07, 0x05, 0x50, 0x00, 0x05, 0x03, 0x60, 0x00, 0x03, 0x00, 0x60, 0x00, 0x00,
  0x00, 0x70, 0x00, 0x00, 0x00, 0x70, 0x00, 0x00, 0x00, 0x70, 0x00, 0x00, 0x00, 0x70, 0x00, 0x00,
  0x00, 0x70, 0x00, 0x00, 0x00, 0x70, 0x00, 0x00, 0x00, 0x70, 0x00, 0x00, 0x00, 0x70, 0x00, 0x00,
  0x00, 0x50, 0x00, 0x00, 0x00, 0x50, 0x00, 0x00, 0x00, 0x40, 0x00, 0x00, 0x00, 0x96, 0x01, 0x00,
  0x00, 0x8A, 0x02, 0x00, 0x00, 0x0C, 0x03, 0x00, 0x40, 0x8A, 0x06, 0x00, 0x80, 0x0C, 0x0B, 0x00,
  0x80, 0x83, 0x18, 0x00, 0xC0, 0x05, 0x1D, 0x00, 0xC0, 0x83, 0x1C, 0x00, 0xD8, 0x01, 0x7C, 0x00,
  0xE0, 0x01, 0x9C, 0x00, 0xF8, 0x01, 0xFC, 0x00, 0xF8, 0x01, 0xFC, 0x00, 0xF8, 0x01, 0xFC, 0x00,
  0xF8, 0x01, 0xFC, 0x00, 0xF8, 0x01, 0xFC, 0x00, 0xF8, 0x01, 0xFC, 0x00, 0xF8, 0x01, 0xFC, 0x00,
  0xF8, 0x01, 0xFC, 0x00, 0xF8, 0x01, 0xFC, 0x00, 0x78, 0x01, 0xF4, 0x00, 0x78, 0x01, 0xF4, 0x00,
  0xFA, 0x00, 0xEC, 0x02, 0xFA, 0x00, 0xEC, 0x02, 0xFA, 0x00, 0xEC, 0x02, 0xFA, 0x00, 0xEC, 0x02,
  0xFA, 0x00, 0xEC, 0x02, 0xF5, 0x00, 0xCC, 0x05, 0x3F, 0x00, 0xE0, 0x07, 0x3F, 0x00, 0xE0, 0x07,
  0x12, 0x00, 0x40, 0x02, 0x09, 0x00, 0x20, 0x01, 0x00, 0x00, 0x00, 0x00, 0x00, 0x00, 0x00, 0x00,
  0x00, 0x00, 0x00, 0x00, 0x00, 0x00, 0x00, 0x00, 0x00, 0x00, 0x00, 0x00, 0x00, 0x00, 0x00, 0x00,
  0x00, 0x00, 0x00, 0x00, 0x00, 0x00, 0x00, 0x00, 0x00, 0x00, 0x00, 0x00, 0x00, 0x00, 0x00, 0x00,
  0x00, 0x00, 0x00, 0x00, 0x00, 0x00, 0x00, 0x00, 0x00, 0x00, 0x00, 0x00, 0x00, 0x00, 0x00, 0x00,
  0x00, 0x00, 0x00, 0x00, 0x00, 0x00, 0x00, 0x00, 0x00, 0xA2, 0x00, 0x00, 0x00, 0xB2, 0x00, 0x00,
  0x40, 0xFE, 0x07, 0x00, 0xC8, 0xFF, 0x3F, 0x00, 0xC8, 0x93, 0x7C, 0x00, 0x7A, 0x15, 0xF5, 0x02,
  0x8F, 0x00, 0x28, 0x07, 0x1F, 0x40, 0x60, 0x07, 0x0E, 0x40, 0x20, 0x06, 0x02, 0x50, 0x00, 0x02,
  0x01, 0x60, 0x00, 0x01, 0x00, 0x60, 0x00, 0x00, 0x00, 0x70, 0x00, 0x00, 0x00, 0x70, 0x00, 0x00,
  0x00, 0x70, 0x00, 0x00, 0x00, 0x70, 0x00, 0x00, 0x00, 0x70, 0x00, 0x00, 0x00, 0x70, 0x00, 0x00,
  0x00, 0x70, 0x00, 0x00, 0x00, 0x70, 0x00, 0x00, 0x00, 0x50, 0x00, 0x00, 0x00, 0x50, 0x00, 0x00,
  0x00, 0x50, 0x00, 0x00, 0x00, 0xC2, 0x00, 0x00, 0x00, 0x14, 0x01, 0x00, 0x00, 0x8A, 0x02, 0x00,
  0x00, 0x8E, 0x03, 0x00, 0x80, 0x8E, 0x0B, 0x00, 0x80, 0x8A, 0x0A, 0x00, 0x80, 0x0C, 0x0B, 0x00,
  0xC0, 0x09, 0x1E, 0x00, 0xC0, 0x87, 0x1D, 0x00, 0xC0, 0x83, 0x1C, 0x00, 0xC0, 0x05, 0x1D, 0x00,
  0xD0, 0x83, 0x5C, 0x00, 0xD0, 0x83, 0x5C, 0x00, 0xD0, 0x01, 0x5C, 0x00, 0xD0, 0x01, 0x5C, 0x00,
  0xD0, 0x01, 0x5C, 0x00, 0xD0, 0x01, 0x5C, 0x00, 0xD0, 0x01, 0x5C, 0x00, 0xD0, 0x01, 0x5C, 0x00,
  0xD0, 0x01, 0x5C, 0x00, 0xD0, 0x01, 0x5C, 0x00, 0xD8, 0x01, 0x7C, 0x00, 0xD8, 0x01, 0x7C, 0x00,
  0xD8, 0x01, 0x7C, 0x00, 0xD8, 0x01, 0x7C, 0x00, 0xD8, 0x01, 0x7C, 0x00, 0xD8, 0x01, 0x7C, 0x00,
  0xFA, 0x01, 0xFC, 0x02, 0xBA, 0x00, 0xE8, 0x02, 0x7F, 0x00, 0xE4, 0x07, 0x12, 0x00, 0x40, 0x02,
  0x12, 0x00, 0x40, 0x02, 0x09, 0x00, 0x20, 0x01, 0x00, 0x00, 0x00, 0x00, 0x00, 0x00, 0x00, 0x00,
  0x00, 0x00, 0x00, 0x00, 0x00, 0x00, 0x00, 0x00, 0x00, 0x00, 0x00, 0x00, 0x00, 0x00, 0x00, 0x00,
  0x00, 0x00, 0x00, 0x00, 0x00, 0x00, 0x00, 0x00, 0x00, 0x00, 0x00, 0x00, 0x00, 0x00, 0x00, 0x00,
  0x00, 0x00, 0x00, 0x00, 0x00, 0x00, 0x00, 0x00, 0x00, 0x00, 0x00, 0x00, 0x00, 0xA2, 0x00, 0x00,
  0x00, 0x54, 0x01, 0x00, 0x40, 0xF6, 0x05, 0x00, 0x80, 0xDE, 0x0B, 0x00, 0xD0, 0xBB, 0x5E, 0x00,
  0xD8, 0xA3, 0xBC, 0x00, 0xFB, 0xA2, 0xEC, 0x03, 0x0F, 0x30, 0x20, 0x07, 0x17, 0x40, 0x40, 0x07,
  0x05, 0x40, 0x00, 0x05, 0x01, 0x50, 0x00, 0x01, 0x01, 0x60, 0x00, 0x01, 0x00, 0x60, 0x00, 0x00,
  0x00, 0x70, 0x00, 0x00, 0x00, 0x70, 0x00, 0x00, 0x00, 0x70, 0x00, 0x00, 0x00, 0x70, 0x00, 0x00,
  0x00, 0x70, 0x00, 0x00, 0x00, 0x70, 0x00, 0x00, 0x00, 0x70, 0x00, 0x00, 0x00, 0x70, 0x00, 0x00,
  0x00, 0x60, 0x00, 0x00, 0x00, 0x60, 0x00, 0x00, 0x00, 0x60, 0x00, 0x00, 0x00, 0x50, 0x00, 0x00,
  0x00, 0xB2, 0x00, 0x00, 0x00, 0x04, 0x01, 0x00, 0x00, 0x8A, 0x02, 0x00, 0x00, 0x8E, 0x03, 0x00,
  0x00, 0x8E, 0x03, 0x00, 0x00, 0x8E, 0x03, 0x00, 0x40, 0x8E, 0x07, 0x00, 0xC0, 0x8E, 0x0F, 0x00,
  0x00, 0x8F, 0x13, 0x00, 0xC0, 0x8F, 0x1F, 0x00, 0xC0, 0x8F, 0x1F, 0x00, 0xC0, 0x0D, 0x1F, 0x00,
  0xC0, 0x8B, 0x1E, 0x00, 0xC0, 0x8B, 0x1E, 0x00, 0xC0, 0x8B, 0x1E, 0x00, 0xC0, 0x8B, 0x1E, 0x00,
  0xC0, 0x8B, 0x1E, 0x00, 0xC0, 0x8B, 0x1E, 0x00, 0xC0, 0x8B, 0x1E, 0x00, 0xC0, 0x8B, 0x1E, 0x00,
  0xC0, 0x87, 0x1D, 0x00, 0xC0, 0x87, 0x1D, 0x00, 0xC0, 0x87, 0x1D, 0x00, 0xC0, 0x87, 0x1D, 0x00,
  0xC0, 0x87, 0x1D, 0x00, 0xC0, 0x87, 0x1D, 0x00, 0xE0, 0x87, 0x9D, 0x00, 0xD0, 0x01, 0x5C, 0x00,
  0xF9, 0x01, 0xFC, 0x01, 0xFE, 0x01, 0xFC, 0x06, 0xBF, 0x00, 0xE8, 0x07, 0xBF, 0x00, 0xE8, 0x07,
  0x36, 0x00, 0xC0, 0x06, 0x01, 0x00, 0x00, 0x01, 0x00, 0x00, 0x00, 0x00, 0x00, 0x00, 0x00, 0x00,
  0x00, 0x00, 0x00, 0x00, 0x00, 0x00, 0x00, 0x00, 0x00, 0x00, 0x00, 0x00, 0x00, 0x00, 0x00, 0x00,
  0x00, 0x00, 0x00, 0x00, 0x00, 0x00, 0x00, 0x00, 0x00, 0x00, 0x00, 0x00, 0x00, 0x00, 0x00, 0x00,
  0x00, 0x00, 0x00, 0x00, 0x00, 0xA2, 0x00, 0x00, 0x00, 0x54, 0x01, 0x00, 0x40, 0xF6, 0x05, 0x00,
  0x80, 0xDE, 0x0B, 0x00, 0xD0, 0xBB, 0x5E, 0x00, 0xD8, 0xA3, 0xBC, 0x00, 0xFB, 0xA2, 0xEC, 0x03,
  0x0F, 0x30, 0x20, 0x07, 0x17, 0x40, 0x40, 0x07, 0x05, 0x40, 0x00, 0x05, 0x01, 0x50, 0x00, 0x01,
  0x01, 0x60, 0x00, 0x01, 0x00, 0x60, 0x00, 0x00, 0x00, 0x70, 0x00, 0x00, 0x00, 0x70, 0x00, 0x00,
  0x00, 0x70, 0x00, 0x00, 0x00, 0x70, 0x00, 0x00, 0x00, 0x70, 0x00, 0x00, 0x00, 0x70, 0x00, 0x00,
  0x00, 0x70, 0x00, 0x00, 0x00, 0x70, 0x00, 0x00, 0x00, 0x70, 0x00, 0x00, 0x00, 0x70, 0x00, 0x00,
  0x00, 0x70, 0x00, 0x00, 0x00, 0x70, 0x00, 0x00, 0x00, 0x60, 0x00, 0x00, 0x00, 0xA2, 0x00, 0x00,
  0x00, 0x14, 0x01, 0x00, 0x00, 0x1C, 0x03, 0x00, 0x00, 0x1C, 0x03, 0x00, 0x00, 0x8E, 0x03, 0x00,
  0x00, 0x8E, 0x03, 0x00, 0x00, 0x8E, 0x03, 0x00, 0x00, 0x8E, 0x03, 0x00, 0x40, 0x8E, 0x07, 0x00,
  0xC0, 0x8E, 0x0F, 0x00, 0xC0, 0x8E, 0x0F, 0x00, 0xC0, 0x8E, 0x0F, 0x00, 0xC0, 0x8E, 0x0F, 0x00,
  0xC0, 0x8E, 0x0F, 0x00, 0xC0, 0x8E, 0x0F, 0x00, 0xC0, 0x8E, 0x0F, 0x00, 0xC0, 0x8E, 0x0F, 0x00,
  0xC0, 0x8E, 0x0F, 0x00, 0xC0, 0x8E, 0x0F, 0x00, 0xC0, 0x8E, 0x0F, 0x00, 0xC0, 0x8E, 0x0F, 0x00,
  0xC0, 0x8E, 0x0F, 0x00, 0xC0, 0x8E, 0x0F, 0x00, 0xC0, 0x8E, 0x0F, 0x00, 0xC0, 0x8E, 0x0F, 0x00,
  0x40, 0x8F, 0x17, 0x00, 0xC0, 0x8F, 0x1F, 0x00, 0xC8, 0x05, 0x3D, 0x00, 0xD8, 0x05, 0x7D, 0x00,
  0xE8, 0x05, 0xBD, 0x00, 0xEB, 0x05, 0xBD, 0x03, 0xFF, 0x01, 0xFC, 0x07, 0xB7, 0x00, 0xC8, 0x07,
  0x17, 0x00, 0x40, 0x07, 0x01, 0x00, 0x00, 0x01, 0x00, 0x00, 0x00, 0x00, 0x01, 0x00, 0x00, 0x01,
  0x01, 0x00, 0x00, 0x01, 0x01, 0x00, 0x00, 0x01, 0x00, 0x00, 0x00, 0x00, 0x00, 0x00, 0x00, 0x00,
  0x00, 0x00, 0x00, 0x00, 0x00, 0x00, 0x00, 0x00, 0x00, 0x00, 0x00, 0x00, 0x00, 0x00, 0x00, 0x00,
  0x00, 0xA2, 0x00, 0x00, 0x00, 0xB2, 0x00, 0x00, 0x40, 0xFE, 0x07, 0x00, 0xC8, 0xFF, 0x3F, 0x00,
  0xD8, 0x93, 0x7C, 0x00, 0x7A, 0x15, 0xF5, 0x02, 0x9F, 0x00, 0x68, 0x07, 0x1F, 0x40, 0x60, 0x07,
  0x0E, 0x40, 0x20, 0x06, 0x02, 0x50, 0x00, 0x02, 0x01, 0x60, 0x00, 0x01, 0x00, 0x60, 0x00, 0x00,
  0x00, 0x70, 0x00, 0x00, 0x00, 0x70, 0x00, 0x00, 0x00, 0x70, 0x00, 0x00, 0x00, 0x70, 0x00, 0x00,
  0x00, 0x70, 0x00, 0x00, 0x00, 0x70, 0x00, 0x00, 0x00, 0x70, 0x00, 0x00, 0x00, 0x70, 0x00, 0x00,
  0x00, 0x70, 0x00, 0x00, 0x00, 0x70, 0x00, 0x00, 0x00, 0x70, 0x00, 0x00, 0x00, 0x70, 0x00, 0x00,
  0x00, 0x70, 0x00, 0x00, 0x00, 0x70, 0x00, 0x00, 0x00, 0x70, 0x00, 0x00, 0x00, 0x74, 0x01, 0x00,
  0x00, 0x74, 0x01, 0x00, 0x00, 0x5C, 0x03, 0x00, 0x00, 0xFE, 0x03, 0x00, 0x00, 0xFE, 0x03, 0x00,
  0x00, 0xFE, 0x03, 0x00, 0x00, 0xFE, 0x03, 0x00, 0x00, 0xFE, 0x03, 0x00, 0x00, 0xEE, 0x03, 0x00,
  0x00, 0xEE, 0x03, 0x00, 0x00, 0xEE, 0x03, 0x00, 0x00, 0xEE, 0x03, 0x00, 0x00, 0xEE, 0x03, 0x00,
  0x00, 0xEE, 0x03, 0x00, 0x00, 0xEE, 0x03, 0x00, 0x00, 0xEE, 0x03, 0x00, 0x00, 0xEE, 0x03, 0x00,
  0x00, 0xEE, 0x03, 0x00, 0x00, 0xEE, 0x03, 0x00, 0x00, 0xEE, 0x03, 0x00, 0x00, 0xEE, 0x03, 0x00,
  0x00, 0xEE, 0x03, 0x00, 0x00, 0xEE, 0x03, 0x00, 0x00, 0xAE, 0x03, 0x00, 0x00, 0x9E, 0x03, 0x00,
  0x00, 0x9E, 0x03, 0x00, 0x40, 0x9E, 0x07, 0x00, 0x00, 0x9F, 0x13, 0x00, 0x00, 0x9F, 0x13, 0x00,
  0xF8, 0x87, 0xFD, 0x00, 0xFF, 0x0D, 0xFF, 0x07, 0xFF, 0x05, 0xFD, 0x07, 0xBF, 0x00, 0xE8, 0x07,
  0xBF, 0x00, 0xE8, 0x07, 0x1F, 0x00, 0x60, 0x07, 0x13, 0x00, 0x40, 0x03, 0x0B, 0x00, 0x20, 0x03,
  0x00, 0x00, 0x00, 0x00, 0x00, 0x00, 0x00, 0x00, 0x00, 0x00, 0x00, 0x00, 0x00, 0x00, 0x00, 0x00,
  0x00, 0x00, 0x00, 0x00, 0x00, 0x00, 0x00, 0x00, 0x00, 0x00, 0x00, 0x00, 0x00, 0x00, 0x00, 0x00,
  0x00, 0xB2, 0x00, 0x00, 0x40, 0xB6, 0x05, 0x00, 0x48, 0xFF, 0x37, 0x00, 0xD8, 0xFF, 0x7F, 0x00,
  0xFB, 0xA7, 0xFD, 0x03, 0x3F, 0x00, 0xE0, 0x07, 0x1F, 0x00, 0x60, 0x07, 0x05, 0x50, 0x00, 0x05,
  0x01, 0x60, 0x00, 0x01, 0x00, 0x60, 0x00, 0x00, 0x00, 0x70, 0x00, 0x00, 0x00, 0x70, 0x00, 0x00,
  0x00, 0x70, 0x00, 0x00, 0x00, 0x70, 0x00, 0x00, 0x00, 0x70, 0x00, 0x00, 0x00, 0x70, 0x00, 0x00,
  0x00, 0x70, 0x00, 0x00, 0x00, 0x70, 0x00, 0x00, 0x00, 0x70, 0x00, 0x00, 0x00, 0x70, 0x00, 0x00,
  0x00, 0x70, 0x00, 0x00, 0x00, 0x70, 0x00, 0x00, 0x00, 0x70, 0x00, 0x00, 0x00, 0x70, 0x00, 0x00,
  0x00, 0x70, 0x00, 0x00, 0x00, 0x70, 0x00, 0x00, 0x00, 0xF2, 0x00, 0x00, 0x00, 0xF2, 0x00, 0x00,
  0x00, 0x74, 0x01, 0x00, 0x00, 0xF6, 0x01, 0x00, 0x00, 0xF6, 0x01, 0x00, 0x00, 0xF6, 0x01, 0x00,
  0x00, 0x78, 0x02, 0x00, 0x00, 0x78, 0x02, 0x00, 0x00, 0x78, 0x02, 0x00, 0x00, 0x78, 0x02, 0x00,
  0x00, 0x78, 0x02, 0x00, 0x00, 0xFE, 0x03, 0x00, 0x00, 0xFE, 0x03, 0x00, 0x00, 0xFE, 0x03, 0x00,
  0x00, 0xFE, 0x03, 0x00, 0x00, 0xFE, 0x03, 0x00, 0x00, 0xFE, 0x03, 0x00, 0x00, 0xFE, 0x03, 0x00,
  0x00, 0xFE, 0x03, 0x00, 0x00, 0xFE, 0x03, 0x00, 0x00, 0xFE, 0x03, 0x00, 0x00, 0xFE, 0x03, 0x00,
  0x00, 0xEE, 0x03, 0x00, 0x00, 0xFE, 0x03, 0x00, 0x00, 0xFE, 0x03, 0x00, 0x00, 0xFE, 0x03, 0x00,
  0x00, 0xFE, 0x03, 0x00, 0x00, 0xFE, 0x03, 0x00, 0x40, 0xFF, 0x17, 0x00, 0xD0, 0xFF, 0x5F, 0x00,
  0xFF, 0xFF, 0xFF, 0x03, 0xFF, 0xFF, 0xFF, 0x07, 0xFF, 0xFF, 0xFF, 0x07, 0xFF, 0xFF, 0xFF, 0x07,
  0xFF, 0xFF, 0xFF, 0x07, 0x77, 0xA7, 0xD5, 0x07, 0x2E, 0x15, 0xB1, 0x06, 0x9C, 0x92, 0x68, 0x04,
  0x53, 0x00, 0x44, 0x03, 0x0A, 0x00, 0x20, 0x02, 0x00, 0x00, 0x00, 0x00, 0x00, 0x00, 0x00, 0x00,
  0x00, 0x00, 0x00, 0x00, 0x00, 0x00, 0x00, 0x00, 0x00, 0x00, 0x00, 0x00, 0x00, 0x00, 0x00, 0x00,
  0x40, 0xB6, 0x05, 0x00, 0xC8, 0xFE, 0x2F, 0x00, 0xD8, 0xFF, 0x7F, 0x00, 0xFB, 0x6D, 0xFF, 0x03,
  0x7F, 0x49, 0xF6, 0x07, 0x6F, 0x00, 0xA4, 0x07, 0x0B, 0x60, 0x20, 0x03, 0x01, 0x60, 0x00, 0x01,
  0x00, 0x70, 0x00, 0x00, 0x00, 0x70, 0x00, 0x00, 0x00, 0x70, 0x00, 0x00, 0x00, 0x70, 0x00, 0x00,
  0x00, 0x70, 0x00, 0x00, 0x00, 0x70, 0x00, 0x00, 0x00, 0x70, 0x00, 0x00, 0x00, 0x70, 0x00, 0x00,
  0x00, 0x70, 0x00, 0x00, 0x00, 0x70, 0x00, 0x00, 0x00, 0x70, 0x00, 0x00, 0x00, 0x70, 0x00, 0x00,
  0x00, 0x70, 0x00, 0x00, 0x00, 0x70, 0x00, 0x00, 0x00, 0x70, 0x00, 0x00, 0x00, 0x70, 0x00, 0x00,
  0x00, 0x70, 0x00, 0x00, 0x00, 0x70, 0x00, 0x00, 0x00, 0x70, 0x00, 0x00, 0x00, 0x70, 0x00, 0x00,
  0x00, 0x70, 0x00, 0x00, 0x00, 0x70, 0x00, 0x00, 0x00, 0x70, 0x00, 0x00, 0x00, 0x70, 0x00, 0x00,
  0x00, 0x70, 0x00, 0x00, 0x00, 0x70, 0x00, 0x00, 0x00, 0x70, 0x00, 0x00, 0x00, 0x70, 0x00, 0x00,
  0x00, 0x70, 0x00, 0x00, 0x00, 0x70, 0x00, 0x00, 0x00, 0x70, 0x00, 0x00, 0x00, 0x70, 0x00, 0x00,
  0x00, 0x70, 0x00, 0x00, 0x00, 0x70, 0x00, 0x00, 0x00, 0x70, 0x00, 0x00, 0x00, 0x70, 0x00, 0x00,
  0x00, 0x70, 0x00, 0x00, 0x00, 0x70, 0x00, 0x00, 0x00, 0xF2, 0x00, 0x00, 0x00, 0xF2, 0x00, 0x00,
  0x00, 0xF2, 0x00, 0x00, 0x00, 0xF2, 0x00, 0x00, 0x00, 0xF2, 0x00, 0x00, 0x00, 0x74, 0x01, 0x00,
  0x00, 0xFA, 0x02, 0x00, 0x40, 0xFE, 0x07, 0x00, 0xC8, 0xFF, 0x3F, 0x00, 0xFF, 0xFF, 0xFF, 0x07,
  0xFF, 0xFF, 0xFF, 0x07, 0xFF, 0xFF, 0xFF, 0x07, 0xFF, 0xFF, 0xFF, 0x07, 0xFF, 0xFF, 0xFF, 0x07,
  0xFF, 0xFF, 0xFF, 0x07, 0xFF, 0xFF, 0xFF, 0x07, 0xFF, 0xFF, 0xFF, 0x07, 0xFD, 0xFF, 0xFF, 0x05,
  0xFA, 0xFF, 0xFF, 0x02, 0x00, 0x00, 0x00, 0x00, 0x00, 0x00, 0x00, 0x00, 0x00, 0x00, 0x00, 0x00,
  0x00, 0x00, 0x00, 0x00, 0x00, 0x00, 0x00, 0x00, 0x00, 0x00, 0x00, 0x00, 0x00, 0x24, 0x01, 0x00,
  0x40, 0xB6, 0x05, 0x00, 0xD8, 0xFF, 0x7F, 0x00, 0xF3, 0xFF, 0xDF, 0x03, 0xFD, 0x6D, 0xFF, 0x05,
  0x1B, 0x00, 0x60, 0x03, 0x0B, 0x00, 0x20, 0x03, 0x01, 0x00, 0x00, 0x01, 0x00, 0x00, 0x00, 0x00,
  0x00, 0x00, 0x00, 0x00, 0x00, 0x00, 0x00, 0x00, 0x00, 0x00, 0x00, 0x00, 0x00, 0x00, 0x00, 0x00,
  0x00, 0x00, 0x00, 0x00, 0x00, 0x00, 0x00, 0x00, 0x00, 0x00, 0x00, 0x00, 0x00, 0x00, 0x00, 0x00,
  0x00, 0x00, 0x00, 0x00, 0x00, 0x00, 0x00, 0x00, 0x00, 0x00, 0x00, 0x00, 0x00, 0x00, 0x00, 0x00,
  0x00, 0x00, 0x00, 0x00, 0x00, 0x00, 0x00, 0x00, 0x00, 0x00, 0x00, 0x00, 0x00, 0x00, 0x00, 0x00,
  0x00, 0x00, 0x00, 0x00, 0x00, 0x00, 0x00, 0x00, 0x00, 0x00, 0x00, 0x00, 0x00, 0x00, 0x00, 0x00,
  0x00, 0x00, 0x00, 0x00, 0x00, 0x00, 0x00, 0x00, 0x00, 0x00, 0x00, 0x00, 0x00, 0x00, 0x00, 0x00,
  0x00, 0x00, 0x00, 0x00, 0x00, 0x00, 0x00, 0x00, 0x00, 0x00, 0x00, 0x00, 0x00, 0x00, 0x00, 0x00,
  0x00, 0x00, 0x00, 0x00, 0x00, 0x00, 0x00, 0x00, 0x00, 0x00, 0x00, 0x00, 0x00, 0x00, 0x00, 0x00,
  0x00, 0x00, 0x00, 0x00, 0x00, 0x00, 0x00, 0x00, 0x00, 0x00, 0x00, 0x00, 0x00, 0x00, 0x00, 0x00,
  0x00, 0x00, 0x00, 0x00, 0x00, 0x10, 0x00, 0x00, 0x00, 0x10, 0x00, 0x00, 0x00, 0x10, 0x00, 0x00,
  0x00, 0x10, 0x00, 0x00, 0x00, 0x20, 0x00, 0x00, 0x00, 0x10, 0x00, 0x00, 0x00, 0x10, 0x00, 0x00,
  0x00, 0x20, 0x00, 0x00, 0x00, 0xA2, 0x00, 0x00, 0x92, 0x24, 0x49, 0x02, 0x24, 0x49, 0x92, 0x04,
  0x24, 0x49, 0x92, 0x04, 0xFF, 0xFF, 0xFF, 0x07, 0xFF, 0xFF, 0xFF, 0x07, 0xFF, 0xFF, 0xFF, 0x07,
  0xFF, 0xFF, 0xFF, 0x07, 0xFF, 0xFF, 0xFF, 0x07, 0xFF, 0xFF, 0xFF, 0x07, 0x00, 0x00, 0x00, 0x00,
  0x00, 0x00, 0x00, 0x00, 0x00, 0x00, 0x00, 0x00, 0x00, 0x00, 0x00, 0x00, 0x00, 0x00, 0x00, 0x00,
  0x00, 0x00, 0x00, 0x00, 0x00, 0x00, 0x00, 0x00, 0x00, 0x00, 0x00, 0x00, 0x40, 0xB6, 0x05, 0x00,
  0xC8, 0x6C, 0x2F, 0x00, 0xE9, 0xFF, 0xBF, 0x01, 0xF7, 0x24, 0xCD, 0x07, 0xBE, 0xB7, 0xF9, 0x06,
  0x5F, 0x00, 0x64, 0x07, 0x01, 0x00, 0x00, 0x01, 0x01, 0x00, 0x00, 0x01, 0x00, 0x00, 0x00, 0x00,
  0x00, 0x00, 0x00, 0x00, 0x00, 0x00, 0x00, 0x00, 0x00, 0x00, 0x00, 0x00, 0x00, 0x00, 0x00, 0x00,
  0x00, 0x00, 0x00, 0x00, 0x00, 0x00, 0x00, 0x00, 0x00, 0x00, 0x00, 0x00, 0x00, 0x00, 0x00, 0x00,
  0x00, 0x00, 0x00, 0x00, 0x00, 0x00, 0x00, 0x00, 0x00, 0x00, 0x00, 0x00, 0x00, 0x00, 0x00, 0x00,
  0x00, 0x00, 0x00, 0x00, 0x00, 0x00, 0x00, 0x00, 0x00, 0x00, 0x00, 0x00, 0x00, 0x00, 0x00, 0x00,
  0x00, 0x00, 0x00, 0x00, 0x00, 0x00, 0x00, 0x00, 0x00, 0x00, 0x00, 0x00, 0x00, 0x00, 0x00, 0x00,
  0x00, 0x00, 0x00, 0x00, 0x00, 0x00, 0x00, 0x00, 0x00, 0x00, 0x00, 0x00, 0x00, 0x00, 0x00, 0x00,
  0x00, 0x00, 0x00, 0x00, 0x00, 0x00, 0x00, 0x00, 0x00, 0x00, 0x00, 0x00, 0x00, 0x00, 0x00, 0x00,
  0x00, 0x00, 0x00, 0x00, 0x00, 0x00, 0x00, 0x00, 0x00, 0x00, 0x00, 0x00, 0x00, 0x00, 0x00, 0x00,
  0x00, 0x00, 0x00, 0x00, 0x00, 0x00, 0x00, 0x00, 0x00, 0x00, 0x00, 0x00, 0x00, 0x00, 0x00, 0x00,
  0x00, 0x00, 0x00, 0x00, 0x00, 0x00, 0x00, 0x00, 0x00, 0x00, 0x00, 0x00, 0x00, 0x00, 0x00, 0x00,
  0x00, 0x00, 0x00, 0x00, 0x00, 0x00, 0x00, 0x00, 0x00, 0x00, 0x00, 0x00, 0x00, 0x00, 0x00, 0x00,
  0x00, 0x00, 0x00, 0x00, 0x00, 0x00, 0x00, 0x00, 0x00, 0x00, 0x00, 0x00, 0x24, 0x49, 0x92, 0x04,
  0xB4, 0x6D, 0xDB, 0x04, 0xFF, 0xFF, 0xFF, 0x07, 0xFF, 0xFF, 0xFF, 0x07, 0xFF, 0xFF, 0xFF, 0x07,
  0xFF, 0xFF, 0xFF, 0x07, 0x00, 0x00, 0x00, 0x00, 0x00, 0x00, 0x00, 0x00, 0x00, 0x00, 0x00, 0x00,
  0x00, 0x00, 0x00, 0x00, 0x00, 0x00, 0x00, 0x00, 0x00, 0x00, 0x00, 0x00, 0x00, 0x00, 0x00, 0x00,
  0x00, 0x00, 0x00, 0x00, 0x00, 0x00, 0x00, 0x00, 0x00, 0x00, 0x00, 0x00, 0x40, 0xB6, 0x05, 0x00,
  0xFB, 0xFF, 0xFF, 0x03, 0xF2, 0xFF, 0xDF, 0x02, 0xBD, 0xB7, 0xF9, 0x05, 0x9E, 0x92, 0x68, 0x06,
  0x0D, 0x00, 0x20, 0x05, 0x01, 0x00, 0x00, 0x01, 0x00, 0x00, 0x00, 0x00, 0x00, 0x00, 0x00, 0x00,
  0x00, 0x00, 0x00, 0x00, 0x00, 0x00, 0x00, 0x00, 0x00, 0x00, 0x00, 0x00, 0x00, 0x00, 0x00, 0x00,
  0x00, 0x00, 0x00, 0x00, 0x00, 0x00, 0x00, 0x00, 0x00, 0x00, 0x00, 0x00, 0x00, 0x00, 0x00, 0x00,
  0x00, 0x00, 0x00, 0x00, 0x00, 0x00, 0x00, 0x00, 0x00, 0x00, 0x00, 0x00, 0x00, 0x00, 0x00, 0x00,
  0x00, 0x00, 0x00, 0x00, 0x00, 0x00, 0x00, 0x00, 0x00, 0x00, 0x00, 0x00, 0x00, 0x00, 0x00, 0x00,
  0x00, 0x00, 0x00, 0x00, 0x00, 0x00, 0x00, 0x00, 0x00, 0x00, 0x00, 0x00, 0x00, 0x00, 0x00, 0x00,
  0x00, 0x00, 0x00, 0x00, 0x00, 0x00, 0x00, 0x00, 0x00, 0x00, 0x00, 0x00, 0x00, 0x00, 0x00, 0x00,
  0x00, 0x00, 0x00, 0x00, 0x00, 0x00, 0x00, 0x00, 0x00, 0x00, 0x00, 0x00, 0x00, 0x00, 0x00, 0x00,
  0x00, 0x00, 0x00, 0x00, 0x00, 0x00, 0x00, 0x00, 0x00, 0x00, 0x00, 0x00, 0x00, 0x00, 0x00, 0x00,
  0x00, 0x00, 0x00, 0x00, 0x00, 0x00, 0x00, 0x00, 0x00, 0x00, 0x00, 0x00, 0x00, 0x00, 0x00, 0x00,
  0x00, 0x00, 0x00, 0x00, 0x00, 0x00, 0x00, 0x00, 0x00, 0x00, 0x00, 0x00, 0x00, 0x00, 0x00, 0x00,
  0x00, 0x00, 0x00, 0x00, 0x00, 0x00, 0x00, 0x00, 0x00, 0x00, 0x00, 0x00, 0x00, 0x00, 0x00, 0x00,
  0x00, 0x00, 0x00, 0x00, 0x40, 0x92, 0x04, 0x00, 0x80, 0x24, 0x09, 0x00, 0x20, 0x49, 0x92, 0x00,
  0xF9, 0xFF, 0xFF, 0x01, 0xFF, 0xFF, 0xFF, 0x07, 0xFF, 0xFF, 0xFF, 0x07, 0x00, 0x00, 0x00, 0x00,
  0x00, 0x00, 0x00, 0x00, 0x00, 0x00, 0x00, 0x00, 0x00, 0x00, 0x00, 0x00, 0x00, 0x00, 0x00, 0x00,
  0x00, 0x00, 0x00, 0x00, 0x00, 0x00, 0x00, 0x00, 0x00, 0x00, 0x00, 0x00, 0x00, 0x00, 0x00, 0x00,
  0x00, 0x00, 0x00, 0x00, 0x00, 0x00, 0x00, 0x00, 0x58, 0xFF, 0x77, 0x00, 0x88, 0xB6, 0x29, 0x00,
  0x88, 0xFF, 0x3B, 0x00, 0xF3, 0xFF, 0xDF, 0x03, 0xFB, 0x14, 0xED, 0x03, 0x1D, 0x00, 0x60, 0x05,
  0x01, 0x00, 0x00, 0x01, 0x01, 0x00, 0x00, 0x01, 0x00, 0x00, 0x00, 0x00, 0x00, 0x00, 0x00, 0x00,
  0x00, 0x00, 0x00, 0x00, 0x00, 0x00, 0x00, 0x00, 0x00, 0x00, 0x00, 0x00, 0x00, 0x00, 0x00, 0x00,
  0x00, 0x00, 0x00, 0x00, 0x00, 0x00, 0x00, 0x00, 0x00, 0x00, 0x00, 0x00, 0x00, 0x00, 0x00, 0x00,
  0x00, 0x00, 0x00, 0x00, 0x00, 0x00, 0x00, 0x00, 0x00, 0x00, 0x00, 0x00, 0x00, 0x00, 0x00, 0x00,
  0x00, 0x00, 0x00, 0x00, 0x00, 0x00, 0x00, 0x00, 0x00, 0x00, 0x00, 0x00, 0x00, 0x00, 0x00, 0x00,
  0x00, 0x00, 0x00, 0x00, 0x00, 0x00, 0x00, 0x00, 0x00, 0x00, 0x00, 0x00, 0x00, 0x00, 0x00, 0x00,
  0x00, 0x00, 0x00, 0x00, 0x00, 0x00, 0x00, 0x00, 0x00, 0x00, 0x00, 0x00, 0x00, 0x00, 0x00, 0x00,
  0x00, 0x00, 0x00, 0x00, 0x00, 0x00, 0x00, 0x00, 0x00, 0x00, 0x00, 0x00, 0x00, 0x00, 0x00, 0x00,
  0x00, 0x00, 0x00, 0x00, 0x00, 0x00, 0x00, 0x00, 0x00, 0x00, 0x00, 0x00, 0x00, 0x00, 0x00, 0x00,
  0x00, 0x00, 0x00, 0x00, 0x00, 0x00, 0x00, 0x00, 0x00, 0x00, 0x00, 0x00, 0x00, 0x00, 0x00, 0x00,
  0x00, 0x00, 0x00, 0x00, 0x00, 0x00, 0x00, 0x00, 0x00, 0x00, 0x00, 0x00, 0x00, 0x00, 0x00, 0x00,
  0x00, 0x00, 0x00, 0x00, 0x00, 0x00, 0x00, 0x00, 0x00, 0x00, 0x00, 0x00, 0x00, 0x00, 0x00, 0x00,
  0x00, 0x00, 0x00, 0x00, 0x00, 0x92, 0x00, 0x00, 0x20, 0x49, 0x92, 0x00, 0xF8, 0xFF, 0xFF, 0x00,
  0xF8, 0xFF, 0xFF, 0x00, 0x00, 0x00, 0x00, 0x00, 0x00, 0x00, 0x00, 0x00, 0x00, 0x00, 0x00, 0x00,
  0x00, 0x00, 0x00, 0x00, 0x00, 0x00, 0x00, 0x00, 0x00, 0x00, 0x00, 0x00, 0x00, 0x00, 0x00, 0x00,
  0x00, 0x00, 0x00, 0x00, 0x00, 0x00, 0x00, 0x00, 0x00, 0x00, 0x00, 0x00, 0x00, 0x00, 0x00, 0x00,
  0x00, 0x00, 0x00, 0x00, 0x00, 0x00, 0x00, 0x00, 0x00, 0x00, 0x00, 0x00, 0x40, 0x58, 0x06, 0x00,
  0x80, 0xFF, 0x1B, 0x00, 0x70, 0x49, 0xD6, 0x00, 0xD8, 0x92, 0x6C, 0x00, 0x58, 0x92, 0x64, 0x00,
  0x08, 0x00, 0x20, 0x00, 0x00, 0x00, 0x00, 0x00, 0x00, 0x00, 0x00, 0x00, 0x00, 0x00, 0x00, 0x00,
  0x00, 0x00, 0x00, 0x00, 0x00, 0x00, 0x00, 0x00, 0x00, 0x00, 0x00, 0x00, 0x00, 0x00, 0x00, 0x00,
  0x00, 0x00, 0x00, 0x00, 0x00, 0x00, 0x00, 0x00, 0x00, 0x00, 0x00, 0x00, 0x00, 0x00, 0x00, 0x00,
  0x00, 0x00, 0x00, 0x00, 0x00, 0x00, 0x00, 0x00, 0x00, 0x00, 0x00, 0x00, 0x00, 0x00, 0x00, 0x00,
  0x00, 0x00, 0x00, 0x00, 0x00, 0x00, 0x00, 0x00, 0x00, 0x00, 0x00, 0x00, 0x00, 0x00, 0x00, 0x00,
  0x00, 0x00, 0x00, 0x00, 0x00, 0x00, 0x00, 0x00, 0x00, 0x00, 0x00, 0x00, 0x00, 0x00, 0x00, 0x00,
  0x00, 0x00, 0x00, 0x00, 0x00, 0x00, 0x00, 0x00, 0x00, 0x00, 0x00, 0x00, 0x00, 0x00, 0x00, 0x00,
  0x00, 0x00, 0x00, 0x00, 0x00, 0x00, 0x00, 0x00, 0x00, 0x00, 0x00, 0x00, 0x00, 0x00, 0x00, 0x00,
  0x00, 0x00, 0x00, 0x00, 0x00, 0x00, 0x00, 0x00, 0x00, 0x00, 0x00, 0x00, 0x00, 0x00, 0x00, 0x00,
  0x00, 0x00, 0x00, 0x00, 0x00, 0x00, 0x00, 0x00, 0x00, 0x00, 0x00, 0x00, 0x00, 0x00, 0x00, 0x00,
  0x00, 0x00, 0x00, 0x00, 0x00, 0x00, 0x00, 0x00, 0x00, 0x00, 0x00, 0x00, 0x00, 0x00, 0x00, 0x00,
  0x00, 0x00, 0x00, 0x00, 0x00, 0x00, 0x00, 0x00, 0x00, 0x00, 0x00, 0x00, 0x00, 0x00, 0x00, 0x00,
  0x00, 0x00, 0x00, 0x00, 0x00, 0x00, 0x00, 0x00, 0x00, 0x00, 0x00, 0x00, 0x00, 0x00, 0x00, 0x00,
  0x00, 0x00, 0x00, 0x00, 0x00, 0x00, 0x00, 0x00, 0x00, 0x00, 0x00, 0x00, 0x00, 0x00, 0x00, 0x00,
  0x00, 0x00, 0x00, 0x00, 0x00, 0x00, 0x00, 0x00, 0x00, 0x00, 0x00, 0x00, 0x00, 0x00, 0x00, 0x00,
  0x00, 0x00, 0x00, 0x00, 0x00, 0x00, 0x00, 0x00, 0x00, 0x00, 0x00, 0x00, 0x00, 0x00, 0x00, 0x00,
  0x00, 0x00, 0x00, 0x00, 0x00, 0x00, 0x00, 0x00, 0x00, 0x92, 0x00, 0x00, 0x40, 0xFE, 0x07, 0x00,
  0x58, 0xEB, 0x76, 0x00, 0xD8, 0xB6, 0x6D, 0x00, 0xD8, 0xB6, 0x6D, 0x00, 0x58, 0x92, 0x64, 0x00,
  0x08, 0x00, 0x20, 0x00, 0x00, 0x00, 0x00, 0x00, 0x00, 0x00, 0x00, 0x00, 0x00, 0x00, 0x00, 0x00,
  0x00, 0x00, 0x00, 0x00, 0x00, 0x00, 0x00, 0x00, 0x00, 0x00, 0x00, 0x00, 0x00, 0x00, 0x00, 0x00,
  0x00, 0x00, 0x00, 0x00, 0x00, 0x00, 0x00, 0x00, 0x00, 0x00, 0x00, 0x00, 0x00, 0x00, 0x00, 0x00,
  0x00, 0x00, 0x00, 0x00, 0x00, 0x00, 0x00, 0x00, 0x00, 0x00, 0x00, 0x00, 0x00, 0x00, 0x00, 0x00,
  0x00, 0x00, 0x00, 0x00, 0x00, 0x00, 0x00, 0x00, 0x00, 0x00, 0x00, 0x00, 0x00, 0x00, 0x00, 0x00,
  0x00, 0x00, 0x00, 0x00, 0x00, 0x00, 0x00, 0x00, 0x00, 0x00, 0x00, 0x00, 0x00, 0x00, 0x00, 0x00,
  0x00, 0x00, 0x00, 0x00, 0x00, 0x00, 0x00, 0x00, 0x00, 0x00, 0x00, 0x00, 0x00, 0x00, 0x00, 0x00,
  0x00, 0x00, 0x00, 0x00, 0x00, 0x00, 0x00, 0x00, 0x00, 0x00, 0x00, 0x00, 0x00, 0x00, 0x00, 0x00,
  0x00, 0x00, 0x00, 0x00, 0x00, 0x00, 0x00, 0x00, 0x00, 0x00, 0x00, 0x00, 0x00, 0x00, 0x00, 0x00,
  0x00, 0x00, 0x00, 0x00, 0x00, 0x00, 0x00, 0x00, 0x00, 0x00, 0x00, 0x00, 0x00, 0x00, 0x00, 0x00,
  0x00, 0x00, 0x00, 0x00, 0x00, 0x00, 0x00, 0x00, 0x00, 0x00, 0x00, 0x00, 0x00, 0x00, 0x00, 0x00,
  0x00, 0x00, 0x00, 0x00, 0x00, 0x00, 0x00, 0x00, 0x00, 0x00, 0x00, 0x00, 0x00, 0x00, 0x00, 0x00,
  0x00, 0x00, 0x00, 0x00,
};

// standby: start_row=0 rows=20 frames=32 2700 bytes
const uint8_t SX3IMG_standby[] PROGMEM = {
  0x00, 0x00, 0x00, 0x00, 0x14, 0x00, 0x00, 0x00, 0x20, 0x00, 0x00, 0x00, 0x32, 0x00, 0x00, 0x00,
  0x32, 0x00, 0x00, 0x00, 0x32, 0x00, 0x00, 0x00, 0x32, 0x00, 0x00, 0x00, 0x32, 0x00, 0x00, 0x00,
  0x32, 0x00, 0x00, 0x00, 0x32, 0x00, 0x00, 0x00, 0x32, 0x00, 0x00, 0x00, 0x32, 0x00, 0x00, 0x00,
  0x32, 0x00, 0x00, 0x00, 0x32, 0x00, 0x00, 0x00, 0x32, 0x00, 0x00, 0x00, 0x32, 0x00, 0x00, 0x00,
  0x32, 0x00, 0x00, 0x00, 0x32, 0x00, 0x00, 0x00, 0x32, 0x00, 0x00, 0x00, 0x32, 0x00, 0x00, 0x00,
  0x32, 0x00, 0x00, 0x00, 0x32, 0x00, 0x00, 0x00, 0x32, 0x00, 0x00, 0x00, 0x32, 0x00, 0x00, 0x00,
  0x32, 0x00, 0x00, 0x00, 0x32, 0x00, 0x00, 0x00, 0x32, 0x00, 0x00, 0x00, 0x32, 0x00, 0x00, 0x00,
  0x32, 0x00, 0x00, 0x00, 0x32, 0x00, 0x00, 0x00, 0x32, 0x00, 0x00, 0x00, 0x32, 0x00, 0x00, 0x00,
  0x32, 0x00, 0x00, 0x00, 0x32, 0x00, 0x00, 0x00, 0x32, 0x00, 0x00, 0x00, 0x00, 0x92, 0x00, 0x00,
  0x00, 0xB6, 0x01, 0x00, 0x00, 0xFE, 0x03, 0x00, 0x00, 0xFE, 0x03, 0x00, 0x00, 0x6C, 0x03, 0x00,
  0x00, 0xB6, 0x01, 0x00, 0x00, 0x92, 0x00, 0x00, 0x00, 0x00, 0x00, 0x00, 0x00, 0x00, 0x00, 0x00,
  0x00, 0x00, 0x00, 0x00, 0x00, 0x00, 0x00, 0x00, 0x00, 0x00, 0x00, 0x00, 0x00, 0x00, 0x00, 0x00,
  0x00, 0x00, 0x00, 0x00, 0x00, 0x00, 0x00, 0x00, 0x00, 0x00, 0x00, 0x00, 0x00, 0x00, 0x00, 0x00,
  0x00, 0x00, 0x00, 0x00, 0x00, 0x00, 0x00, 0x00, 0x00, 0x00, 0x00, 0x00, 0x00, 0x00, 0x00, 0x00,
  0x00, 0x00, 0x00, 0x00, 0x00, 0x00, 0x00, 0x00, 0x00, 0x00, 0x00, 0x00, 0x00, 0x00, 0x00, 0x00,
  0x00, 0x00, 0x00, 0x00, 0x00, 0x00, 0x00, 0x00, 0x00, 0x00, 0x00, 0x00, 0x00, 0x00, 0x00, 0x00,
  0x00, 0x00, 0x00, 0x00, 0x00, 0x00, 0x00, 0x00, 0x00, 0x00, 0x00, 0x00, 0x00, 0x00, 0x00, 0x00,
  0x48, 0x00, 0x24, 0x00, 0x98, 0x92, 0x68, 0x00, 0x78, 0xB7, 0xF5, 0x00, 0xF8, 0xFF, 0xFF, 0x00,
  0xD8, 0xFF, 0x7F, 0x00, 0x98, 0x6D, 0x7B, 0x00, 0xC8, 0xDA, 0x2E, 0x00, 0x40, 0x24, 0x05, 0x00,
  0x00, 0x00, 0x00, 0x00, 0x00, 0x00, 0x00, 0x00, 0x00, 0x00, 0x00, 0x00, 0x00, 0x00, 0x00, 0x00,
  0x00, 0x00, 0x00, 0x00, 0x00, 0x00, 0x00, 0x00, 0x00, 0x00, 0x00, 0x00, 0x00, 0x00, 0x00, 0x00,
  0x00, 0x00, 0x00, 0x00, 0x00, 0x00, 0x00, 0x00, 0x00, 0x00, 0x00, 0x00, 0x00, 0x00, 0x00, 0x00,
  0x00, 0x00, 0x00, 0x00, 0x00, 0x00, 0x00, 0x00, 0x00, 0x00, 0x00, 0x00, 0x00, 0x00, 0x00, 0x00,
  0x00, 0x00, 0x00, 0x00, 0x00, 0x00, 0x00, 0x00, 0x00, 0x00, 0x00, 0x00, 0x00, 0x00, 0x00, 0x00,
  0x00, 0x00, 0x00, 0x00, 0x00, 0x00, 0x00, 0x00, 0x00, 0x00, 0x00, 0x00, 0x00, 0x00, 0x00, 0x00,
  0x00, 0x00, 0x00, 0x00, 0x00, 0x00, 0x00, 0x00, 0x08, 0x00, 0x20, 0x00, 0x18, 0x00, 0x60, 0x00,
  0xB8, 0x49, 0xFA, 0x00, 0xF8, 0xFF, 0xFF, 0x00, 0xF8, 0xFF, 0xFF, 0x00, 0xA8, 0x6D, 0xBB, 0x00,
  0xD0, 0xDA, 0x4E, 0x00, 0x88, 0xB6, 0x29, 0x00, 0x00, 0x92, 0x00, 0x00, 0x00, 0x00, 0x00, 0x00,
  0x00, 0x00, 0x00, 0x00, 0x00, 0x00, 0x00, 0x00, 0x00, 0x00, 0x00, 0x00, 0x00, 0x00, 0x00, 0x00,
  0x00, 0x00, 0x00, 0x00, 0x00, 0x00, 0x00, 0x00, 0x00, 0x00, 0x00, 0x00, 0x00, 0x00, 0x00, 0x00,
  0x00, 0x00, 0x00, 0x00, 0x00, 0x00, 0x00, 0x00, 0x00, 0x00, 0x00, 0x00, 0x00, 0x00, 0x00, 0x00,
  0x00, 0x00, 0x00, 0x00, 0x00, 0x00, 0x00, 0x00, 0x00, 0x00, 0x00, 0x00, 0x00, 0x00, 0x00, 0x00,
  0x00, 0x00, 0x00, 0x00, 0x00, 0x00, 0x00, 0x00, 0x00, 0x00, 0x00, 0x00, 0x00, 0x00, 0x00, 0x00,
  0x00, 0x00, 0x00, 0x00, 0x00, 0x00, 0x00, 0x00, 0x00, 0x00, 0x00, 0x00, 0x01, 0x00, 0x00, 0x01,
  0x54, 0x00, 0x44, 0x04, 0xEF, 0x92, 0xAC, 0x07, 0xFF, 0xB6, 0xED, 0x07, 0xFF, 0xFF, 0xFF, 0x07,
  0xFD, 0xFF, 0xFF, 0x05, 0xEA, 0xFF, 0xBF, 0x02, 0x18, 0x6D, 0x73, 0x00, 0x88, 0xB6, 0x29, 0x00,
  0x40, 0x92, 0x04, 0x00, 0x00, 0x00, 0x00, 0x00, 0x00, 0x00, 0x00, 0x00, 0x00, 0x00, 0x00, 0x00,
  0x00, 0x00, 0x00, 0x00, 0x00, 0x00, 0x00, 0x00, 0x00, 0x00, 0x00, 0x00, 0x00, 0x00, 0x00, 0x00,
  0x00, 0x00, 0x00, 0x00, 0x00, 0x00, 0x00, 0x00, 0x00, 0x00, 0x00, 0x00, 0x00, 0x00, 0x00, 0x00,
  0x00, 0x00, 0x00, 0x00, 0x00, 0x00, 0x00, 0x00, 0x00, 0x00, 0x00, 0x00, 0x00, 0x00, 0x00, 0x00,
  0x00, 0x00, 0x00, 0x00, 0x00, 0x00, 0x00, 0x00, 0x00, 0x00, 0x00, 0x00, 0x00, 0x00, 0x00, 0x00,
  0x00, 0x00, 0x00, 0x00, 0x00, 0x00, 0x00, 0x00, 0x00, 0x00, 0x00, 0x00, 0x00, 0x00, 0x00, 0x00,
  0x01, 0x00, 0x00, 0x01, 0x03, 0x00, 0x00, 0x03, 0x5E, 0x00, 0x64, 0x06, 0xEF, 0x92, 0xAC, 0x07,
  0x7F, 0x25, 0xF5, 0x07, 0xFF, 0x6D, 0xFF, 0x07, 0xFD, 0xFF, 0xFF, 0x05, 0xEA, 0xFF, 0xBF, 0x02,
  0x59, 0x6D, 0x77, 0x01, 0xC8, 0xDA, 0x2E, 0x00, 0x88, 0xB6, 0x29, 0x00, 0x00, 0x00, 0x00, 0x00,
  0x00, 0x00, 0x00, 0x00, 0x00, 0x00, 0x00, 0x00, 0x00, 0x00, 0x00, 0x00, 0x00, 0x00, 0x00, 0x00,
  0x00, 0x00, 0x00, 0x00, 0x00, 0x00, 0x00, 0x00, 0x00, 0x00, 0x00, 0x00, 0x00, 0x00, 0x00, 0x00,
  0x00, 0x00, 0x00, 0x00, 0x00, 0x00, 0x00, 0x00, 0x00, 0x00, 0x00, 0x00, 0x00, 0x00, 0x00, 0x00,
  0x00, 0x00, 0x00, 0x00, 0x00, 0x00, 0x00, 0x00, 0x00, 0x00, 0x00, 0x00, 0x00, 0x00, 0x00, 0x00,
  0x00, 0x00, 0x00, 0x00, 0x00, 0x00, 0x00, 0x00, 0x00, 0x00, 0x00, 0x00, 0x00, 0x00, 0x00, 0x00,
  0x00, 0x00, 0x00, 0x00, 0x00, 0x00, 0x00, 0x00, 0x01, 0x00, 0x00, 0x01, 0x0B, 0x00, 0x20, 0x03,
  0x0D, 0x00, 0x20, 0x05, 0x67, 0x00, 0x84, 0x07, 0xFF, 0x24, 0xED, 0x07, 0xFF, 0xDB, 0xFE, 0x07,
  0xFD, 0xFF, 0xFF, 0x05, 0xFD, 0xFF, 0xFF, 0x05, 0xE9, 0xFF, 0xBF, 0x01, 0xC8, 0xDA, 0x2E, 0x00,
  0x40, 0xD6, 0x05, 0x00, 0x00, 0x92, 0x00, 0x00, 0x00, 0x00, 0x00, 0x00, 0x00, 0x00, 0x00, 0x00,
  0x00, 0x00, 0x00, 0x00, 0x00, 0x00, 0x00, 0x00, 0x00, 0x00, 0x00, 0x00, 0x00, 0x00, 0x00, 0x00,
  0x00, 0x00, 0x00, 0x00, 0x00, 0x00, 0x00, 0x00, 0x00, 0x00, 0x00, 0x00, 0x00, 0x00, 0x00, 0x00,
  0x00, 0x00, 0x00, 0x00, 0x00, 0x00, 0x00, 0x00, 0x00, 0x00, 0x00, 0x00, 0x00, 0x00, 0x00, 0x00,
  0x00, 0x00, 0x00, 0x00, 0x00, 0x00, 0x00, 0x00, 0x00, 0x00, 0x00, 0x00, 0x00, 0x00, 0x00, 0x00,
  0x00, 0x00, 0x00, 0x00, 0x00, 0x00, 0x00, 0x00, 0x00, 0x00, 0x00, 0x00, 0x00, 0x00, 0x00, 0x00,
  0x01, 0x00, 0x00, 0x01, 0x03, 0x00, 0x00, 0x03, 0x0F, 0x00, 0x20, 0x07, 0x6F, 0x00, 0xA4, 0x07,
  0x3F, 0x15, 0xF1, 0x07, 0xBF, 0x29, 0xFA, 0x07, 0xFD, 0xDB, 0xFE, 0x05, 0xFB, 0xFF, 0xFF, 0x03,
  0xF8, 0xFF, 0xFF, 0x00, 0xC8, 0xDA, 0x2E, 0x00, 0x40, 0xC6, 0x05, 0x00, 0x00, 0xA2, 0x00, 0x00,
  0x00, 0x00, 0x00, 0x00, 0x00, 0x00, 0x00, 0x00, 0x00, 0x00, 0x00, 0x00, 0x00, 0x00, 0x00, 0x00,
  0x00, 0x00, 0x00, 0x00, 0x00, 0x00, 0x00, 0x00, 0x00, 0x00, 0x00, 0x00, 0x00, 0x00, 0x00, 0x00,
  0x00, 0x00, 0x00, 0x00, 0x00, 0x00, 0x00, 0x00, 0x00, 0x00, 0x00, 0x00, 0x00, 0x00, 0x00, 0x00,
  0x00, 0x00, 0x00, 0x00, 0x00, 0x00, 0x00, 0x00, 0x00, 0x00, 0x00, 0x00, 0x00, 0x00, 0x00, 0x00,
  0x00, 0x00, 0x00, 0x00, 0x00, 0x00, 0x00, 0x00, 0x00, 0x00, 0x00, 0x00, 0x00, 0x00, 0x00, 0x00,
  0x00, 0x00, 0x00, 0x00, 0x00, 0x00, 0x00, 0x00, 0x01, 0x00, 0x00, 0x01, 0x0D, 0x00, 0x20, 0x05,
  0x27, 0x00, 0x80, 0x07, 0x77, 0x00, 0xC4, 0x07, 0xFF, 0x14, 0xED, 0x07, 0xBD, 0xB7, 0xF9, 0x05,
  0xFB, 0xDB, 0xFE, 0x03, 0xF3, 0xFF, 0xDF, 0x03, 0xA8, 0xFF, 0xBB, 0x00, 0x48, 0xFF, 0x37, 0x00,
  0x40, 0xD6, 0x05, 0x00, 0x00, 0xB2, 0x00, 0x00, 0x00, 0x00, 0x00, 0x00, 0x00, 0x00, 0x00, 0x00,
  0x00, 0x00, 0x00, 0x00, 0x00, 0x00, 0x00, 0x00, 0x00, 0x00, 0x00, 0x00, 0x00, 0x00, 0x00, 0x00,
  0x00, 0x00, 0x00, 0x00, 0x00, 0x00, 0x00, 0x00, 0x00, 0x00, 0x00, 0x00, 0x00, 0x00, 0x00, 0x00,
  0x00, 0x00, 0x00, 0x00, 0x00, 0x00, 0x00, 0x00, 0x00, 0x00, 0x00, 0x00, 0x00, 0x00, 0x00, 0x00,
  0x00, 0x00, 0x00, 0x00, 0x00, 0x00, 0x00, 0x00, 0x00, 0x00, 0x00, 0x00, 0x00, 0x00, 0x00, 0x00,
  0x00, 0x00, 0x00, 0x00, 0x00, 0x00, 0x00, 0x00, 0x00, 0x00, 0x00, 0x00, 0x01, 0x00, 0x00, 0x01,
  0x04, 0x00, 0x00, 0x04, 0x0E, 0x00, 0x20, 0x06, 0x1F, 0x00, 0x60, 0x07, 0x6F, 0x00, 0xA4, 0x07,
  0xFF, 0x92, 0xEC, 0x07, 0xFD, 0x29, 0xFE, 0x05, 0xF1, 0x4D, 0xDF, 0x01, 0xE8, 0xFF, 0xBF, 0x00,
  0x48, 0xFF, 0x37, 0x00, 0xC0, 0xFE, 0x0F, 0x00, 0x40, 0xD6, 0x05, 0x00, 0x00, 0xA2, 0x00, 0x00,
  0x00, 0x10, 0x00, 0x00, 0x00, 0x00, 0x00, 0x00, 0x00, 0x00, 0x00, 0x00, 0x00, 0x00, 0x00, 0x00,
  0x00, 0x00, 0x00, 0x00, 0x00, 0x00, 0x00, 0x00, 0x00, 0x00, 0x00, 0x00, 0x00, 0x00, 0x00, 0x00,
  0x00, 0x00, 0x00, 0x00, 0x00, 0x00, 0x00, 0x00, 0x00, 0x00, 0x00, 0x00, 0x00, 0x00, 0x00, 0x00,
  0x00, 0x00, 0x00, 0x00, 0x00, 0x00, 0x00, 0x00, 0x00, 0x00, 0x00, 0x00, 0x00, 0x00, 0x00, 0x00,
  0x00, 0x00, 0x00, 0x00, 0x00, 0x00, 0x00, 0x00, 0x00, 0x00, 0x00, 0x00, 0x00, 0x00, 0x00, 0x00,
  0x01, 0x00, 0x00, 0x01, 0x03, 0x00, 0x00, 0x03, 0x15, 0x00, 0x40, 0x05, 0x1F, 0x00, 0x60, 0x07,
  0x6F, 0x00, 0xA4, 0x07, 0x3E, 0x01, 0xF0, 0x06, 0xBB, 0x83, 0xF8, 0x03, 0xF9, 0x97, 0xFD, 0x01,
  0xD8, 0xBB, 0x7E, 0x00, 0xC8, 0xDF, 0x3F, 0x00, 0xC0, 0xFE, 0x0F, 0x00, 0x40, 0x7C, 0x07, 0x00,
  0x00, 0xD6, 0x01, 0x00, 0x00, 0xC6, 0x01, 0x00, 0x00, 0x34, 0x01, 0x00, 0x00, 0xA2, 0x00, 0x00,
  0x00, 0x10, 0x00, 0x00, 0x00, 0x00, 0x00, 0x00, 0x00, 0x00, 0x00, 0x00, 0x00, 0x00, 0x00, 0x00,
  0x00, 0x00, 0x00, 0x00, 0x00, 0x00, 0x00, 0x00, 0x00, 0x00, 0x00, 0x00, 0x00, 0x00, 0x00, 0x00,
  0x00, 0x00, 0x00, 0x00, 0x00, 0x00, 0x00, 0x00, 0x00, 0x00, 0x00, 0x00, 0x00, 0x00, 0x00, 0x00,
  0x00, 0x00, 0x00, 0x00, 0x00, 0x00, 0x00, 0x00, 0x00, 0x00, 0x00, 0x00, 0x00, 0x00, 0x00, 0x00,
  0x01, 0x00, 0x00, 0x01, 0x02, 0x00, 0x00, 0x02, 0x0D, 0x00, 0x20, 0x05, 0x1F, 0x00, 0x60, 0x07,
  0x6F, 0x00, 0xA4, 0x07, 0xBE, 0x00, 0xE8, 0x06, 0x3C, 0x01, 0xF0, 0x04, 0xFA, 0x83, 0xFC, 0x02,
  0xE8, 0x87, 0xBD, 0x00, 0xD8, 0xAB, 0x7E, 0x00, 0x40, 0xDF, 0x17, 0x00, 0x80, 0xFE, 0x0B, 0x00,
  0x40, 0xFA, 0x06, 0x00, 0x00, 0x68, 0x02, 0x00, 0x00, 0xD6, 0x01, 0x00, 0x00, 0x44, 0x01, 0x00,
  0x00, 0xB2, 0x00, 0x00, 0x00, 0x20, 0x00, 0x00, 0x00, 0x10, 0x00, 0x00, 0x00, 0x00, 0x00, 0x00,
  0x00, 0x00, 0x00, 0x00, 0x00, 0x00, 0x00, 0x00, 0x00, 0x00, 0x00, 0x00, 0x00, 0x00, 0x00, 0x00,
  0x00, 0x00, 0x00, 0x00, 0x00, 0x00, 0x00, 0x00, 0x00, 0x00, 0x00, 0x00, 0x00, 0x00, 0x00, 0x00,
  0x00, 0x00, 0x00, 0x00, 0x00, 0x00, 0x00, 0x00, 0x00, 0x00, 0x00, 0x00, 0x00, 0x00, 0x00, 0x00,
  0x01, 0x00, 0x00, 0x01, 0x03, 0x00, 0x00, 0x03, 0x15, 0x00, 0x40, 0x05, 0x1F, 0x00, 0x60, 0x07,
  0x6F, 0x00, 0xA4, 0x07, 0x3E, 0x01, 0xF0, 0x06, 0xBB, 0x83, 0xF8, 0x03, 0xF9, 0x97, 0xFD, 0x01,
  0xD8, 0xBB, 0x7E, 0x00, 0xC8, 0xDF, 0x3F, 0x00, 0xC0, 0xFE, 0x0F, 0x00, 0x40, 0x7C, 0x07, 0x00,
  0x00, 0xD6, 0x01, 0x00, 0x00, 0xC6, 0x01, 0x00, 0x00, 0x34, 0x01, 0x00, 0x00, 0xA2, 0x00, 0x00,
  0x00, 0x10, 0x00, 0x00, 0x00, 0x00, 0x00, 0x00, 0x00, 0x00, 0x00, 0x00, 0x00, 0x00, 0x00, 0x00,
  0x00, 0x00, 0x00, 0x00, 0x00, 0x00, 0x00, 0x00, 0x00, 0x00, 0x00, 0x00, 0x00, 0x00, 0x00, 0x00,
  0x00, 0x00, 0x00, 0x00, 0x00, 0x00, 0x00, 0x00, 0x00, 0x00, 0x00, 0x00, 0x00, 0x00, 0x00, 0x00,
  0x00, 0x00, 0x00, 0x00, 0x00, 0x00, 0x00, 0x00, 0x00, 0x00, 0x00, 0x00, 0x01, 0x00, 0x00, 0x01,
  0x04, 0x00, 0x00, 0x04, 0x0E, 0x00, 0x20, 0x06, 0x1F, 0x00, 0x60, 0x07, 0x6F, 0x00, 0xA4, 0x07,
  0xFF, 0x92, 0xEC, 0x07, 0xFD, 0x29, 0xFE, 0x05, 0xF1, 0x4D, 0xDF, 0x01, 0xE8, 0xFF, 0xBF, 0x00,
  0x48, 0xFF, 0x37, 0x00, 0xC0, 0xFE, 0x0F, 0x00, 0x40, 0xD6, 0x05, 0x00, 0x00, 0xA2, 0x00, 0x00,
  0x00, 0x10, 0x00, 0x00, 0x00, 0x00, 0x00, 0x00, 0x00, 0x00, 0x00, 0x00, 0x00, 0x00, 0x00, 0x00,
  0x00, 0x00, 0x00, 0x00, 0x00, 0x00, 0x00, 0x00, 0x00, 0x00, 0x00, 0x00, 0x00, 0x00, 0x00, 0x00,
  0x00, 0x00, 0x00, 0x00, 0x00, 0x00, 0x00, 0x00, 0x00, 0x00, 0x00, 0x00, 0x00, 0x00, 0x00, 0x00,
  0x00, 0x00, 0x00, 0x00, 0x00, 0x00, 0x00, 0x00, 0x00, 0x00, 0x00, 0x00, 0x00, 0x00, 0x00, 0x00,
  0x00, 0x00, 0x00, 0x00, 0x00, 0x00, 0x00, 0x00, 0x01, 0x00, 0x00, 0x01, 0x0D, 0x00, 0x20, 0x05,
  0x27, 0x00, 0x80, 0x07, 0x77, 0x00, 0xC4, 0x07, 0xFF, 0x14, 0xED, 0x07, 0xBD, 0xB7, 0xF9, 0x05,
  0xFB, 0xDB, 0xFE, 0x03, 0xEB, 0xFF, 0xBF, 0x03, 0xA8, 0xFF, 0xBB, 0x00, 0x48, 0xFF, 0x37, 0x00,
  0x40, 0xD6, 0x05, 0x00, 0x00, 0xB2, 0x00, 0x00, 0x00, 0x00, 0x00, 0x00, 0x00, 0x00, 0x00, 0x00,
  0x00, 0x00, 0x00, 0x00, 0x00, 0x00, 0x00, 0x00, 0x00, 0x00, 0x00, 0x00, 0x00, 0x00, 0x00, 0x00,
  0x00, 0x00, 0x00, 0x00, 0x00, 0x00, 0x00, 0x00, 0x00, 0x00, 0x00, 0x00, 0x00, 0x00, 0x00, 0x00,
  0x00, 0x00, 0x00, 0x00, 0x00, 0x00, 0x00, 0x00, 0x00, 0x00, 0x00, 0x00, 0x00, 0x00, 0x00, 0x00,
  0x00, 0x00, 0x00, 0x00, 0x00, 0x00, 0x00, 0x00, 0x00, 0x00, 0x00, 0x00, 0x00, 0x00, 0x00, 0x00,
  0x01, 0x00, 0x00, 0x01, 0x03, 0x00, 0x00, 0x03, 0x0F, 0x00, 0x20, 0x07, 0x6F, 0x00, 0xA4, 0x07,
  0x3F, 0x15, 0xF1, 0x07, 0xBF, 0x29, 0xFA, 0x07, 0xFD, 0xDB, 0xFE, 0x05, 0xFB, 0xFF, 0xFF, 0x03,
  0xF8, 0xFF, 0xFF, 0x00, 0xC8, 0xDA, 0x2E, 0x00, 0x40, 0xC6, 0x05, 0x00, 0x00, 0xA2, 0x00, 0x00,
  0x00, 0x00, 0x00, 0x00, 0x00, 0x00, 0x00, 0x00, 0x00, 0x00, 0x00, 0x00, 0x00, 0x00, 0x00, 0x00,
  0x00, 0x00, 0x00, 0x00, 0x00, 0x00, 0x00, 0x00, 0x00, 0x00, 0x00, 0x00, 0x00, 0x00, 0x00, 0x00,
  0x00, 0x00, 0x00, 0x00, 0x00, 0x00, 0x00, 0x00, 0x00, 0x00, 0x00, 0x00, 0x00, 0x00, 0x00, 0x00,
  0x00, 0x00, 0x00, 0x00, 0x00, 0x00, 0x00, 0x00, 0x00, 0x00, 0x00, 0x00, 0x00, 0x00, 0x00, 0x00,
  0x00, 0x00, 0x00, 0x00, 0x00, 0x00, 0x00, 0x00, 0x01, 0x00, 0x00, 0x01, 0x0B, 0x00, 0x20, 0x03,
  0x0D, 0x00, 0x20, 0x05, 0x67, 0x00, 0x84, 0x07, 0xFF, 0x24, 0xED, 0x07, 0xFF, 0xDB, 0xFE, 0x07,
  0xFD, 0xFF, 0xFF, 0x05, 0xFD, 0xFF, 0xFF, 0x05, 0xEA, 0xFF, 0xBF, 0x01, 0xC8, 0xDA, 0x2E, 0x00,
  0x40, 0xD6, 0x05, 0x00, 0x00, 0x92, 0x00, 0x00, 0x00, 0x00, 0x00, 0x00, 0x00, 0x00, 0x00, 0x00,
  0x00, 0x00, 0x00, 0x00, 0x00, 0x00, 0x00, 0x00, 0x00, 0x00, 0x00, 0x00, 0x00, 0x00, 0x00, 0x00,
  0x00, 0x00, 0x00, 0x00, 0x00, 0x00, 0x00, 0x00, 0x00, 0x00, 0x00, 0x00, 0x00, 0x00, 0x00, 0x00,
  0x00, 0x00, 0x00, 0x00, 0x00, 0x00, 0x00, 0x00, 0x00, 0x00, 0x00, 0x00, 0x00, 0x00, 0x00, 0x00,
  0x00, 0x00, 0x00, 0x00, 0x00, 0x00, 0x00, 0x00, 0x00, 0x00, 0x00, 0x00, 0x00, 0x00, 0x00, 0x00,
  0x01, 0x00, 0x00, 0x01, 0x03, 0x00, 0x00, 0x03, 0x5E, 0x00, 0x64, 0x06, 0xEF, 0x92, 0xAC, 0x07,
  0x7F, 0x25, 0xF5, 0x07, 0xFF, 0x6D, 0xFF, 0x07, 0xFD, 0xFF, 0xFF, 0x05, 0xEA, 0xFF, 0xBF, 0x02,
  0x59, 0x6D, 0x77, 0x01, 0xC8, 0xDA, 0x2E, 0x00, 0x88, 0xB6, 0x29, 0x00, 0x00, 0x00, 0x00, 0x00,
  0x00, 0x00, 0x00, 0x00, 0x00, 0x00, 0x00, 0x00, 0x00, 0x00, 0x00, 0x00, 0x00, 0x00, 0x00, 0x00,
  0x00, 0x00, 0x00, 0x00, 0x00, 0x00, 0x00, 0x00, 0x00, 0x00, 0x00, 0x00, 0x00, 0x00, 0x00, 0x00,
  0x00, 0x00, 0x00, 0x00, 0x00, 0x00, 0x00, 0x00, 0x00, 0x00, 0x00, 0x00, 0x00, 0x00, 0x00, 0x00,
  0x00, 0x00, 0x00, 0x00, 0x00, 0x00, 0x00, 0x00, 0x00, 0x00, 0x00, 0x00, 0x00, 0x00, 0x00, 0x00,
  0x00, 0x00, 0x00, 0x00, 0x00, 0x00, 0x00, 0x00, 0x00, 0x00, 0x00, 0x00, 0x01, 0x00, 0x00, 0x01,
  0x54, 0x00, 0x44, 0x04, 0xEF, 0x92, 0xAC, 0x07, 0xFF, 0xB6, 0xED, 0x07, 0xFF, 0xFF, 0xFF, 0x07,
  0xFD, 0xFF, 0xFF, 0x05, 0xEA, 0xFF, 0xBF, 0x02, 0x18, 0x6D, 0x73, 0x00, 0x88, 0xB6, 0x29, 0x00,
  0x40, 0x92, 0x04, 0x00, 0x00, 0x00, 0x00, 0x00, 0x00, 0x00, 0x00, 0x00, 0x00, 0x00, 0x00, 0x00,
  0x00, 0x00, 0x00, 0x00, 0x00, 0x00, 0x00, 0x00, 0x00, 0x00, 0x00, 0x00, 0x00, 0x00, 0x00, 0x00,
  0x00, 0x00, 0x00, 0x00, 0x00, 0x00, 0x00, 0x00, 0x00, 0x00, 0x00, 0x00, 0x00, 0x00, 0x00, 0x00,
  0x00, 0x00, 0x00, 0x00, 0x00, 0x00, 0x00, 0x00, 0x00, 0x00, 0x00, 0x00, 0x00, 0x00, 0x00, 0x00,
  0x00, 0x00, 0x00, 0x00, 0x00, 0x00, 0x00, 0x00, 0x00, 0x00, 0x00, 0x00, 0x00, 0x00, 0x00, 0x00,
  0x00, 0x00, 0x00, 0x00, 0x00, 0x00, 0x00, 0x00, 0x08, 0x00, 0x20, 0x00, 0x18, 0x00, 0x60, 0x00,
  0xB8, 0x49, 0xFA, 0x00, 0xF8, 0xFF, 0xFF, 0x00, 0xF8, 0xFF, 0xFF, 0x00, 0xA8, 0x6D, 0xBB, 0x00,
  0xD0, 0xDA, 0x4E, 0x00, 0x88, 0xB6, 0x29, 0x00, 0x00, 0x92, 0x00, 0x00, 0x00, 0x00, 0x00, 0x00,
  0x00, 0x00, 0x00, 0x00, 0x00, 0x00, 0x00, 0x00, 0x00, 0x00, 0x00, 0x00, 0x00, 0x00, 0x00, 0x00,
  0x00, 0x00, 0x00, 0x00, 0x00, 0x00, 0x00, 0x00, 0x00, 0x00, 0x00, 0x00, 0x00, 0x00, 0x00, 0x00,
  0x00, 0x00, 0x00, 0x00, 0x00, 0x00, 0x00, 0x00, 0x00, 0x00, 0x00, 0x00, 0x00, 0x00, 0x00, 0x00,
  0x00, 0x00, 0x00, 0x00, 0x00, 0x00, 0x00, 0x00, 0x00, 0x00, 0x00, 0x00, 0x00, 0x00, 0x00, 0x00,
  0x00, 0x00, 0x00, 0x00, 0x00, 0x00, 0x00, 0x00, 0x00, 0x00, 0x00, 0x00, 0x00, 0x00, 0x00, 0x00,
  0x48, 0x00, 0x24, 0x00, 0x98, 0x92, 0x68, 0x00, 0x78, 0xB7, 0xF5, 0x00, 0xF8, 0xFF, 0xFF, 0x00,
  0xD8, 0xFF, 0x7F, 0x00, 0x98, 0x6D, 0x7B, 0x00, 0xC8, 0xDA, 0x2E, 0x00, 0x40, 0x24, 0x05, 0x00,
  0x00, 0x00, 0x00, 0x00, 0x00, 0x00, 0x00, 0x00, 0x00, 0x00, 0x00, 0x00, 0x00, 0x00, 0x00, 0x00,
  0x00, 0x00, 0x00, 0x00, 0x00, 0x00, 0x00, 0x00, 0x00, 0x00, 0x00, 0x00, 0x00, 0x00, 0x00, 0x00,
  0x00, 0x00, 0x00, 0x00, 0x00, 0x00, 0x00, 0x00, 0x00, 0x00, 0x00, 0x00, 0x00, 0x00, 0x00, 0x00,
  0x00, 0x00, 0x00, 0x00, 0x00, 0x00, 0x00, 0x00, 0x00, 0x00, 0x00, 0x00, 0x00, 0x00, 0x00, 0x00,
  0x00, 0x00, 0x00, 0x00, 0x00, 0x00, 0x00, 0x00, 0x00, 0x00, 0x00, 0x00, 0x00, 0x00, 0x00, 0x00,
  0x00, 0x00, 0x00, 0x00, 0x00, 0x00, 0x00, 0x00, 0x00, 0x00, 0x00, 0x00,
};

// idle_state_pulse: start_row=0 rows=9 frames=30 1212 bytes
const uint8_t SX3IMG_idle_state_pulse[] PROGMEM = {
  0x00, 0x00, 0x00, 0x00, 0x09, 0x00, 0x00, 0x00, 0x1E, 0x00, 0x00, 0x00, 0x4B, 0x00, 0x00, 0x00,
  0x4B, 0x00, 0x00, 0x00, 0x4B, 0x00, 0x00, 0x00, 0x4B, 0x00, 0x00, 0x00, 0x4B, 0x00, 0x00, 0x00,
  0x4B, 0x00, 0x00, 0x00, 0x4B, 0x00, 0x00, 0x00, 0x4B, 0x00, 0x00, 0x00, 0x4B, 0x00, 0x00, 0x00,
  0x4B, 0x00, 0x00, 0x00, 0x4B, 0x00, 0x00, 0x00, 0x4B, 0x00, 0x00, 0x00, 0x4B, 0x00, 0x00, 0x00,
  0x4B, 0x00, 0x00, 0x00, 0x4B, 0x00, 0x00, 0x00, 0x4B, 0x00, 0x00, 0x00, 0x4B, 0x00, 0x00, 0x00,
  0x4B, 0x00, 0x00, 0x00, 0x4B, 0x00, 0x00, 0x00, 0xC8, 0x00, 0x00, 0x00, 0xC8, 0x00, 0x00, 0x00,
  0xC8, 0x00, 0x00, 0x00, 0xC8, 0x00, 0x00, 0x00, 0xC8, 0x00, 0x00, 0x00, 0xC8, 0x00, 0x00, 0x00,
  0xC8, 0x00, 0x00, 0x00, 0xC8, 0x00, 0x00, 0x00, 0xC8, 0x00, 0x00, 0x00, 0xC8, 0x00, 0x00, 0x00,
  0xC8, 0x00, 0x00, 0x00, 0x00, 0x00, 0x00, 0x00, 0x00, 0x00, 0x00, 0x00, 0x00, 0x00, 0x00, 0x00,
  0x00, 0x00, 0x00, 0x00, 0x00, 0x00, 0x00, 0x00, 0x00, 0x00, 0x00, 0x00, 0x00, 0x00, 0x00, 0x00,
  0x00, 0x00, 0x00, 0x00, 0x00, 0x00, 0x00, 0x00, 0x00, 0x00, 0x00, 0x00, 0x00, 0x00, 0x00, 0x00,
  0x00, 0x92, 0x00, 0x00, 0x00, 0xA2, 0x00, 0x00, 0x40, 0x24, 0x05, 0x00, 0x40, 0x24, 0x05, 0x00,
  0x40, 0x24, 0x05, 0x00, 0x00, 0x92, 0x00, 0x00, 0x00, 0x10, 0x00, 0x00, 0x00, 0x00, 0x00, 0x00,
  0x00, 0x00, 0x00, 0x00, 0x00, 0x00, 0x00, 0x00, 0x00, 0x00, 0x00, 0x00, 0x00, 0x00, 0x00, 0x00,
  0x00, 0x00, 0x00, 0x00, 0x00, 0x00, 0x00, 0x00, 0x00, 0x00, 0x00, 0x00, 0x00, 0x00, 0x00, 0x00,
  0x00, 0x00, 0x00, 0x00, 0x00, 0x00, 0x00, 0x00, 0x00, 0x00, 0x00, 0x00, 0x00, 0x00, 0x00, 0x00,
  0x00, 0x00, 0x00, 0x00, 0x00, 0x00, 0x00, 0x00, 0x00, 0x00, 0x00, 0x00, 0x00, 0x00, 0x00, 0x00,
  0x00, 0x00, 0x00, 0x00, 0x00, 0x00, 0x00, 0x00, 0x00, 0x00, 0x00, 0x00, 0x00, 0x00, 0x00, 0x00,
  0x00, 0x92, 0x00, 0x00, 0x00, 0x34, 0x01, 0x00, 0x40, 0xC6, 0x05, 0x00, 0x40, 0x58, 0x06, 0x00,
  0x88, 0xC6, 0x29, 0x00, 0x88, 0xB6, 0x29, 0x00, 0x88, 0x24, 0x29, 0x00, 0x40, 0x92, 0x04, 0x00,
  0x40, 0x00, 0x04, 0x00, 0x00, 0x00, 0x00, 0x00, 0x00, 0x00, 0x00, 0x00, 0x00, 0x00, 0x00, 0x00,
  0x00, 0x00, 0x00, 0x00, 0x00, 0x00, 0x00, 0x00, 0x00, 0x00, 0x00, 0x00, 0x00, 0x00, 0x00, 0x00,
  0x00, 0x00, 0x00, 0x00, 0x00, 0x00, 0x00, 0x00, 0x00, 0x00, 0x00, 0x00, 0x00, 0x00, 0x00, 0x00,
  0x00, 0x00, 0x00, 0x00, 0x00, 0x00, 0x00, 0x00, 0x00, 0x00, 0x00, 0x00, 0x00, 0x00, 0x00, 0x00,
  0x00, 0x00, 0x00, 0x00, 0x00, 0x10, 0x00, 0x00, 0x00, 0xA2, 0x00, 0x00, 0x40, 0x34, 0x05, 0x00,
  0x40, 0x44, 0x05, 0x00, 0x40, 0xD6, 0x05, 0x00, 0x80, 0x68, 0x0A, 0x00, 0xC0, 0x6C, 0x0F, 0x00,
  0xC8, 0xDA, 0x2E, 0x00, 0x48, 0x49, 0x36, 0x00, 0x11, 0xB7, 0x51, 0x01, 0xD1, 0x24, 0x4D, 0x01,
  0x91, 0x92, 0x48, 0x01, 0x48, 0x00, 0x24, 0x00, 0x08, 0x00, 0x20, 0x00, 0x00, 0x00, 0x00, 0x00,
  0x00, 0x00, 0x00, 0x00, 0x00, 0x00, 0x00, 0x00, 0x00, 0x00, 0x00, 0x00, 0x00, 0x00, 0x00, 0x00,
  0x00, 0x00, 0x00, 0x00, 0x00, 0x00, 0x00, 0x00, 0x00, 0x00, 0x00, 0x00, 0x00, 0x00, 0x00, 0x00,
  0x00, 0x00, 0x00, 0x00, 0x00, 0x00, 0x00, 0x00, 0x00, 0x00, 0x00, 0x00, 0x00, 0x00, 0x00, 0x00,
  0x00, 0x10, 0x00, 0x00, 0x00, 0xA2, 0x00, 0x00, 0x00, 0x34, 0x01, 0x00, 0x00, 0xC6, 0x01, 0x00,
  0x40, 0x58, 0x06, 0x00, 0x80, 0xEA, 0x0A, 0x00, 0x80, 0x7C, 0x0B, 0x00, 0xC0, 0xFE, 0x0F, 0x00,
  0x08, 0x6D, 0x33, 0x00, 0x90, 0x5D, 0x5B, 0x00, 0x59, 0xCB, 0x76, 0x01, 0x21, 0xB7, 0x91, 0x01,
  0xDA, 0x24, 0x6D, 0x02, 0x9A, 0x92, 0x68, 0x02, 0x52, 0x00, 0x44, 0x02, 0x09, 0x00, 0x20, 0x01,
  0x00, 0x00, 0x00, 0x00, 0x00, 0x00, 0x00, 0x00, 0x00, 0x00, 0x00, 0x00, 0x00, 0x00, 0x00, 0x00,
  0x00, 0x00, 0x00, 0x00, 0x00, 0x00, 0x00, 0x00, 0x00, 0x00, 0x00, 0x00, 0x00, 0x00, 0x00, 0x00,
  0x00, 0x00, 0x00, 0x00, 0x00, 0x00, 0x00, 0x00, 0x00, 0x00, 0x00, 0x00, 0x00, 0x00, 0x00, 0x00,
  0x00, 0x00, 0x00, 0x00, 0x00, 0x10, 0x00, 0x00, 0x00, 0xA2, 0x00, 0x00, 0x00, 0x34, 0x01, 0x00,
  0x00, 0xC6, 0x01, 0x00, 0x40, 0x58, 0x06, 0x00, 0x80, 0xEA, 0x0A, 0x00, 0xC0, 0x7C, 0x0F, 0x00,
  0x00, 0xFF, 0x13, 0x00, 0x40, 0xFF, 0x17, 0x00, 0x88, 0x6D, 0x3B, 0x00, 0x98, 0xCB, 0x7A, 0x00,
  0x61, 0x49, 0x96, 0x01, 0x2A, 0xA7, 0xB1, 0x02, 0xE2, 0x14, 0x8D, 0x02, 0x9A, 0x82, 0x68, 0x02,
  0x52, 0x00, 0x44, 0x02, 0x09, 0x00, 0x20, 0x01, 0x01, 0x00, 0x00, 0x01, 0x00, 0x00, 0x00, 0x00,
  0x00, 0x00, 0x00, 0x00, 0x00, 0x00, 0x00, 0x00, 0x00, 0x00, 0x00, 0x00, 0x00, 0x00, 0x00, 0x00,
  0x00, 0x00, 0x00, 0x00, 0x00, 0x00, 0x00, 0x00, 0x00, 0x00, 0x00, 0x00, 0x00, 0x00, 0x00, 0x00,
  0x00, 0x00, 0x00, 0x00, 0x00, 0x00, 0x00, 0x00, 0x00, 0x00, 0x00, 0x00, 0x00, 0x00, 0x00, 0x00,
  0x00, 0x10, 0x00, 0x00, 0x00, 0xA2, 0x00, 0x00, 0x00, 0x34, 0x01, 0x00, 0x00, 0xC6, 0x01, 0x00,
  0x40, 0x58, 0x06, 0x00, 0x80, 0xEA, 0x0A, 0x00, 0x80, 0x7C, 0x0B, 0x00, 0xC0, 0xFE, 0x0F, 0x00,
  0x08, 0x6D, 0x2F, 0x00, 0x90, 0x5D, 0x5B, 0x00, 0x59, 0xCB, 0x76, 0x01, 0x21, 0xB7, 0x91, 0x01,
  0xDA, 0x24, 0x6D, 0x02, 0x9A, 0x92, 0x68, 0x02, 0x52, 0x00, 0x44, 0x02, 0x09, 0x00, 0x20, 0x01,
  0x00, 0x00, 0x00, 0x00, 0x00, 0x00, 0x00, 0x00, 0x00, 0x00, 0x00, 0x00, 0x00, 0x00, 0x00, 0x00,
  0x00, 0x00, 0x00, 0x00, 0x00, 0x00, 0x00, 0x00, 0x00, 0x00, 0x00, 0x00, 0x00, 0x00, 0x00, 0x00,
  0x00, 0x00, 0x00, 0x00, 0x00, 0x00, 0x00, 0x00, 0x00, 0x00, 0x00, 0x00, 0x00, 0x00, 0x00, 0x00,
  0x00, 0x00, 0x00, 0x00, 0x00, 0x00, 0x00, 0x00, 0x00, 0x00, 0x00, 0x00, 0x00, 0x00, 0x00, 0x00,
  0x00, 0x00, 0x00, 0x00, 0x00, 0x10, 0x00, 0x00, 0x00, 0xA2, 0x00, 0x00, 0x40, 0x34, 0x05, 0x00,
  0x40, 0x44, 0x05, 0x00, 0x40, 0xD6, 0x05, 0x00, 0x80, 0x68, 0x0A, 0x00, 0xC0, 0x6C, 0x0F, 0x00,
  0xC8, 0xDA, 0x2E, 0x00, 0x48, 0x49, 0x36, 0x00, 0x11, 0xB7, 0x51, 0x01, 0xD1, 0x24, 0x4D, 0x01,
  0x91, 0x92, 0x48, 0x01, 0x48, 0x00, 0x24, 0x00, 0x08, 0x00, 0x20, 0x00, 0x00, 0x00, 0x00, 0x00,
  0x00, 0x00, 0x00, 0x00, 0x00, 0x00, 0x00, 0x00, 0x00, 0x00, 0x00, 0x00, 0x00, 0x00, 0x00, 0x00,
  0x00, 0x00, 0x00, 0x00, 0x00, 0x00, 0x00, 0x00, 0x00, 0x00, 0x00, 0x00, 0x00, 0x00, 0x00, 0x00,
  0x00, 0x00, 0x00, 0x00, 0x00, 0x00, 0x00, 0x00, 0x00, 0x00, 0x00, 0x00, 0x00, 0x00, 0x00, 0x00,
  0x00, 0x00, 0x00, 0x00, 0x00, 0x00, 0x00, 0x00, 0x00, 0x00, 0x00, 0x00, 0x00, 0x00, 0x00, 0x00,
  0x00, 0x00, 0x00, 0x00, 0x00, 0x00, 0x00, 0x00, 0x00, 0x00, 0x00, 0x00, 0x00, 0x00, 0x00, 0x00,
  0x00, 0x92, 0x00, 0x00, 0x00, 0x34, 0x01, 0x00, 0x40, 0xC6, 0x05, 0x00, 0x40, 0x58, 0x06, 0x00,
  0x88, 0xC6, 0x29, 0x00, 0x88, 0xB6, 0x29, 0x00, 0x88, 0x24, 0x29, 0x00, 0x40, 0x92, 0x04, 0x00,
  0x40, 0x00, 0x04, 0x00, 0x00, 0x00, 0x00, 0x00, 0x00, 0x00, 0x00, 0x00, 0x00, 0x00, 0x00, 0x00,
  0x00, 0x00, 0x00, 0x00, 0x00, 0x00, 0x00, 0x00, 0x00, 0x00, 0x00, 0x00, 0x00, 0x00, 0x00, 0x00,
  0x00, 0x00, 0x00, 0x00, 0x00, 0x00, 0x00, 0x00, 0x00, 0x00, 0x00, 0x00, 0x00, 0x00, 0x00, 0x00,
  0x00, 0x00, 0x00, 0x00, 0x00, 0x00, 0x00, 0x00, 0x00, 0x00, 0x00, 0x00, 0x00, 0x00, 0x00, 0x00,
  0x00, 0x00, 0x00, 0x00, 0x00, 0x00, 0x00, 0x00, 0x00, 0x00, 0x00, 0x00, 0x00, 0x00, 0x00, 0x00,
  0x00, 0x00, 0x00, 0x00, 0x00, 0x00, 0x00, 0x00, 0x00, 0x00, 0x00, 0x00, 0x00, 0x00, 0x00, 0x00,
  0x00, 0x92, 0x00, 0x00, 0x00, 0xA2, 0x00, 0x00, 0x40, 0x24, 0x05, 0x00, 0x40, 0x24, 0x05, 0x00,
  0x40, 0x24, 0x05, 0x00, 0x00, 0x92, 0x00, 0x00, 0x00, 0x10, 0x00, 0x00, 0x00, 0x00, 0x00, 0x00,
  0x00, 0x00, 0x00, 0x00, 0x00, 0x00, 0x00, 0x00, 0x00, 0x00, 0x00, 0x00, 0x00, 0x00, 0x00, 0x00,
  0x00, 0x00, 0x00, 0x00, 0x00, 0x00, 0x00, 0x00, 0x00, 0x00, 0x00, 0x00, 0x00, 0x00, 0x00, 0x00,
  0x00, 0x00, 0x00, 0x00, 0x00, 0x00, 0x00, 0x00, 0x00, 0x00, 0x00, 0x00,
};

// level_selector: start_row=0 rows=11 frames=10 492 bytes
const uint8_t SX3IMG_level_selector[] PROGMEM = {
  0x00, 0x00, 0x00, 0x00, 0x0B, 0x00, 0x00, 0x00, 0x0A, 0x00, 0x00, 0x00, 0x00, 0x00, 0x00, 0x00,
  0x00, 0x00, 0x00, 0x00, 0x00, 0x00, 0x00, 0x00, 0x00, 0x00, 0x00, 0x00, 0x00, 0x00, 0x00, 0x00,
  0x00, 0x00, 0x00, 0x00, 0x00, 0x00, 0x00, 0x00, 0x00, 0x00, 0x00, 0x00, 0x00, 0x00, 0x00, 0x00,
  0x00, 0x00, 0x00, 0x00, 0x00, 0x00, 0x00, 0x00, 0x00, 0x00, 0x00, 0x00, 0x00, 0x00, 0x00, 0x00,
  0x00, 0x00, 0x00, 0x00, 0x00, 0x00, 0x00, 0x00, 0x00, 0x00, 0x00, 0x00, 0x00, 0x00, 0x00, 0x00,
  0x00, 0x00, 0x00, 0x00, 0x00, 0x00, 0x00, 0x00, 0x00, 0x00, 0x00, 0x00, 0x00, 0x00, 0x00, 0x00,
  0x00, 0x00, 0x00, 0x00, 0x00, 0x00, 0x00, 0x00, 0x00, 0x00, 0x00, 0x00, 0x00, 0x00, 0x00, 0x00,
  0x00, 0x00, 0x00, 0x00, 0x00, 0x00, 0x00, 0x00, 0x00, 0x00, 0x00, 0x00, 0x00, 0x00, 0x00, 0x00,
  0x00, 0x00, 0x00, 0x00, 0x00, 0xD4, 0x00, 0x00, 0x00, 0x92, 0x00, 0x00, 0x00, 0x92, 0x00, 0x00,
  0x00, 0x22, 0x01, 0x00, 0x00, 0x34, 0x03, 0x00, 0x00, 0xBA, 0x02, 0x00, 0x00, 0x3A, 0x03, 0x00,
  0x00, 0x3C, 0x03, 0x00, 0x00, 0xCC, 0x02, 0x00, 0x00, 0x76, 0x01, 0x00, 0xD8, 0xF9, 0x05, 0x00,
  0x50, 0x97, 0x04, 0x00, 0x48, 0x92, 0x04, 0x00, 0x48, 0x12, 0x09, 0x00, 0x48, 0xC4, 0x0B, 0x00,
  0x90, 0xFE, 0x0F, 0x00, 0xD8, 0x6F, 0x0F, 0x00, 0x98, 0x6D, 0x1B, 0x00, 0x98, 0xFD, 0x17, 0x00,
  0xA0, 0xFD, 0x16, 0x00, 0xF0, 0x01, 0x24, 0x00, 0xE0, 0x01, 0x24, 0x00, 0x58, 0x00, 0x48, 0x00,
  0x48, 0x00, 0xDC, 0x00, 0x48, 0x00, 0xDC, 0x00, 0x90, 0x00, 0xD8, 0x00, 0xE8, 0x01, 0xD8, 0x00,
  0xE8, 0x01, 0xFC, 0x00, 0xB0, 0x01, 0xF4, 0x00, 0xB0, 0x01, 0x7C, 0x00, 0x34, 0x00, 0x20, 0x01,
  0x3B, 0x00, 0x20, 0x01, 0x2A, 0x00, 0x40, 0x02, 0x09, 0x00, 0xE0, 0x02, 0x09, 0x00, 0xE0, 0x02,
  0x09, 0x00, 0xC0, 0x03, 0x12, 0x00, 0xC0, 0x04, 0x3B, 0x00, 0xA0, 0x03, 0x33, 0x00, 0x60, 0x04,
  0x36, 0x00, 0x20, 0x01, 0x36, 0x00, 0x20, 0x01, 0x3D, 0x00, 0x40, 0x02, 0x3C, 0x00, 0xE0, 0x06,
  0x0B, 0x00, 0xE0, 0x06, 0x09, 0x00, 0xC0, 0x06, 0x09, 0x00, 0xC0, 0x06, 0x12, 0x00, 0xE0, 0x07,
  0x3D, 0x00, 0xA0, 0x07, 0x3D, 0x00, 0x20, 0x03, 0x34, 0x00, 0x20, 0x01, 0x34, 0x00, 0x20, 0x01,
  0x34, 0x00, 0x40, 0x02, 0x3B, 0x00, 0xE0, 0x02, 0x2A, 0x00, 0xC0, 0x02, 0x09, 0x00, 0xC0, 0x03,
  0x09, 0x00, 0xC0, 0x04, 0x09, 0x00, 0xA0, 0x03, 0x12, 0x00, 0x60, 0x04, 0x3B, 0x00, 0x20, 0x01,
  0x3B, 0x00, 0x20, 0x01, 0xF0, 0x01, 0x48, 0x00, 0xB0, 0x01, 0xDC, 0x00, 0xB8, 0x01, 0xDC, 0x00,
  0xF8, 0x01, 0xD8, 0x00, 0x48, 0x01, 0xD8, 0x00, 0x48, 0x00, 0xFC, 0x00, 0x48, 0x00, 0xF4, 0x00,
  0x90, 0x00, 0x64, 0x00, 0xE8, 0x01, 0x24, 0x00, 0xF0, 0x01, 0x24, 0x00, 0xD8, 0x7C, 0x4B, 0x00,
  0xA0, 0x7D, 0x4B, 0x00, 0xA8, 0x6D, 0x4F, 0x00, 0xE0, 0x6E, 0x7B, 0x00, 0x98, 0xFE, 0x9B, 0x00,
  0x48, 0xD2, 0xAF, 0x00, 0x48, 0x92, 0x88, 0x00, 0x48, 0x92, 0x24, 0x00, 0x90, 0x94, 0x24, 0x00,
  0xD0, 0x2D, 0x25, 0x00, 0x00, 0x74, 0x01, 0x00, 0x00, 0x36, 0x01, 0x00, 0x00, 0xE8, 0x01, 0x00,
  0x00, 0x6A, 0x02, 0x00, 0x00, 0xB8, 0x02, 0x00, 0x00, 0x26, 0x02, 0x00, 0x00, 0x92, 0x00, 0x00,
  0x00, 0x92, 0x00, 0x00, 0x00, 0x94, 0x00, 0x00, 0x00, 0x24, 0x01, 0x00,
};

// backup_code_first_digit: start_row=0 rows=18 frames=2 164 bytes
const uint8_t SX3IMG_backup_code_first_digit[] PROGMEM = {
  0x00, 0x00, 0x00, 0x00, 0x12, 0x00, 0x00, 0x00, 0x02, 0x00, 0x00, 0x00, 0xFA, 0x00, 0x00, 0x00,
  0xFA, 0x00, 0x00, 0x00, 0x00, 0x00, 0x00, 0x00, 0x00, 0x00, 0x00, 0x00, 0x00, 0x00, 0x00, 0x00,
  0x80, 0x00, 0x08, 0x00, 0x00, 0x04, 0x01, 0x00, 0x00, 0x8A, 0x02, 0x00, 0x00, 0x50, 0x00, 0x00,
  0x00, 0x70, 0x00, 0x00, 0x00, 0x04, 0x01, 0x00, 0x00, 0x8A, 0x02, 0x00, 0x00, 0x00, 0x00, 0x00,
  0x80, 0x00, 0x08, 0x00, 0x00, 0x00, 0x00, 0x00, 0x00, 0x00, 0x00, 0x00, 0x00, 0x00, 0x00, 0x00,
  0x00, 0x00, 0x00, 0x00, 0x00, 0x00, 0x00, 0x00, 0x00, 0x00, 0x00, 0x00, 0x00, 0x00, 0x00, 0x00,
  0x00, 0x00, 0x00, 0x00, 0x00, 0x50, 0x00, 0x00, 0x00, 0x50, 0x00, 0x00, 0x00, 0x00, 0x00, 0x00,
  0x00, 0x00, 0x00, 0x00, 0x00, 0x00, 0x00, 0x00, 0x00, 0x00, 0x00, 0x00, 0x00, 0x00, 0x00, 0x00,
  0x00, 0x00, 0x00, 0x00, 0x00, 0x00, 0x00, 0x00, 0x00, 0x00, 0x00, 0x00, 0x00, 0x00, 0x00, 0x00,
  0x00, 0x00, 0x00, 0x00, 0x00, 0x00, 0x00, 0x00, 0x00, 0x00, 0x00, 0x00, 0x00, 0x50, 0x00, 0x00,
  0x00, 0x50, 0x00, 0x00,
};

// backup_code_second_digit: start_row=0 rows=18 frames=2 164 bytes
const uint8_t SX3IMG_backup_code_second_digit[] PROGMEM = {
  0x00, 0x00, 0x00, 0x00, 0x12, 0x00, 0x00, 0x00, 0x02, 0x00, 0x00, 0x00, 0xFA, 0x00, 0x00, 0x00,
  0xFA, 0x00, 0x00, 0x00, 0x00, 0x00, 0x00, 0x00, 0x00, 0x00, 0x00, 0x00, 0x00, 0x00, 0x00, 0x00,
  0x00, 0x00, 0x00, 0x00, 0x00, 0x00, 0x00, 0x00, 0x00, 0x00, 0x00, 0x00, 0x40, 0xD6, 0x05, 0x00,
  0x40, 0xD6, 0x05, 0x00, 0x00, 0x00, 0x00, 0x00, 0x00, 0x00, 0x00, 0x00, 0x00, 0x00, 0x00, 0x00,
  0x00, 0x00, 0x00, 0x00, 0x00, 0x00, 0x00, 0x00, 0x00, 0x00, 0x00, 0x00, 0x00, 0x00, 0x00, 0x00,
  0x00, 0x00, 0x00, 0x00, 0x00, 0x00, 0x00, 0x00, 0x80, 0x00, 0x08, 0x00, 0x00, 0x04, 0x01, 0x00,
  0x00, 0x8A, 0x02, 0x00, 0x00, 0x50, 0x00, 0x00, 0x00, 0x70, 0x00, 0x00, 0x00, 0x04, 0x01, 0x00,
  0x00, 0x8A, 0x02, 0x00, 0x00, 0x00, 0x00, 0x00, 0x80, 0x00, 0x08, 0x00, 0x00, 0x00, 0x00, 0x00,
  0x00, 0x00, 0x00, 0x00, 0x00, 0x00, 0x00, 0x00, 0x00, 0x00, 0x00, 0x00, 0x00, 0x00, 0x00, 0x00,
  0x00, 0x00, 0x00, 0x00, 0x00, 0x00, 0x00, 0x00, 0x00, 0x00, 0x00, 0x00, 0x00, 0x50, 0x00, 0x00,
  0x00, 0x50, 0x00, 0x00,
};

// backup_code_third_digit: start_row=0 rows=20 frames=2 180 bytes
const uint8_t SX3IMG_backup_code_third_digit[] PROGMEM = {
  0x00, 0x00, 0x00, 0x00, 0x14, 0x00, 0x00, 0x00, 0x02, 0x00, 0x00, 0x00, 0xFA, 0x00, 0x00, 0x00,
  0xFA, 0x00, 0x00, 0x00, 0x00, 0x00, 0x00, 0x00, 0x00, 0x00, 0x00, 0x00, 0x00, 0x00, 0x00, 0x00,
  0x00, 0x00, 0x00, 0x00, 0x00, 0x00, 0x00, 0x00, 0x00, 0x00, 0x00, 0x00, 0x40, 0xD6, 0x05, 0x00,
  0x40, 0xD6, 0x05, 0x00, 0x00, 0x00, 0x00, 0x00, 0x00, 0x00, 0x00, 0x00, 0x00, 0x00, 0x00, 0x00,
  0x00, 0x00, 0x00, 0x00, 0x00, 0x00, 0x00, 0x00, 0x00, 0x00, 0x00, 0x00, 0x00, 0x00, 0x00, 0x00,
  0x00, 0x00, 0x00, 0x00, 0x00, 0x00, 0x00, 0x00, 0x00, 0x00, 0x00, 0x00, 0x00, 0x00, 0x00, 0x00,
  0x00, 0x00, 0x00, 0x00, 0x40, 0xD6, 0x05, 0x00, 0x40, 0xD6, 0x05, 0x00, 0x00, 0x00, 0x00, 0x00,
  0x00, 0x00, 0x00, 0x00, 0x00, 0x00, 0x00, 0x00, 0x00, 0x00, 0x00, 0x00, 0x00, 0x00, 0x00, 0x00,
  0x00, 0x00, 0x00, 0x00, 0x00, 0x00, 0x00, 0x00, 0x00, 0x00, 0x00, 0x00, 0x00, 0x00, 0x00, 0x00,
  0x80, 0x00, 0x08, 0x00, 0x00, 0x04, 0x01, 0x00, 0x00, 0x8A, 0x02, 0x00, 0x00, 0x50, 0x00, 0x00,
  0x00, 0x70, 0x00, 0x00, 0x00, 0x04, 0x01, 0x00, 0x00, 0x8A, 0x02, 0x00, 0x00, 0x00, 0x00, 0x00,
  0x80, 0x00, 0x08, 0x00,
};

// lock_closing: start_row=1 rows=11 frames=4 204 bytes
const uint8_t SX3IMG_lock_closing[] PROGMEM = {
  0x01, 0x00, 0x00, 0x00, 0x0B, 0x00, 0x00, 0x00, 0x04, 0x00, 0x00, 0x00, 0x50, 0x00, 0x00, 0x00,
  0x50, 0x00, 0x00, 0x00, 0x50, 0x00, 0x00, 0x00, 0x50, 0x00, 0x00, 0x00, 0x00, 0x00, 0x00, 0x00,
  0x00, 0x00, 0x00, 0x00, 0x00, 0x00, 0x00, 0x00, 0x00, 0xFE, 0x03, 0x00, 0x00, 0xB6, 0x01, 0x00,
  0x00, 0xDA, 0x02, 0x00, 0x00, 0xFE, 0x03, 0x00, 0xC0, 0x01, 0x1C, 0x00, 0xC0, 0x00, 0x0C, 0x00,
  0x40, 0x01, 0x14, 0x00, 0xC0, 0x01, 0x1C, 0x00, 0xC0, 0x01, 0x1C, 0x00, 0xC0, 0x00, 0x0C, 0x00,
  0x40, 0x01, 0x14, 0x00, 0xC0, 0x01, 0x1C, 0x00, 0x00, 0x00, 0x1C, 0x00, 0xC0, 0x00, 0x0C, 0x00,
  0x40, 0x01, 0x14, 0x00, 0xC0, 0x01, 0x1C, 0x00, 0x00, 0x00, 0x1C, 0x00, 0x88, 0x24, 0x29, 0x00,
  0x18, 0x49, 0x72, 0x00, 0xA8, 0x6D, 0xBB, 0x00, 0xA8, 0x6D, 0xBB, 0x00, 0x88, 0xB6, 0x29, 0x00,
  0x18, 0xDB, 0x72, 0x00, 0xA8, 0xFF, 0xBB, 0x00, 0xA8, 0xFF, 0xBB, 0x00, 0x88, 0xB6, 0x29, 0x00,
  0x18, 0xDB, 0x72, 0x00, 0xA8, 0xFF, 0xBB, 0x00, 0xA8, 0xFF, 0xBB, 0x00, 0x88, 0xB6, 0x29, 0x00,
  0x18, 0xDB, 0x72, 0x00, 0xA8, 0xFF, 0xBB, 0x00, 0xA8, 0xFF, 0xBB, 0x00, 0x88, 0x24, 0x29, 0x00,
  0x18, 0x49, 0x72, 0x00, 0xA8, 0x6D, 0xBB, 0x00, 0xA8, 0x6D, 0xBB, 0x00, 0x48, 0x92, 0x24, 0x00,
  0xD8, 0xB6, 0x6D, 0x00, 0x68, 0xDB, 0xB6, 0x00, 0x68, 0xDB, 0xB6, 0x00,
};

// charging: start_row=2 rows=9 frames=16 652 bytes
const uint8_t SX3IMG_charging[] PROGMEM = {
  0x02, 0x00, 0x00, 0x00, 0x09, 0x00, 0x00, 0x00, 0x10, 0x00, 0x00, 0x00, 0x64, 0x00, 0x00, 0x00,
  0x64, 0x00, 0x00, 0x00, 0x64, 0x00, 0x00, 0x00, 0x64, 0x00, 0x00, 0x00, 0x64, 0x00, 0x00, 0x00,
  0x64, 0x00, 0x00, 0x00, 0x64, 0x00, 0x00, 0x00, 0x64, 0x00, 0x00, 0x00, 0x64, 0x00, 0x00, 0x00,
  0x64, 0x00, 0x00, 0x00, 0x64, 0x00, 0x00, 0x00, 0x64, 0x00, 0x00, 0x00, 0x64, 0x00, 0x00, 0x00,
  0x64, 0x00, 0x00, 0x00, 0x64, 0x00, 0x00, 0x00, 0x64, 0x00, 0x00, 0x00, 0x00, 0x02, 0x00, 0x00,
  0x48, 0x92, 0x00, 0x00, 0x88, 0xA4, 0x00, 0x00, 0xC8, 0xB6, 0x00, 0x00, 0x10, 0x49, 0x01, 0x00,
  0x50, 0x5B, 0x01, 0x00, 0x90, 0x6D, 0x01, 0x00, 0xD8, 0xFF, 0x01, 0x00, 0xD8, 0xFF, 0x01, 0x00,
  0x90, 0x6D, 0x01, 0x00, 0x50, 0x5B, 0x01, 0x00, 0x10, 0x49, 0x01, 0x00, 0xC8, 0xB6, 0x00, 0x00,
  0x88, 0xA4, 0x00, 0x00, 0x48, 0x92, 0x00, 0x00, 0x00, 0x02, 0x00, 0x00, 0x40, 0x12, 0x00, 0x00,
  0x40, 0x92, 0x00, 0x00, 0x80, 0x24, 0x01, 0x00, 0xC0, 0xB6, 0x01, 0x00, 0x00, 0x49, 0x02, 0x00,
  0x40, 0xDB, 0x02, 0x00, 0x80, 0x6D, 0x03, 0x00, 0xC0, 0xFF, 0x03, 0x00, 0xC0, 0xFF, 0x03, 0x00,
  0x80, 0x6D, 0x03, 0x00, 0x40, 0xDB, 0x02, 0x00, 0x00, 0x49, 0x02, 0x00, 0xC0, 0xB6, 0x01, 0x00,
  0x80, 0x24, 0x01, 0x00, 0x40, 0x92, 0x00, 0x00, 0x40, 0x12, 0x00, 0x00, 0x00, 0x92, 0x00, 0x00,
  0x00, 0x92, 0x04, 0x00, 0x00, 0x24, 0x05, 0x00, 0x00, 0xB6, 0x05, 0x00, 0x00, 0x48, 0x0A, 0x00,
  0x00, 0xDA, 0x0A, 0x00, 0x00, 0x6C, 0x0B, 0x00, 0x00, 0xFE, 0x0F, 0x00, 0x00, 0xFE, 0x0F, 0x00,
  0x00, 0x6C, 0x0B, 0x00, 0x00, 0xDA, 0x0A, 0x00, 0x00, 0x48, 0x0A, 0x00, 0x00, 0xB6, 0x05, 0x00,
  0x00, 0x24, 0x05, 0x00, 0x00, 0x92, 0x04, 0x00, 0x00, 0x92, 0x00, 0x00, 0x00, 0x90, 0x04, 0x00,
  0x00, 0x90, 0x04, 0x00, 0x00, 0x20, 0x09, 0x00, 0x00, 0xB0, 0x0D, 0x00, 0x00, 0x40, 0x12, 0x00,
  0x00, 0xD0, 0x16, 0x00, 0x00, 0x60, 0x1B, 0x00, 0x00, 0xF0, 0x1F, 0x00, 0x00, 0xF0, 0x1F, 0x00,
  0x00, 0x60, 0x1B, 0x00, 0x00, 0xD0, 0x16, 0x00, 0x00, 0x40, 0x12, 0x00, 0x00, 0xB0, 0x0D, 0x00,
  0x00, 0x20, 0x09, 0x00, 0x00, 0x90, 0x04, 0x00, 0x00, 0x90, 0x04, 0x00, 0x00, 0x92, 0x00, 0x00,
  0x48, 0x92, 0x24, 0x00, 0x88, 0x24, 0x29, 0x00, 0xC8, 0xB6, 0x2D, 0x00, 0x10, 0x49, 0x52, 0x00,
  0x50, 0xDB, 0x56, 0x00, 0x90, 0x6D, 0x5B, 0x00, 0xD8, 0xFF, 0x7F, 0x00, 0xD8, 0xFF, 0x7F, 0x00,
  0x90, 0x6D, 0x5B, 0x00, 0x50, 0xDB, 0x56, 0x00, 0x10, 0x49, 0x52, 0x00, 0xC8, 0xB6, 0x2D, 0x00,
  0x88, 0x24, 0x29, 0x00, 0x48, 0x92, 0x24, 0x00, 0x00, 0x92, 0x00, 0x00, 0x40, 0x12, 0x00, 0x00,
  0x40, 0x12, 0x00, 0x00, 0x80, 0x14, 0x00, 0x00, 0xC0, 0x16, 0x00, 0x00, 0x00, 0x29, 0x00, 0x00,
  0x40, 0x2B, 0x00, 0x00, 0x80, 0x2D, 0x00, 0x00, 0xC0, 0x2F, 0x00, 0x00, 0xC0, 0x2F, 0x00, 0x00,
  0x80, 0x2D, 0x00, 0x00, 0x40, 0x2B, 0x00, 0x00, 0x00, 0x29, 0x00, 0x00, 0xC0, 0x16, 0x00, 0x00,
  0x80, 0x14, 0x00, 0x00, 0x40, 0x12, 0x00, 0x00, 0x40, 0x12, 0x00, 0x00, 0x00, 0x12, 0x00, 0x00,
  0x00, 0x12, 0x00, 0x00, 0x00, 0xA4, 0x00, 0x00, 0x00, 0xB6, 0x00, 0x00, 0x00, 0xC8, 0x00, 0x00,
  0x00, 0xDA, 0x00, 0x00, 0x00, 0xEC, 0x00, 0x00, 0x00, 0x7E, 0x01, 0x00, 0x00, 0x7E, 0x01, 0x00,
  0x00, 0xEC, 0x00, 0x00, 0x00, 0xDA, 0x00, 0x00, 0x00, 0xC8, 0x00, 0x00, 0x00, 0xB6, 0x00, 0x00,
  0x00, 0xA4, 0x00, 0x00, 0x00, 0x12, 0x00, 0x00, 0x00, 0x12, 0x00, 0x00, 0x00, 0x90, 0x00, 0x00,
  0x00, 0x90, 0x00, 0x00, 0x00, 0x10, 0x05, 0x00, 0x00, 0x90, 0x05, 0x00, 0x00, 0x20, 0x06, 0x00,
  0x00, 0xA0, 0x06, 0x00, 0x00, 0x20, 0x07, 0x00, 0x00, 0xB0, 0x0B, 0x00, 0x00, 0xB0, 0x0B, 0x00,
  0x00, 0x20, 0x07, 0x00, 0x00, 0xA0, 0x06, 0x00, 0x00, 0x20, 0x06, 0x00, 0x00, 0x90, 0x05, 0x00,
  0x00, 0x10, 0x05, 0x00, 0x00, 0x90, 0x00, 0x00, 0x00, 0x90, 0x00, 0x00, 0x00, 0x80, 0x00, 0x00,
  0x00, 0x80, 0x04, 0x00, 0x00, 0x80, 0x04, 0x00, 0x00, 0x80, 0x08, 0x00, 0x00, 0x00, 0x11, 0x00,
  0x00, 0x00, 0x15, 0x00, 0x00, 0x00, 0x19, 0x00, 0x00, 0x80, 0x1D, 0x00, 0x00, 0x80, 0x1D, 0x00,
  0x00, 0x00, 0x19, 0x00, 0x00, 0x00, 0x15, 0x00, 0x00, 0x00, 0x11, 0x00, 0x00, 0x80, 0x08, 0x00,
  0x00, 0x80, 0x04, 0x00, 0x00, 0x80, 0x04, 0x00, 0x00, 0x80, 0x00, 0x00,
};

// charge_attempt: start_row=2 rows=9 frames=9 372 bytes
const uint8_t SX3IMG_charge_attempt[] PROGMEM = {
  0x02, 0x00, 0x00, 0x00, 0x09, 0x00, 0x00, 0x00, 0x09, 0x00, 0x00, 0x00, 0x64, 0x00, 0x00, 0x00,
  0x64, 0x00, 0x00, 0x00, 0x64, 0x00, 0x00, 0x00, 0x64, 0x00, 0x00, 0x00, 0x64, 0x00, 0x00, 0x00,
  0x64, 0x00, 0x00, 0x00, 0x64, 0x00, 0x00, 0x00, 0x64, 0x00, 0x00, 0x00, 0x64, 0x00, 0x00, 0x00,
  0x00, 0x02, 0x00, 0x00, 0x48, 0x92, 0x00, 0x00, 0x88, 0xA4, 0x00, 0x00, 0xC8, 0xB6, 0x00, 0x00,
  0x10, 0x49, 0x01, 0x00, 0x50, 0x5B, 0x01, 0x00, 0x90, 0x6D, 0x01, 0x00, 0xD8, 0xFF, 0x01, 0x00,
  0xD8, 0xFF, 0x01, 0x00, 0x40, 0x12, 0x00, 0x00, 0x40, 0x92, 0x00, 0x00, 0x80, 0x24, 0x01, 0x00,
  0xC0, 0xB6, 0x01, 0x00, 0x00, 0x49, 0x02, 0x00, 0x40, 0xDB, 0x02, 0x00, 0x80, 0x6D, 0x03, 0x00,
  0xC0, 0xFF, 0x03, 0x00, 0xC0, 0xFF, 0x03, 0x00, 0x00, 0x92, 0x00, 0x00, 0x00, 0x92, 0x04, 0x00,
  0x00, 0x24, 0x05, 0x00, 0x00, 0xB6, 0x05, 0x00, 0x00, 0x48, 0x0A, 0x00, 0x00, 0xDA, 0x0A, 0x00,
  0x00, 0x6C, 0x0B, 0x00, 0x00, 0xFE, 0x0F, 0x00, 0x00, 0xFE, 0x0F, 0x00, 0x00, 0x90, 0x04, 0x00,
  0x00, 0x90, 0x04, 0x00, 0x00, 0x20, 0x09, 0x00, 0x00, 0xB0, 0x0D, 0x00, 0x00, 0x40, 0x12, 0x00,
  0x00, 0xD0, 0x16, 0x00, 0x00, 0x60, 0x1B, 0x00, 0x00, 0xF0, 0x1F, 0x00, 0x00, 0xF0, 0x1F, 0x00,
  0x00, 0x92, 0x00, 0x00, 0x48, 0x92, 0x24, 0x00, 0x88, 0x24, 0x29, 0x00, 0xC8, 0xB6, 0x2D, 0x00,
  0x10, 0x49, 0x52, 0x00, 0x50, 0xDB, 0x56, 0x00, 0x90, 0x6D, 0x5B, 0x00, 0xD8, 0xFF, 0x7F, 0x00,
  0xD8, 0xFF, 0x7F, 0x00, 0x40, 0x12, 0x00, 0x00, 0x40, 0x12, 0x00, 0x00, 0x80, 0x14, 0x00, 0x00,
  0xC0, 0x16, 0x00, 0x00, 0x00, 0x29, 0x00, 0x00, 0x40, 0x2B, 0x00, 0x00, 0x80, 0x2D, 0x00, 0x00,
  0xC0, 0x2F, 0x00, 0x00, 0xC0, 0x2F, 0x00, 0x00, 0x00, 0x12, 0x00, 0x00, 0x00, 0x12, 0x00, 0x00,
  0x00, 0xA4, 0x00, 0x00, 0x00, 0xB6, 0x00, 0x00, 0x00, 0xC8, 0x00, 0x00, 0x00, 0xDA, 0x00, 0x00,
  0x00, 0xEC, 0x00, 0x00, 0x00, 0x7E, 0x01, 0x00, 0x00, 0x7E, 0x01, 0x00, 0x00, 0x90, 0x00, 0x00,
  0x00, 0x90, 0x00, 0x00, 0x00, 0x10, 0x05, 0x00, 0x00, 0x90, 0x05, 0x00, 0x00, 0x20, 0x06, 0x00,
  0x00, 0xA0, 0x06, 0x00, 0x00, 0x20, 0x07, 0x00, 0x00, 0xB0, 0x0B, 0x00, 0x00, 0xB0, 0x0B, 0x00,
  0x00, 0x80, 0x00, 0x00, 0x00, 0x80, 0x04, 0x00, 0x00, 0x80, 0x04, 0x00, 0x00, 0x80, 0x08, 0x00,
  0x00, 0x00, 0x11, 0x00, 0x00, 0x00, 0x15, 0x00, 0x00, 0x00, 0x19, 0x00, 0x00, 0x80, 0x1D, 0x00,
  0x00, 0x80, 0x1D, 0x00,
};

// error: start_row=12 rows=5 frames=1 36 bytes
const uint8_t SX3IMG_error[] PROGMEM = {
  0x0C, 0x00, 0x00, 0x00, 0x05, 0x00, 0x00, 0x00, 0x01, 0x00, 0x00, 0x00, 0x50, 0x00, 0x00, 0x00,
  0x00, 0x00, 0xFC, 0x07, 0x00, 0x00, 0x00, 0x07, 0x3F, 0x7E, 0xFC, 0x07, 0x38, 0x70, 0x00, 0x07,
  0x38, 0x70, 0xFC, 0x07,
};

// lock_opening: start_row=1 rows=11 frames=4 204 bytes
const uint8_t SX3IMG_lock_opening[] PROGMEM = {
  0x01, 0x00, 0x00, 0x00, 0x0B, 0x00, 0x00, 0x00, 0x04, 0x00, 0x00, 0x00, 0x50, 0x00, 0x00, 0x00,
  0x50, 0x00, 0x00, 0x00, 0x50, 0x00, 0x00, 0x00, 0x50, 0x00, 0x00, 0x00, 0x00, 0xB6, 0x01, 0x00,
  0x00, 0xDA, 0x02, 0x00, 0x00, 0xFE, 0x03, 0x00, 0x00, 0x00, 0x00, 0x00, 0xC0, 0x00, 0x0C, 0x00,
  0x40, 0x01, 0x14, 0x00, 0xC0, 0x01, 0x1C, 0x00, 0x00, 0xFE, 0x03, 0x00, 0xC0, 0x00, 0x0C, 0x00,
  0x40, 0x01, 0x14, 0x00, 0xC0, 0x01, 0x1C, 0x00, 0xC0, 0x01, 0x1C, 0x00, 0xC0, 0x00, 0x0C, 0x00,
  0x40, 0x01, 0x14, 0x00, 0xC0, 0x01, 0x1C, 0x00, 0xC0, 0x01, 0x1C, 0x00, 0x00, 0x00, 0x0C, 0x00,
  0x00, 0x00, 0x14, 0x00, 0x00, 0x00, 0x1C, 0x00, 0xC0, 0x01, 0x1C, 0x00, 0x88, 0x24, 0x29, 0x00,
  0x18, 0x49, 0x72, 0x00, 0xA8, 0x6D, 0xBB, 0x00, 0xA8, 0x6D, 0xBB, 0x00, 0x88, 0xB6, 0x29, 0x00,
  0x18, 0xDB, 0x72, 0x00, 0xA8, 0xFF, 0xBB, 0x00, 0xA8, 0xFF, 0xBB, 0x00, 0x88, 0xB6, 0x29, 0x00,
  0x18, 0xDB, 0x72, 0x00, 0xA8, 0xFF, 0xBB, 0x00, 0xA8, 0xFF, 0xBB, 0x00, 0x88, 0xB6, 0x29, 0x00,
  0x18, 0xDB, 0x72, 0x00, 0xA8, 0xFF, 0xBB, 0x00, 0xA8, 0xFF, 0xBB, 0x00, 0x88, 0x24, 0x29, 0x00,
  0x18, 0x49, 0x72, 0x00, 0xA8, 0x6D, 0xBB, 0x00, 0xA8, 0x6D, 0xBB, 0x00, 0x48, 0x92, 0x24, 0x00,
  0xD8, 0xB6, 0x6D, 0x00, 0x68, 0xDB, 0xB6, 0x00, 0x68, 0xDB, 0xB6, 0x00,
};

// angry_skull: start_row=5 rows=12 frames=8 428 bytes
const uint8_t SX3IMG_angry_skull[] PROGMEM = {
  0x05, 0x00, 0x00, 0x00, 0x0C, 0x00, 0x00, 0x00, 0x08, 0x00, 0x00, 0x00, 0x32, 0x00, 0x00, 0x00,
  0x32, 0x00, 0x00, 0x00, 0x32, 0x00, 0x00, 0x00, 0x32, 0x00, 0x00, 0x00, 0x32, 0x00, 0x00, 0x00,
  0x32, 0x00, 0x00, 0x00, 0x32, 0x00, 0x00, 0x00, 0x32, 0x00, 0x00, 0x00, 0x40, 0xFF, 0x17, 0x00,
  0x40, 0xFF, 0x17, 0x00, 0x40, 0xFF, 0x17, 0x00, 0x40, 0xFF, 0x17, 0x00, 0x40, 0xFF, 0x17, 0x00,
  0x40, 0xFF, 0x17, 0x00, 0x40, 0xFF, 0x17, 0x00, 0x40, 0xFF, 0x17, 0x00, 0xE8, 0xFF, 0xBF, 0x00,
  0xE8, 0xFF, 0xBF, 0x00, 0xE8, 0xFF, 0xBF, 0x00, 0xE8, 0xFF, 0xBF, 0x00, 0xE8, 0xFF, 0xBF, 0x00,
  0xE8, 0xFF, 0xBF, 0x00, 0xE8, 0xFF, 0xBF, 0x00, 0xE8, 0xFF, 0xBF, 0x00, 0xFD, 0xFF, 0xFF, 0x05,
  0xFD, 0xFF, 0xFF, 0x05, 0xFD, 0xFF, 0xFF, 0x05, 0xFD, 0xFF, 0xFF, 0x05, 0xFD, 0xFF, 0xFF, 0x05,
  0xFD, 0xFF, 0xFF, 0x05, 0xFD, 0xFF, 0xFF, 0x05, 0xFD, 0xFF, 0xFF, 0x05, 0xFF, 0xFF, 0xFF, 0x07,
  0xFF, 0xFF, 0xFF, 0x07, 0xFF, 0xFF, 0xFF, 0x07, 0xFF, 0xFF, 0xFF, 0x07, 0xFF, 0xFF, 0xFF, 0x07,
  0xFF, 0xFF, 0xFF, 0x07, 0xFF, 0xFF, 0xFF, 0x07, 0xFF, 0xFF, 0xFF, 0x07, 0x27, 0x78, 0x82, 0x07,
  0x27, 0x78, 0x82, 0x07, 0x27, 0x78, 0x82, 0x07, 0x27, 0x78, 0x82, 0x07, 0x27, 0x78, 0x82, 0x07,
  0x27, 0x78, 0x82, 0x07, 0x27, 0x78, 0x82, 0x07, 0x27, 0x78, 0x82, 0x07, 0x27, 0x78, 0x82, 0x07,
  0xE7, 0x79, 0x9E, 0x07, 0x27, 0x78, 0x82, 0x07, 0xE7, 0x79, 0x9E, 0x07, 0x27, 0x78, 0x82, 0x07,
  0xE7, 0x79, 0x9E, 0x07, 0x27, 0x78, 0x82, 0x07, 0xE7, 0x79, 0x9E, 0x07, 0xFF, 0x8F, 0xFF, 0x07,
  0xFF, 0x8F, 0xFF, 0x07, 0xFF, 0x8F, 0xFF, 0x07, 0xFF, 0x8F, 0xFF, 0x07, 0xFF, 0x8F, 0xFF, 0x07,
  0xFF, 0x8F, 0xFF, 0x07, 0xFF, 0x8F, 0xFF, 0x07, 0xFF, 0x8F, 0xFF, 0x07, 0xF8, 0x8F, 0xFF, 0x00,
  0xF8, 0x8F, 0xFF, 0x00, 0xF8, 0x8F, 0xFF, 0x00, 0xF8, 0x8F, 0xFF, 0x00, 0xF8, 0x8F, 0xFF, 0x00,
  0xF8, 0x8F, 0xFF, 0x00, 0xF8, 0x8F, 0xFF, 0x00, 0xF8, 0x8F, 0xFF, 0x00, 0x40, 0xFF, 0x17, 0x00,
  0x40, 0xFF, 0x17, 0x00, 0x40, 0xFF, 0x17, 0x00, 0x40, 0xFF, 0x17, 0x00, 0x40, 0xFF, 0x17, 0x00,
  0x40, 0xFF, 0x17, 0x00, 0x40, 0xFF, 0x17, 0x00, 0x40, 0xFF, 0x17, 0x00, 0x40, 0x39, 0x16, 0x00,
  0x40, 0x39, 0x16, 0x00, 0x40, 0x39, 0x16, 0x00, 0x40, 0x39, 0x16, 0x00, 0x40, 0x39, 0x16, 0x00,
  0x40, 0x79, 0x16, 0x00, 0x40, 0x39, 0x16, 0x00, 0x40, 0x79, 0x16, 0x00, 0x00, 0xFE, 0x03, 0x00,
  0x00, 0xFE, 0x03, 0x00, 0x00, 0xFE, 0x03, 0x00, 0x00, 0xFE, 0x03, 0x00, 0x00, 0xFE, 0x03, 0x00,
  0xC0, 0x8B, 0x1E, 0x00, 0xC0, 0x8B, 0x1E, 0x00, 0xC0, 0x8B, 0x1E, 0x00, 0x00, 0x00, 0x00, 0x00,
  0x00, 0x00, 0x00, 0x00, 0x00, 0x00, 0x00, 0x00, 0x00, 0x00, 0x00, 0x00, 0x00, 0x00, 0x00, 0x00,
  0x00, 0xFE, 0x03, 0x00, 0x00, 0xFE, 0x03, 0x00, 0x00, 0xFE, 0x03, 0x00,
};

// firmware_downloading: start_row=2 rows=18 frames=12 924 bytes
const uint8_t SX3IMG_firmware_downloading[] PROGMEM = {
  0x02, 0x00, 0x00, 0x00, 0x12, 0x00, 0x00, 0x00, 0x0C, 0x00, 0x00, 0x00, 0x64, 0x00, 0x00, 0x00,
  0x64, 0x00, 0x00, 0x00, 0x64, 0x00, 0x00, 0x00, 0x64, 0x00, 0x00, 0x00, 0x64, 0x00, 0x00, 0x00,
  0x64, 0x00, 0x00, 0x00, 0x64, 0x00, 0x00, 0x00, 0x64, 0x00, 0x00, 0x00, 0x64, 0x00, 0x00, 0x00,
  0x64, 0x00, 0x00, 0x00, 0x64, 0x00, 0x00, 0x00, 0x64, 0x00, 0x00, 0x00, 0x00, 0xFE, 0x03, 0x00,
  0x00, 0xFE, 0x03, 0x00, 0x00, 0xFE, 0x03, 0x00, 0x00, 0xFE, 0x03, 0x00, 0x00, 0xFE, 0x03, 0x00,
  0x00, 0xFE, 0x03, 0x00, 0x00, 0xFE, 0x03, 0x00, 0x00, 0xFE, 0x03, 0x00, 0x00, 0xFE, 0x03, 0x00,
  0x00, 0xFE, 0x03, 0x00, 0x00, 0xFE, 0x03, 0x00, 0x00, 0xFE, 0x03, 0x00, 0xD0, 0xB7, 0x1D, 0x00,
  0xD0, 0xB7, 0x1D, 0x00, 0xD0, 0xB7, 0x1D, 0x00, 0xD0, 0xB7, 0x1D, 0x00, 0xD0, 0xB7, 0x1D, 0x00,
  0xD0, 0xB7, 0x1D, 0x00, 0xD0, 0xB7, 0x1D, 0x00, 0xD0, 0xB7, 0x1D, 0x00, 0xD0, 0xB7, 0x1D, 0x00,
  0xD0, 0xB7, 0x1D, 0x00, 0xD0, 0xB7, 0x1D, 0x00, 0xD0, 0xB7, 0x1D, 0x00, 0xFA, 0xB6, 0xED, 0x02,
  0xFA, 0xB6, 0xED, 0x02, 0xFA, 0xB6, 0xED, 0x02, 0xFA, 0xB6, 0xED, 0x02, 0xFA, 0xB6, 0xED, 0x02,
  0xFA, 0xB6, 0xED, 0x02, 0xFA, 0xB6, 0xED, 0x02, 0xFA, 0xB6, 0xED, 0x02, 0xFA, 0xB6, 0xED, 0x02,
  0xFA, 0xB6, 0xED, 0x02, 0xFA, 0xB6, 0xED, 0x02, 0xFA, 0xB6, 0xED, 0x02, 0xFF, 0xB6, 0xED, 0x07,
  0xFF, 0xB6, 0xED, 0x07, 0xFF, 0xB6, 0xED, 0x07, 0xFF, 0xB6, 0xED, 0x07, 0xFF, 0xB6, 0xED, 0x07,
  0xFF, 0xB6, 0xED, 0x07, 0xFF, 0xB6, 0xED, 0x07, 0xFF, 0xB6, 0xED, 0x07, 0xFF, 0xB6, 0xED, 0x07,
  0xFF, 0xB6, 0xED, 0x07, 0xFF, 0xB6, 0xED, 0x07, 0xFF, 0xB6, 0xED, 0x07, 0xF8, 0xB7, 0xED, 0x02,
  0xF8, 0xB7, 0xED, 0x02, 0xF8, 0xB7, 0xED, 0x02, 0xF8, 0xB7, 0xED, 0x02, 0xF8, 0xB7, 0xED, 0x02,
  0xF8, 0xB7, 0xED, 0x02, 0xF8, 0xB7, 0xED, 0x02, 0xF8, 0xB7, 0xED, 0x02, 0xF8, 0xB7, 0xED, 0x02,
  0xF8, 0xB7, 0xED, 0x02, 0xF8, 0xB7, 0xED, 0x02, 0xF8, 0xB7, 0xED, 0x02, 0x00, 0xB2, 0x3F, 0x00,
  0x00, 0xB2, 0x3F, 0x00, 0x00, 0xB2, 0x3F, 0x00, 0x00, 0xB2, 0x3F, 0x00, 0x00, 0xB2, 0x3F, 0x00,
  0x00, 0xB2, 0x3F, 0x00, 0x00, 0xB2, 0x3F, 0x00, 0x00, 0xB2, 0x3F, 0x00, 0x00, 0xB2, 0x3F, 0x00,
  0x00, 0xB2, 0x3F, 0x00, 0x00, 0xB2, 0x3F, 0x00, 0x00, 0xB2, 0x3F, 0x00, 0x00, 0x00, 0x00, 0x00,
  0x00, 0x00, 0x00, 0x00, 0x00, 0x00, 0x00, 0x00, 0x00, 0x00, 0x00, 0x00, 0x00, 0x00, 0x00, 0x00,
  0x00, 0x00, 0x00, 0x00, 0x00, 0x00, 0x00, 0x00, 0x00, 0x00, 0x00, 0x00, 0x00, 0x00, 0x00, 0x00,
  0x00, 0x00, 0x00, 0x00, 0x00, 0x00, 0x00, 0x00, 0x00, 0x00, 0x00, 0x00, 0x00, 0x00, 0x00, 0x00,
  0x00, 0x00, 0x00, 0x00, 0x00, 0x00, 0x00, 0x00, 0x00, 0x00, 0x00, 0x00, 0x00, 0x00, 0x00, 0x00,
  0x00, 0x00, 0x00, 0x00, 0x00, 0x00, 0x00, 0x00, 0x00, 0x00, 0x00, 0x00, 0x00, 0x00, 0x00, 0x00,
  0x00, 0x00, 0x00, 0x00, 0x00, 0x00, 0x00, 0x00, 0x00, 0x00, 0x00, 0x00, 0x00, 0x24, 0x01, 0x00,
  0x00, 0x00, 0x00, 0x00, 0x00, 0x00, 0x00, 0x00, 0x00, 0x20, 0x00, 0x00, 0x00, 0x74, 0x01, 0x00,
  0x80, 0xFE, 0x0B, 0x00, 0xD0, 0xFF, 0x5F, 0x00, 0x00, 0x74, 0x01, 0x00, 0x00, 0x74, 0x01, 0x00,
  0x00, 0x74, 0x01, 0x00, 0x00, 0x74, 0x01, 0x00, 0x00, 0x74, 0x01, 0x00, 0x00, 0x74, 0x01, 0x00,
  0x00, 0x24, 0x01, 0x00, 0x00, 0x00, 0x00, 0x00, 0x00, 0x00, 0x00, 0x00, 0x00, 0x20, 0x00, 0x00,
  0x00, 0x74, 0x01, 0x00, 0x80, 0xFE, 0x0B, 0x00, 0xD0, 0xFF, 0x5F, 0x00, 0x00, 0x74, 0x01, 0x00,
  0x00, 0x74, 0x01, 0x00, 0x00, 0x74, 0x01, 0x00, 0x00, 0x74, 0x01, 0x00, 0x00, 0x74, 0x01, 0x00,
  0x00, 0x74, 0x01, 0x00, 0x00, 0x24, 0x01, 0x00, 0x00, 0x00, 0x00, 0x00, 0x00, 0x00, 0x00, 0x00,
  0x00, 0x20, 0x00, 0x00, 0x00, 0x74, 0x01, 0x00, 0x80, 0xFE, 0x0B, 0x00, 0xD0, 0xFF, 0x5F, 0x00,
  0x00, 0x74, 0x01, 0x00, 0x00, 0x74, 0x01, 0x00, 0x00, 0x74, 0x01, 0x00, 0x00, 0x74, 0x01, 0x00,
  0x00, 0x74, 0x01, 0x00, 0x00, 0x74, 0x01, 0x00, 0x00, 0x24, 0x01, 0x00, 0x00, 0x00, 0x00, 0x00,
  0x00, 0x00, 0x00, 0x00, 0x00, 0x20, 0x00, 0x00, 0x00, 0x74, 0x01, 0x00, 0x80, 0xFE, 0x0B, 0x00,
  0xD0, 0xFF, 0x5F, 0x00, 0x00, 0x74, 0x01, 0x00, 0x00, 0x74, 0x01, 0x00, 0x00, 0x74, 0x01, 0x00,
  0x00, 0x74, 0x01, 0x00, 0x00, 0x74, 0x01, 0x00, 0x00, 0x74, 0x01, 0x00, 0x00, 0x24, 0x01, 0x00,
  0x00, 0x00, 0x00, 0x00, 0x00, 0x00, 0x00, 0x00, 0x00, 0x20, 0x00, 0x00, 0x00, 0x74, 0x01, 0x00,
  0x80, 0xFE, 0x0B, 0x00, 0xD0, 0xFF, 0x5F, 0x00, 0x00, 0x74, 0x01, 0x00, 0x00, 0x74, 0x01, 0x00,
  0x00, 0x74, 0x01, 0x00, 0x00, 0x74, 0x01, 0x00, 0x00, 0x74, 0x01, 0x00, 0x00, 0x74, 0x01, 0x00,
  0x00, 0x24, 0x01, 0x00, 0x00, 0x00, 0x00, 0x00, 0x00, 0x00, 0x00, 0x00, 0x00, 0x20, 0x00, 0x00,
  0x00, 0x74, 0x01, 0x00, 0x80, 0xFE, 0x0B, 0x00, 0xD0, 0xFF, 0x5F, 0x00, 0xD0, 0xFF, 0x5F, 0x00,
  0x00, 0x74, 0x01, 0x00, 0x00, 0x74, 0x01, 0x00, 0x00, 0x74, 0x01, 0x00, 0x00, 0x74, 0x01, 0x00,
  0x00, 0x74, 0x01, 0x00, 0x00, 0x24, 0x01, 0x00, 0x00, 0x00, 0x00, 0x00, 0x00, 0x00, 0x00, 0x00,
  0x00, 0x20, 0x00, 0x00, 0x00, 0x74, 0x01, 0x00, 0x80, 0xFE, 0x0B, 0x00, 0x80, 0xFE, 0x0B, 0x00,
  0xD0, 0xFF, 0x5F, 0x00, 0x00, 0x74, 0x01, 0x00, 0x00, 0x74, 0x01, 0x00, 0x00, 0x74, 0x01, 0x00,
  0x00, 0x74, 0x01, 0x00, 0x00, 0x74, 0x01, 0x00, 0x00, 0x24, 0x01, 0x00, 0x00, 0x00, 0x00, 0x00,
  0x00, 0x00, 0x00, 0x00, 0x00, 0x20, 0x00, 0x00, 0x00, 0x74, 0x01, 0x00, 0x00, 0x74, 0x01, 0x00,
  0x80, 0xFE, 0x0B, 0x00, 0xD0, 0xFF, 0x5F, 0x00, 0x00, 0x74, 0x01, 0x00, 0x00, 0x74, 0x01, 0x00,
  0x00, 0x74, 0x01, 0x00, 0x00, 0x74, 0x01, 0x00, 0x00, 0x74, 0x01, 0x00, 0x00, 0x24, 0x01, 0x00,
  0x00, 0x00, 0x00, 0x00, 0x00, 0x00, 0x00, 0x00, 0x00, 0x20, 0x00, 0x00, 0x00, 0x20, 0x00, 0x00,
  0x00, 0x74, 0x01, 0x00, 0x80, 0xFE, 0x0B, 0x00, 0xD0, 0xFF, 0x5F, 0x00, 0x00, 0x74, 0x01, 0x00,
  0x00, 0x74, 0x01, 0x00, 0x00, 0x74, 0x01, 0x00, 0x00, 0x74, 0x01, 0x00, 0x00, 0x74, 0x01, 0x00,
  0x00, 0x24, 0x01, 0x00, 0x00, 0x00, 0x00, 0x00, 0x00, 0x00, 0x00, 0x00,
};

// hourglass: start_row=5 rows=10 frames=1 56 bytes
const uint8_t SX3IMG_hourglass[] PROGMEM = {
  0x05, 0x00, 0x00, 0x00, 0x0A, 0x00, 0x00, 0x00, 0x01, 0x00, 0x00, 0x00, 0x32, 0x00, 0x00, 0x00,
  0x68, 0xDB, 0xB6, 0x00, 0x28, 0x00, 0xA0, 0x00, 0xE8, 0xFF, 0xBF, 0x00, 0x40, 0xFF, 0x17, 0x00,
  0x00, 0xFA, 0x02, 0x00, 0x00, 0x8A, 0x02, 0x00, 0x40, 0x01, 0x14, 0x00, 0x28, 0x00, 0xA0, 0x00,
  0x28, 0x00, 0xA0, 0x00, 0x68, 0xDB, 0xB6, 0x00,
};

// low_battery_one_digit: start_row=13 rows=5 frames=13 324 bytes
const uint8_t SX3IMG_low_battery_one_digit[] PROGMEM = {
  0x0D, 0x00, 0x00, 0x00, 0x05, 0x00, 0x00, 0x00, 0x0D, 0x00, 0x00, 0x00, 0x32, 0x00, 0x00, 0x00,
  0x32, 0x00, 0x00, 0x00, 0x32, 0x00, 0x00, 0x00, 0x32, 0x00, 0x00, 0x00, 0x32, 0x00, 0x00, 0x00,
  0x32, 0x00, 0x00, 0x00, 0x32, 0x00, 0x00, 0x00, 0x32, 0x00, 0x00, 0x00, 0x32, 0x00, 0x00, 0x00,
  0x32, 0x00, 0x00, 0x00, 0x32, 0x00, 0x00, 0x00, 0x32, 0x00, 0x00, 0x00, 0x32, 0x00, 0x00, 0x00,
  0x20, 0x49, 0x92, 0x00, 0x20, 0x49, 0x92, 0x00, 0x20, 0x49, 0x92, 0x00, 0x20, 0x49, 0x92, 0x00,
  0x20, 0x49, 0x92, 0x00, 0x20, 0x49, 0x92, 0x00, 0x20, 0x49, 0x92, 0x00, 0x20, 0x49, 0x92, 0x00,
  0x20, 0x49, 0x92, 0x00, 0x20, 0x49, 0x92, 0x00, 0x20, 0x49, 0x92, 0x00, 0x20, 0x49, 0x92, 0x00,
  0x20, 0x49, 0x92, 0x00, 0x04, 0x00, 0x00, 0x04, 0x04, 0x00, 0x00, 0x04, 0x04, 0x00, 0x00, 0x04,
  0x04, 0x00, 0x00, 0x04, 0x04, 0x00, 0x00, 0x04, 0x04, 0x00, 0x00, 0x04, 0x04, 0x00, 0x00, 0x04,
  0x04, 0x00, 0x00, 0x04, 0x04, 0x00, 0x00, 0x04, 0x04, 0x00, 0x00, 0x04, 0x04, 0x00, 0x00, 0x04,
  0x04, 0x00, 0x00, 0x04, 0x04, 0x00, 0x00, 0x04, 0x04, 0x00, 0x00, 0x04, 0x04, 0x00, 0x00, 0x04,
  0x04, 0x00, 0x00, 0x04, 0x04, 0x00, 0x00, 0x04, 0x04, 0x00, 0x00, 0x04, 0x04, 0x00, 0x00, 0x04,
  0x04, 0x00, 0x00, 0x04, 0x04, 0x00, 0x00, 0x04, 0x04, 0x00, 0x00, 0x04, 0x04, 0x00, 0x00, 0x04,
  0x04, 0x00, 0x00, 0x04, 0x04, 0x00, 0x00, 0x04, 0x04, 0x00, 0x00, 0x04, 0x04, 0x00, 0x20, 0x04,
  0x04, 0x00, 0x40, 0x04, 0x04, 0x00, 0x60, 0x04, 0x04, 0x00, 0x80, 0x04, 0x04, 0x00, 0xA0, 0x04,
  0x04, 0x00, 0xC0, 0x04, 0x04, 0x00, 0xE0, 0x04, 0x04, 0x00, 0xC0, 0x04, 0x04, 0x00, 0xA0, 0x04,
  0x04, 0x00, 0x80, 0x04, 0x04, 0x00, 0x60, 0x04, 0x04, 0x00, 0x40, 0x04, 0x04, 0x00, 0x20, 0x04,
  0x20, 0x49, 0x92, 0x00, 0x20, 0x49, 0x92, 0x00, 0x20, 0x49, 0x92, 0x00, 0x20, 0x49, 0x92, 0x00,
  0x20, 0x49, 0x92, 0x00, 0x20, 0x49, 0x92, 0x00, 0x20, 0x49, 0x92, 0x00, 0x20, 0x49, 0x92, 0x00,
  0x20, 0x49, 0x92, 0x00, 0x20, 0x49, 0x92, 0x00, 0x20, 0x49, 0x92, 0x00, 0x20, 0x49, 0x92, 0x00,
  0x20, 0x49, 0x92, 0x00,
};

// low_battery_two_digits: start_row=13 rows=5 frames=13 324 bytes
const uint8_t SX3IMG_low_battery_two_digits[] PROGMEM = {
  0x0D, 0x00, 0x00, 0x00, 0x05, 0x00, 0x00, 0x00, 0x0D, 0x00, 0x00, 0x00, 0x32, 0x00, 0x00, 0x00,
  0x32, 0x00, 0x00, 0x00, 0x32, 0x00, 0x00, 0x00, 0x32, 0x00, 0x00, 0x00, 0x32, 0x00, 0x00, 0x00,
  0x32, 0x00, 0x00, 0x00, 0x32, 0x00, 0x00, 0x00, 0x32, 0x00, 0x00, 0x00, 0x32, 0x00, 0x00, 0x00,
  0x32, 0x00, 0x00, 0x00, 0x32, 0x00, 0x00, 0x00, 0x32, 0x00, 0x00, 0x00, 0x32, 0x00, 0x00, 0x00,
  0x20, 0x49, 0x92, 0x00, 0x20, 0x49, 0x92, 0x00, 0x20, 0x49, 0x92, 0x00, 0x20, 0x49, 0x92, 0x00,
  0x20, 0x49, 0x92, 0x00, 0x20, 0x49, 0x92, 0x00, 0x20, 0x49, 0x92, 0x00, 0x20, 0x49, 0x92, 0x00,
  0x20, 0x49, 0x92, 0x00, 0x20, 0x49, 0x92, 0x00, 0x20, 0x49, 0x92, 0x00, 0x20, 0x49, 0x92, 0x00,
  0x20, 0x49, 0x92, 0x00, 0x04, 0x00, 0x00, 0x04, 0x04, 0x00, 0x00, 0x04, 0x04, 0x00, 0x00, 0x04,
  0x04, 0x00, 0x00, 0x04, 0x04, 0x00, 0x00, 0x04, 0x04, 0x00, 0x00, 0x04, 0x04, 0x00, 0x00, 0x04,
  0x04, 0x00, 0x00, 0x04, 0x04, 0x00, 0x00, 0x04, 0x04, 0x00, 0x00, 0x04, 0x04, 0x00, 0x00, 0x04,
  0x04, 0x00, 0x00, 0x04, 0x04, 0x00, 0x00, 0x04, 0x04, 0x00, 0x20, 0x04, 0x04, 0x00, 0x40, 0x04,
  0x04, 0x00, 0x60, 0x04, 0x04, 0x00, 0x80, 0x04, 0x04, 0x00, 0xA0, 0x04, 0x04, 0x00, 0xC0, 0x04,
  0x04, 0x00, 0xE0, 0x04, 0x04, 0x00, 0xC0, 0x04, 0x04, 0x00, 0xA0, 0x04, 0x04, 0x00, 0x80, 0x04,
  0x04, 0x00, 0x60, 0x04, 0x04, 0x00, 0x40, 0x04, 0x04, 0x00, 0x20, 0x04, 0x04, 0x00, 0x20, 0x04,
  0x04, 0x00, 0x40, 0x04, 0x04, 0x00, 0x60, 0x04, 0x04, 0x00, 0x80, 0x04, 0x04, 0x00, 0xA0, 0x04,
  0x04, 0x00, 0xC0, 0x04, 0x04, 0x00, 0xE0, 0x04, 0x04, 0x00, 0xC0, 0x04, 0x04, 0x00, 0xA0, 0x04,
  0x04, 0x00, 0x80, 0x04, 0x04, 0x00, 0x60, 0x04, 0x04, 0x00, 0x40, 0x04, 0x04, 0x00, 0x20, 0x04,
  0x20, 0x49, 0x92, 0x00, 0x20, 0x49, 0x92, 0x00, 0x20, 0x49, 0x92, 0x00, 0x20, 0x49, 0x92, 0x00,
  0x20, 0x49, 0x92, 0x00, 0x20, 0x49, 0x92, 0x00, 0x20, 0x49, 0x92, 0x00, 0x20, 0x49, 0x92, 0x00,
  0x20, 0x49, 0x92, 0x00, 0x20, 0x49, 0x92, 0x00, 0x20, 0x49, 0x92, 0x00, 0x20, 0x49, 0x92, 0x00,
  0x20, 0x49, 0x92, 0x00,
};

// low_battery_three_digits: start_row=13 rows=5 frames=13 324 bytes
const uint8_t SX3IMG_low_battery_three_digits[] PROGMEM = {
  0x0D, 0x00, 0x00, 0x00, 0x05, 0x00, 0x00, 0x00, 0x0D, 0x00, 0x00, 0x00, 0x32, 0x00, 0x00, 0x00,
  0x32, 0x00, 0x00, 0x00, 0x32, 0x00, 0x00, 0x00, 0x32, 0x00, 0x00, 0x00, 0x32, 0x00, 0x00, 0x00,
  0x32, 0x00, 0x00, 0x00, 0x32, 0x00, 0x00, 0x00, 0x32, 0x00, 0x00, 0x00, 0x32, 0x00, 0x00, 0x00,
  0x32, 0x00, 0x00, 0x00, 0x32, 0x00, 0x00, 0x00, 0x32, 0x00, 0x00, 0x00, 0x32, 0x00, 0x00, 0x00,
  0x20, 0x49, 0x92, 0x00, 0x20, 0x49, 0x92, 0x00, 0x20, 0x49, 0x92, 0x00, 0x20, 0x49, 0x92, 0x00,
  0x20, 0x49, 0x92, 0x00, 0x20, 0x49, 0x92, 0x00, 0x20, 0x49, 0x92, 0x00, 0x20, 0x49, 0x92, 0x00,
  0x20, 0x49, 0x92, 0x00, 0x20, 0x49, 0x92, 0x00, 0x20, 0x49, 0x92, 0x00, 0x20, 0x49, 0x92, 0x00,
  0x20, 0x49, 0x92, 0x00, 0x04, 0x00, 0x20, 0x04, 0x04, 0x00, 0x40, 0x04, 0x04, 0x00, 0x60, 0x04,
  0x04, 0x00, 0x80, 0x04, 0x04, 0x00, 0xA0, 0x04, 0x04, 0x00, 0xC0, 0x04, 0x04, 0x00, 0xE0, 0x04,
  0x04, 0x00, 0xC0, 0x04, 0x04, 0x00, 0xA0, 0x04, 0x04, 0x00, 0x80, 0x04, 0x04, 0x00, 0x60, 0x04,
  0x04, 0x00, 0x40, 0x04, 0x04, 0x00, 0x20, 0x04, 0x04, 0x00, 0x20, 0x04, 0x04, 0x00, 0x40, 0x04,
  0x04, 0x00, 0x60, 0x04, 0x04, 0x00, 0x80, 0x04, 0x04, 0x00, 0xA0, 0x04, 0x04, 0x00, 0xC0, 0x04,
  0x04, 0x00, 0xE0, 0x04, 0x04, 0x00, 0xC0, 0x04, 0x04, 0x00, 0xA0, 0x04, 0x04, 0x00, 0x80, 0x04,
  0x04, 0x00, 0x60, 0x04, 0x04, 0x00, 0x40, 0x04, 0x04, 0x00, 0x20, 0x04, 0x04, 0x00, 0x20, 0x04,
  0x04, 0x00, 0x40, 0x04, 0x04, 0x00, 0x60, 0x04, 0x04, 0x00, 0x80, 0x04, 0x04, 0x00, 0xA0, 0x04,
  0x04, 0x00, 0xC0, 0x04, 0x04, 0x00, 0xE0, 0x04, 0x04, 0x00, 0xC0, 0x04, 0x04, 0x00, 0xA0, 0x04,
  0x04, 0x00, 0x80, 0x04, 0x04, 0x00, 0x60, 0x04, 0x04, 0x00, 0x40, 0x04, 0x04, 0x00, 0x20, 0x04,
  0x20, 0x49, 0x92, 0x00, 0x20, 0x49, 0x92, 0x00, 0x20, 0x49, 0x92, 0x00, 0x20, 0x49, 0x92, 0x00,
  0x20, 0x49, 0x92, 0x00, 0x20, 0x49, 0x92, 0x00, 0x20, 0x49, 0x92, 0x00, 0x20, 0x49, 0x92, 0x00,
  0x20, 0x49, 0x92, 0x00, 0x20, 0x49, 0x92, 0x00, 0x20, 0x49, 0x92, 0x00, 0x20, 0x49, 0x92, 0x00,
  0x20, 0x49, 0x92, 0x00,
};

// low_battery_no_digits: start_row=13 rows=5 frames=13 324 bytes
const uint8_t SX3IMG_low_battery_no_digits[] PROGMEM = {
  0x0D, 0x00, 0x00, 0x00, 0x05, 0x00, 0x00, 0x00, 0x0D, 0x00, 0x00, 0x00, 0x32, 0x00, 0x00, 0x00,
  0x32, 0x00, 0x00, 0x00, 0x32, 0x00, 0x00, 0x00, 0x32, 0x00, 0x00, 0x00, 0x32, 0x00, 0x00, 0x00,
  0x32, 0x00, 0x00, 0x00, 0x32, 0x00, 0x00, 0x00, 0x32, 0x00, 0x00, 0x00, 0x32, 0x00, 0x00, 0x00,
  0x32, 0x00, 0x00, 0x00, 0x32, 0x00, 0x00, 0x00, 0x32, 0x00, 0x00, 0x00, 0x32, 0x00, 0x00, 0x00,
  0x48, 0x92, 0x24, 0x00, 0x90, 0x24, 0x49, 0x00, 0xD8, 0xB6, 0x6D, 0x00, 0x20, 0x49, 0x92, 0x00,
  0x68, 0xDB, 0xB6, 0x00, 0xB0, 0x6D, 0xDB, 0x00, 0xF8, 0xFF, 0xFF, 0x00, 0xB0, 0x6D, 0xDB, 0x00,
  0x68, 0xDB, 0xB6, 0x00, 0x20, 0x49, 0x92, 0x00, 0xD8, 0xB6, 0x6D, 0x00, 0x90, 0x24, 0x49, 0x00,
  0x48, 0x92, 0x24, 0x00, 0x01, 0x00, 0x00, 0x01, 0x02, 0x00, 0x00, 0x02, 0x03, 0x00, 0x00, 0x03,
  0x04, 0x00, 0x00, 0x04, 0x05, 0x00, 0x00, 0x05, 0x06, 0x00, 0x00, 0x06, 0x07, 0x00, 0x00, 0x07,
  0x06, 0x00, 0x00, 0x06, 0x05, 0x00, 0x00, 0x05, 0x04, 0x00, 0x00, 0x04, 0x03, 0x00, 0x00, 0x03,
  0x02, 0x00, 0x00, 0x02, 0x01, 0x00, 0x00, 0x01, 0x01, 0x00, 0x00, 0x01, 0x02, 0x00, 0x00, 0x02,
  0x03, 0x00, 0x00, 0x03, 0x04, 0x00, 0x00, 0x04, 0x05, 0x00, 0x00, 0x05, 0x06, 0x00, 0x00, 0x06,
  0x07, 0x00, 0x00, 0x07, 0x06, 0x00, 0x00, 0x06, 0x05, 0x00, 0x00, 0x05, 0x04, 0x00, 0x00, 0x04,
  0x03, 0x00, 0x00, 0x03, 0x02, 0x00, 0x00, 0x02, 0x01, 0x00, 0x00, 0x01, 0x01, 0x00, 0x00, 0x01,
  0x02, 0x00, 0x00, 0x02, 0x03, 0x00, 0x00, 0x03, 0x04, 0x00, 0x00, 0x04, 0x05, 0x00, 0x00, 0x05,
  0x06, 0x00, 0x00, 0x00, 0x07, 0x00, 0x00, 0x07, 0x06, 0x00, 0x00, 0x06, 0x05, 0x00, 0x00, 0x05,
  0x04, 0x00, 0x00, 0x04, 0x03, 0x00, 0x00, 0x03, 0x02, 0x00, 0x00, 0x02, 0x01, 0x00, 0x00, 0x01,
  0x48, 0x92, 0x24, 0x00, 0x90, 0x24, 0x49, 0x00, 0xD8, 0xB6, 0x6D, 0x00, 0x20, 0x49, 0x92, 0x00,
  0x68, 0xDB, 0xB6, 0x00, 0xB0, 0x6D, 0xDB, 0x00, 0xF8, 0xFF, 0xFF, 0x00, 0xB0, 0x6D, 0xDB, 0x00,
  0x68, 0xDB, 0xB6, 0x00, 0x20, 0x49, 0x92, 0x00, 0xD8, 0xB6, 0x6D, 0x00, 0x90, 0x24, 0x49, 0x00,
  0x48, 0x92, 0x24, 0x00,
};

// battery_frame_power_bank: start_row=13 rows=5 frames=1 36 bytes
const uint8_t SX3IMG_battery_frame_power_bank[] PROGMEM = {
  0x0D, 0x00, 0x00, 0x00, 0x05, 0x00, 0x00, 0x00, 0x01, 0x00, 0x00, 0x00, 0x19, 0x00, 0x00, 0x00,
  0xF8, 0xFF, 0xFF, 0x00, 0x07, 0x00, 0x00, 0x07, 0x07, 0x00, 0x00, 0x07, 0x07, 0x00, 0x00, 0x07,
  0xF8, 0xFF, 0xFF, 0x00,
};

// battery_frame: start_row=13 rows=5 frames=1 36 bytes
const uint8_t SX3IMG_battery_frame[] PROGMEM = {
  0x0D, 0x00, 0x00, 0x00, 0x05, 0x00, 0x00, 0x00, 0x01, 0x00, 0x00, 0x00, 0x19, 0x00, 0x00, 0x00,
  0x20, 0x49, 0x92, 0x00, 0x04, 0x00, 0x00, 0x04, 0x04, 0x00, 0x00, 0x04, 0x04, 0x00, 0x00, 0x04,
  0x20, 0x49, 0x92, 0x00,
};

// firmware_update_successful: start_row=0 rows=20 frames=51 4296 bytes
const uint8_t SX3IMG_firmware_update_successful[] PROGMEM = {
  0x00, 0x00, 0x00, 0x00, 0x14, 0x00, 0x00, 0x00, 0x33, 0x00, 0x00, 0x00, 0x32, 0x00, 0x00, 0x00,
  0x32, 0x00, 0x00, 0x00, 0x32, 0x00, 0x00, 0x00, 0x32, 0x00, 0x00, 0x00, 0x32, 0x00, 0x00, 0x00,
  0x32, 0x00, 0x00, 0x00, 0x32, 0x00, 0x00, 0x00, 0x32, 0x00, 0x00, 0x00, 0x32, 0x00, 0x00, 0x00,
  0x32, 0x00, 0x00, 0x00, 0x32, 0x00, 0x00, 0x00, 0x32, 0x00, 0x00, 0x00, 0x32, 0x00, 0x00, 0x00,
  0x32, 0x00, 0x00, 0x00, 0x32, 0x00, 0x00, 0x00, 0x32, 0x00, 0x00, 0x00, 0x32, 0x00, 0x00, 0x00,
  0x32, 0x00, 0x00, 0x00, 0x32, 0x00, 0x00, 0x00, 0x32, 0x00, 0x00, 0x00, 0x32, 0x00, 0x00, 0x00,
  0x32, 0x00, 0x00, 0x00, 0x32, 0x00, 0x00, 0x00, 0x32, 0x00, 0x00, 0x00, 0x32, 0x00, 0x00, 0x00,
  0x32, 0x00, 0x00, 0x00, 0x32, 0x00, 0x00, 0x00, 0x32, 0x00, 0x00, 0x00, 0x5A, 0x00, 0x00, 0x00,
  0x5A, 0x00, 0x00, 0x00, 0x5A, 0x00, 0x00, 0x00, 0x5A, 0x00, 0x00, 0x00, 0x5A, 0x00, 0x00, 0x00,
  0xF4, 0x01, 0x00, 0x00, 0x5A, 0x00, 0x00, 0x00, 0x5A, 0x00, 0x00, 0x00, 0x5A, 0x00, 0x00, 0x00,
  0x5A, 0x00, 0x00, 0x00, 0x5A, 0x00, 0x00, 0x00, 0x5A, 0x00, 0x00, 0x00, 0x32, 0x00, 0x00, 0x00,
  0x32, 0x00, 0x00, 0x00, 0x32, 0x00, 0x00, 0x00, 0x32, 0x00, 0x00, 0x00, 0x32, 0x00, 0x00, 0x00,
  0x32, 0x00, 0x00, 0x00, 0x32, 0x00, 0x00, 0x00, 0x32, 0x00, 0x00, 0x00, 0x32, 0x00, 0x00, 0x00,
  0x32, 0x00, 0x00, 0x00, 0x32, 0x00, 0x00, 0x00, 0x00, 0x00, 0x00, 0x00, 0x00, 0x00, 0x00, 0x00,
  0x00, 0x00, 0x00, 0x00, 0x00, 0x00, 0x00, 0x00, 0x00, 0x00, 0x00, 0x00, 0x00, 0x00, 0x00, 0x00,
  0x00, 0x00, 0x00, 0x00, 0x00, 0x00, 0x00, 0x00, 0x00, 0x00, 0x00, 0x00, 0x00, 0x00, 0x00, 0x00,
  0x00, 0x00, 0x00, 0x00, 0x00, 0x00, 0x00, 0x00, 0x00, 0x00, 0x00, 0x00, 0x00, 0x00, 0x00, 0x00,
  0x00, 0x00, 0x00, 0x00, 0x00, 0x00, 0x00, 0x00, 0x00, 0x00, 0x00, 0x00, 0x00, 0x00, 0x00, 0x00,
  0x00, 0x00, 0x00, 0x00, 0x00, 0x00, 0x00, 0x00, 0x00, 0x00, 0x00, 0x00, 0x00, 0x00, 0x00, 0x00,
  0x00, 0x00, 0x00, 0x00, 0x00, 0x00, 0x00, 0x00, 0x00, 0x00, 0x00, 0x00, 0x00, 0x00, 0x00, 0x00,
  0x00, 0x00, 0x00, 0x00, 0x00, 0x00, 0x00, 0x00, 0x00, 0x00, 0x00, 0x00, 0x00, 0x00, 0x00, 0x00,
  0x00, 0x00, 0x00, 0x00, 0x00, 0x00, 0x00, 0x00, 0x00, 0x00, 0x00, 0x00, 0x00, 0x00, 0x00, 0x00,
  0x00, 0x00, 0x00, 0x00, 0x00, 0x00, 0x00, 0x00, 0x00, 0x00, 0x00, 0x00, 0x00, 0x00, 0x00, 0x00,
  0x00, 0x00, 0x00, 0x00, 0x00, 0x00, 0x00, 0x00, 0x00, 0x00, 0x00, 0x00, 0x00, 0x00, 0x00, 0x00,
  0x00, 0x00, 0x00, 0x00, 0x00, 0x00, 0x00, 0x00, 0x00, 0x00, 0x00, 0x00, 0x00, 0x00, 0x00, 0x00,
  0x00, 0x00, 0x00, 0x00, 0x00, 0x00, 0x00, 0x00, 0x00, 0x00, 0x00, 0x00, 0x00, 0x00, 0x00, 0x00,
  0x00, 0x00, 0x00, 0x00, 0x00, 0x00, 0x00, 0x00, 0x00, 0x00, 0x00, 0x00, 0x00, 0x00, 0x00, 0x00,
  0x00, 0x00, 0x00, 0x00, 0x00, 0x00, 0x00, 0x00, 0x00, 0x00, 0x00, 0x00, 0x00, 0x00, 0x00, 0x00,
  0x00, 0x00, 0x00, 0x00, 0x00, 0x00, 0x00, 0x00, 0x00, 0x00, 0x00, 0x00, 0x00, 0x00, 0x00, 0x00,
  0x00, 0x00, 0x00, 0x00, 0x00, 0x00, 0x00, 0x00, 0x00, 0x00, 0x00, 0x00, 0x00, 0x00, 0x00, 0x00,
  0x00, 0x00, 0x00, 0x00, 0x00, 0x00, 0x00, 0x00, 0x00, 0x00, 0x00, 0x00, 0x00, 0x00, 0x00, 0x00,
  0x00, 0x00, 0x00, 0x00, 0x00, 0x00, 0x00, 0x00, 0x00, 0x00, 0x00, 0x00, 0x00, 0x00, 0x00, 0x00,
  0x00, 0x00, 0x00, 0x00, 0x00, 0x00, 0x00, 0x00, 0x00, 0x00, 0x00, 0x00, 0x00, 0x00, 0x00, 0x00,
  0x00, 0x00, 0x00, 0x00, 0x00, 0x00, 0x00, 0x00, 0x00, 0x00, 0x00, 0x00, 0x00, 0x00, 0x00, 0x00,
  0x00, 0x00, 0x00, 0x00, 0x00, 0x00, 0x00, 0x00, 0x00, 0x50, 0x00, 0x00, 0x00, 0x00, 0x00, 0x00,
  0x00, 0x00, 0x00, 0x00, 0x00, 0x00, 0x00, 0x00, 0x00, 0x00, 0x00, 0x00, 0x00, 0x00, 0x00, 0x00,
  0x00, 0x00, 0x00, 0x00, 0x00, 0x00, 0x00, 0x00, 0x00, 0x00, 0x00, 0x00, 0x00, 0x00, 0x00, 0x00,
  0x00, 0x00, 0x00, 0x00, 0x00, 0x00, 0x00, 0x00, 0x10, 0x00, 0x00, 0x00, 0x20, 0x00, 0x00, 0x00,
  0x10, 0x00, 0x00, 0x00, 0x00, 0x00, 0x00, 0x00, 0x00, 0x00, 0x00, 0x00, 0x00, 0x00, 0x00, 0x00,
  0x00, 0x00, 0x00, 0x00, 0x00, 0x00, 0x00, 0x00, 0x00, 0x00, 0x00, 0x00, 0x00, 0x00, 0x00, 0x00,
  0x00, 0x00, 0x00, 0x00, 0x00, 0x00, 0x00, 0x00, 0x00, 0x00, 0x00, 0x00, 0x00, 0x00, 0x00, 0x00,
  0x00, 0x00, 0x00, 0x00, 0x00, 0x00, 0x00, 0x00, 0x00, 0x00, 0x00, 0x00, 0x00, 0x00, 0x00, 0x00,
  0x00, 0x00, 0x00, 0x00, 0x00, 0x00, 0x00, 0x00, 0x00, 0x00, 0x00, 0x00, 0x00, 0x00, 0x00, 0x00,
  0x00, 0x00, 0x00, 0x00, 0x00, 0x00, 0x00, 0x00, 0x00, 0x00, 0x00, 0x00, 0x00, 0x00, 0x00, 0x00,
  0x00, 0x00, 0x00, 0x00, 0x00, 0x00, 0x00, 0x00, 0x00, 0x00, 0x00, 0x00, 0x00, 0x00, 0x00, 0x00,
  0x00, 0x00, 0x00, 0x00, 0x00, 0x00, 0x00, 0x00, 0x00, 0x00, 0x00, 0x00, 0x00, 0x00, 0x00, 0x00,
  0x00, 0x00, 0x00, 0x00, 0x00, 0x00, 0x00, 0x00, 0x00, 0x00, 0x00, 0x00, 0x00, 0x00, 0x00, 0x00,
  0x00, 0x00, 0x00, 0x00, 0x00, 0x70, 0x00, 0x00, 0x00, 0x00, 0x00, 0x00, 0x00, 0x00, 0x00, 0x00,
  0x00, 0x00, 0x00, 0x00, 0x00, 0x00, 0x00, 0x00, 0x00, 0x00, 0x00, 0x00, 0x00, 0x00, 0x00, 0x00,
  0x00, 0x00, 0x00, 0x00, 0x00, 0x00, 0x00, 0x00, 0x00, 0x00, 0x00, 0x00, 0x08, 0x00, 0x00, 0x00,
  0x18, 0x00, 0x00, 0x00, 0x28, 0x00, 0x00, 0x00, 0x38, 0x00, 0x00, 0x00, 0x28, 0x00, 0x00, 0x00,
  0x18, 0x00, 0x00, 0x00, 0x08, 0x00, 0x00, 0x00, 0x00, 0x00, 0x00, 0x00, 0x00, 0x00, 0x00, 0x00,
  0x00, 0x00, 0x00, 0x00, 0x00, 0x00, 0x00, 0x00, 0x00, 0x00, 0x00, 0x00, 0x00, 0x00, 0x00, 0x00,
  0x00, 0x00, 0x00, 0x00, 0x00, 0x00, 0x00, 0x00, 0x00, 0x00, 0x00, 0x00, 0x00, 0x00, 0x00, 0x00,
  0x00, 0x00, 0x00, 0x00, 0x00, 0x00, 0x00, 0x00, 0x00, 0x00, 0x00, 0x00, 0x00, 0x00, 0x00, 0x00,
  0x00, 0x00, 0x00, 0x00, 0x00, 0x00, 0x00, 0x00, 0x00, 0x00, 0x00, 0x00, 0x00, 0x00, 0x00, 0x00,
  0x00, 0x00, 0x00, 0x00, 0x00, 0x00, 0x00, 0x00, 0x00, 0x00, 0x00, 0x00, 0x00, 0x00, 0x00, 0x00,
  0x00, 0x00, 0x00, 0x00, 0x00, 0x00, 0x00, 0x00, 0x00, 0x00, 0x00, 0x00, 0x00, 0x00, 0x00, 0x00,
  0x00, 0x00, 0x00, 0x00, 0x00, 0x00, 0x00, 0x00, 0x00, 0x00, 0x00, 0x00, 0x00, 0x00, 0x00, 0x00,
  0x00, 0x00, 0x00, 0x00, 0x00, 0x00, 0x00, 0x00, 0x00, 0x00, 0x00, 0x00, 0x00, 0x20, 0x00, 0x00,
  0x00, 0x70, 0x00, 0x00, 0x00, 0x00, 0x00, 0x00, 0x00, 0x00, 0x00, 0x00, 0x00, 0x00, 0x00, 0x00,
  0x00, 0x00, 0x00, 0x00, 0x00, 0x00, 0x00, 0x00, 0x00, 0x00, 0x00, 0x00, 0x00, 0x00, 0x00, 0x00,
  0x00, 0x00, 0x00, 0x00, 0x00, 0x00, 0x00, 0x00, 0x59, 0x00, 0x00, 0x00, 0xFB, 0x00, 0x00, 0x00,
  0x7D, 0x05, 0x00, 0x00, 0xFF, 0x09, 0x00, 0x00, 0x7D, 0x05, 0x00, 0x00, 0xFB, 0x00, 0x00, 0x00,
  0x61, 0x00, 0x00, 0x00, 0x00, 0x00, 0x00, 0x00, 0x00, 0x00, 0x00, 0x00, 0x00, 0x00, 0x00, 0x00,
  0x00, 0x00, 0x00, 0x00, 0x00, 0x00, 0x00, 0x00, 0x00, 0x00, 0x00, 0x00, 0x00, 0x00, 0x00, 0x00,
  0x00, 0x00, 0x00, 0x00, 0x00, 0x00, 0x00, 0x00, 0x00, 0x00, 0x00, 0x00, 0x00, 0x00, 0x00, 0x00,
  0x00, 0x00, 0x00, 0x00, 0x00, 0x00, 0x00, 0x00, 0x00, 0x00, 0x00, 0x00, 0x00, 0x00, 0x00, 0x00,
  0x00, 0x00, 0x00, 0x00, 0x00, 0x00, 0x00, 0x00, 0x00, 0x00, 0x00, 0x00, 0x00, 0x00, 0x00, 0x00,
  0x00, 0x00, 0x00, 0x00, 0x00, 0x00, 0x00, 0x00, 0x00, 0x00, 0x00, 0x00, 0x00, 0x00, 0x00, 0x00,
  0x00, 0x00, 0x00, 0x00, 0x00, 0x00, 0x00, 0x00, 0x00, 0x00, 0x00, 0x00, 0x00, 0x00, 0x00, 0x00,
  0x00, 0x00, 0x00, 0x00, 0x00, 0x00, 0x00, 0x00, 0x00, 0x00, 0x00, 0x00, 0x00, 0x00, 0x00, 0x00,
  0x00, 0x00, 0x00, 0x00, 0x00, 0x50, 0x00, 0x00, 0x00, 0x50, 0x00, 0x00, 0x00, 0x70, 0x00, 0x00,
  0x00, 0x20, 0x00, 0x00, 0x00, 0x00, 0x00, 0x00, 0x00, 0x00, 0x00, 0x00, 0x00, 0x00, 0x00, 0x00,
  0x00, 0x00, 0x00, 0x00, 0x00, 0x00, 0x00, 0x00, 0x00, 0x00, 0x00, 0x00, 0x00, 0x00, 0x00, 0x00,
  0x00, 0x00, 0x00, 0x00, 0x08, 0x00, 0x00, 0x00, 0x18, 0x00, 0x00, 0x00, 0x28, 0x00, 0x00, 0x00,
  0x38, 0x00, 0x00, 0x00, 0x28, 0x00, 0x00, 0x00, 0x18, 0x00, 0x00, 0x00, 0x08, 0x00, 0x00, 0x00,
  0x00, 0x00, 0x00, 0x00, 0x00, 0x00, 0x00, 0x00, 0x00, 0x00, 0x00, 0x00, 0x00, 0x00, 0x00, 0x00,
  0x00, 0x00, 0x00, 0x00, 0x00, 0x00, 0x00, 0x00, 0x00, 0x00, 0x00, 0x00, 0x00, 0x00, 0x00, 0x00,
  0x00, 0x00, 0x00, 0x00, 0x00, 0x00, 0x00, 0x00, 0x00, 0x00, 0x00, 0x00, 0x00, 0x00, 0x00, 0x00,
  0x00, 0x00, 0x00, 0x00, 0x00, 0x00, 0x00, 0x00, 0x00, 0x00, 0x00, 0x00, 0x00, 0x00, 0x00, 0x00,
  0x00, 0x00, 0x00, 0x00, 0x00, 0x00, 0x00, 0x00, 0x00, 0x00, 0x00, 0x00, 0x00, 0x00, 0x00, 0x00,
  0x00, 0x00, 0x00, 0x00, 0x00, 0x00, 0x00, 0x00, 0x00, 0x00, 0x00, 0x00, 0x00, 0x00, 0x00, 0x00,
  0x00, 0x00, 0x00, 0x00, 0x00, 0x00, 0x00, 0x00, 0x00, 0x00, 0x00, 0x00, 0x00, 0x00, 0x00, 0x00,
  0x00, 0x00, 0x00, 0x00, 0x00, 0x00, 0x00, 0x00, 0x00, 0x50, 0x00, 0x00, 0x00, 0x70, 0x00, 0x00,
  0x00, 0x70, 0x00, 0x00, 0x00, 0x70, 0x00, 0x00, 0x00, 0xFA, 0x02, 0x00, 0x00, 0x50, 0x00, 0x00,
  0x00, 0x20, 0x00, 0x00, 0x00, 0x00, 0x00, 0x00, 0x00, 0x00, 0x00, 0x00, 0x00, 0x00, 0x00, 0x00,
  0x00, 0x00, 0x00, 0x00, 0x00, 0x00, 0x00, 0x00, 0x00, 0x04, 0x00, 0x00, 0x00, 0x0A, 0x00, 0x00,
  0x00, 0x04, 0x00, 0x00, 0x00, 0x00, 0x00, 0x00, 0x10, 0x00, 0x00, 0x00, 0x20, 0x00, 0x00, 0x00,
  0x10, 0x00, 0x00, 0x00, 0x00, 0x00, 0x00, 0x00, 0x00, 0x00, 0x00, 0x00, 0x00, 0x00, 0x00, 0x00,
  0x00, 0x00, 0x00, 0x00, 0x00, 0x00, 0x00, 0x00, 0x00, 0x00, 0x00, 0x00, 0x00, 0x00, 0x00, 0x00,
  0x00, 0x00, 0x00, 0x00, 0x00, 0x00, 0x00, 0x00, 0x00, 0x00, 0x00, 0x00, 0x00, 0x00, 0x00, 0x00,
  0x00, 0x00, 0x00, 0x00, 0x00, 0x00, 0x00, 0x00, 0x00, 0x00, 0x00, 0x00, 0x00, 0x00, 0x00, 0x00,
  0x00, 0x00, 0x00, 0x00, 0x00, 0x00, 0x00, 0x00, 0x00, 0x00, 0x00, 0x00, 0x00, 0x00, 0x00, 0x00,
  0x00, 0x00, 0x00, 0x00, 0x00, 0x00, 0x00, 0x00, 0x00, 0x00, 0x00, 0x00, 0x00, 0x00, 0x00, 0x00,
  0x00, 0x00, 0x00, 0x00, 0x00, 0x00, 0x00, 0x00, 0x00, 0x00, 0x00, 0x00, 0x00, 0x00, 0x00, 0x00,
  0x00, 0x00, 0x00, 0x00, 0x00, 0x00, 0x00, 0x00, 0x00, 0x00, 0x00, 0x00, 0x00, 0x70, 0x00, 0x00,
  0x00, 0x00, 0x00, 0x00, 0x00, 0xFA, 0x02, 0x00, 0x00, 0xFE, 0x03, 0x00, 0x40, 0xFF, 0x17, 0x00,
  0xA0, 0x8E, 0x00, 0x00, 0xFB, 0xFF, 0xFF, 0x03, 0x80, 0xFA, 0x0A, 0x00, 0x00, 0x54, 0x01, 0x00,
  0x00, 0x00, 0x00, 0x00, 0x00, 0x00, 0x00, 0x00, 0x00, 0x00, 0x00, 0x00, 0x00, 0x02, 0x00, 0x00,
  0x00, 0x04, 0x00, 0x00, 0x00, 0x08, 0x00, 0x00, 0x00, 0x0E, 0x00, 0x00, 0x00, 0x0A, 0x00, 0x00,
  0x00, 0x06, 0x00, 0x00, 0x00, 0x02, 0x00, 0x00, 0x00, 0x00, 0x00, 0x00, 0x00, 0x00, 0x00, 0x00,
  0x00, 0x00, 0x00, 0x00, 0x00, 0x00, 0x00, 0x00, 0x00, 0x00, 0x00, 0x00, 0x00, 0x00, 0x00, 0x00,
  0x00, 0x00, 0x00, 0x00, 0x00, 0x00, 0x00, 0x00, 0x00, 0x00, 0x00, 0x00, 0x00, 0x00, 0x00, 0x00,
  0x00, 0x00, 0x00, 0x00, 0x00, 0x00, 0x00, 0x00, 0x00, 0x00, 0x00, 0x00, 0x00, 0x00, 0x00, 0x00,
  0x00, 0x00, 0x00, 0x00, 0x00, 0x00, 0x00, 0x00, 0x00, 0x00, 0x00, 0x00, 0x00, 0x00, 0x00, 0x00,
  0x00, 0x00, 0x00, 0x00, 0x00, 0x00, 0x00, 0x00, 0x00, 0x00, 0x00, 0x00, 0x00, 0x00, 0x00, 0x00,
  0x00, 0x00, 0x00, 0x00, 0x00, 0x00, 0x00, 0x00, 0x00, 0x00, 0x00, 0x00, 0x00, 0x00, 0x00, 0x00,
  0x00, 0x00, 0x00, 0x00, 0x00, 0x00, 0x00, 0x00, 0x00, 0x00, 0x00, 0x00, 0x00, 0x00, 0x00, 0x00,
  0x00, 0x00, 0x00, 0x00, 0x00, 0x30, 0x00, 0x00, 0x00, 0x40, 0x00, 0x00, 0x00, 0x00, 0x00, 0x00,
  0x00, 0x50, 0x00, 0x00, 0x00, 0x70, 0x00, 0x00, 0x00, 0x70, 0x00, 0x00, 0x00, 0x70, 0x00, 0x00,
  0x00, 0xFA, 0x02, 0x00, 0x00, 0x50, 0x00, 0x00, 0x00, 0x20, 0x00, 0x00, 0x00, 0x00, 0x00, 0x00,
  0x00, 0x00, 0x00, 0x00, 0x00, 0x00, 0x00, 0x00, 0x40, 0x16, 0x00, 0x00, 0x80, 0x2A, 0x00, 0x00,
  0x10, 0x4F, 0x01, 0x00, 0xE8, 0xFF, 0x02, 0x00, 0x50, 0x5F, 0x01, 0x00, 0xC0, 0x3E, 0x00, 0x00,
  0x40, 0x16, 0x00, 0x00, 0x00, 0x00, 0x00, 0x00, 0x00, 0x00, 0x00, 0x00, 0x00, 0x00, 0x00, 0x00,
  0x00, 0x00, 0x00, 0x00, 0x00, 0x00, 0x00, 0x00, 0x00, 0x00, 0x00, 0x00, 0x00, 0x00, 0x00, 0x00,
  0x00, 0x00, 0x00, 0x00, 0x00, 0x00, 0x00, 0x00, 0x00, 0x00, 0x00, 0x00, 0x00, 0x00, 0x00, 0x00,
  0x00, 0x00, 0x00, 0x00, 0x00, 0x00, 0x00, 0x00, 0x00, 0x00, 0x00, 0x00, 0x00, 0x00, 0x00, 0x00,
  0x00, 0x00, 0x00, 0x00, 0x00, 0x00, 0x00, 0x00, 0x00, 0x00, 0x00, 0x00, 0x00, 0x00, 0x00, 0x00,
  0x00, 0x00, 0x00, 0x00, 0x00, 0x00, 0x00, 0x00, 0x00, 0x00, 0x00, 0x00, 0x00, 0x00, 0x00, 0x00,
  0x00, 0x00, 0x00, 0x00, 0x00, 0x00, 0x00, 0x00, 0x00, 0x00, 0x00, 0x00, 0x00, 0x00, 0x00, 0x00,
  0x00, 0x00, 0x00, 0x00, 0x00, 0x00, 0x00, 0x00, 0x00, 0x30, 0x00, 0x00, 0x00, 0x70, 0x00, 0x00,
  0x00, 0x50, 0x00, 0x00, 0x00, 0x20, 0x00, 0x00, 0x00, 0x00, 0x00, 0x00, 0x00, 0x00, 0x00, 0x00,
  0x00, 0x00, 0x00, 0x00, 0x00, 0x50, 0x00, 0x00, 0x00, 0x50, 0x00, 0x00, 0x00, 0x70, 0x00, 0x00,
  0x00, 0x20, 0x00, 0x00, 0x00, 0x00, 0x00, 0x00, 0x00, 0x00, 0x00, 0x00, 0x00, 0x00, 0x00, 0x00,
  0x00, 0x00, 0x00, 0x00, 0x00, 0x02, 0x00, 0x00, 0x00, 0x04, 0x00, 0x00, 0x00, 0x08, 0x00, 0x00,
  0x00, 0x0E, 0x00, 0x00, 0x00, 0x0A, 0x00, 0x00, 0x00, 0x06, 0x00, 0x00, 0x00, 0x02, 0x40, 0x00,
  0x00, 0x00, 0x80, 0x00, 0x00, 0x00, 0x40, 0x00, 0x00, 0x00, 0x00, 0x00, 0x00, 0x00, 0x00, 0x00,
  0x00, 0x00, 0x00, 0x00, 0x00, 0x00, 0x00, 0x00, 0x00, 0x00, 0x00, 0x00, 0x00, 0x00, 0x00, 0x00,
  0x00, 0x00, 0x00, 0x00, 0x00, 0x00, 0x00, 0x00, 0x00, 0x00, 0x00, 0x00, 0x00, 0x00, 0x00, 0x00,
  0x00, 0x00, 0x00, 0x00, 0x00, 0x00, 0x00, 0x00, 0x00, 0x00, 0x00, 0x00, 0x00, 0x00, 0x00, 0x00,
  0x00, 0x00, 0x00, 0x00, 0x00, 0x00, 0x00, 0x00, 0x00, 0x00, 0x00, 0x00, 0x00, 0x00, 0x00, 0x00,
  0x00, 0x00, 0x00, 0x00, 0x00, 0x00, 0x00, 0x00, 0x00, 0x00, 0x00, 0x00, 0x00, 0x00, 0x00, 0x00,
  0x00, 0x00, 0x00, 0x00, 0x00, 0x00, 0x00, 0x00, 0x00, 0x00, 0x00, 0x00, 0x00, 0x30, 0x00, 0x00,
  0x00, 0x70, 0x00, 0x00, 0x00, 0x50, 0x00, 0x00, 0x00, 0x40, 0x00, 0x00, 0x00, 0x20, 0x00, 0x00,
  0x00, 0x00, 0x00, 0x00, 0x00, 0x00, 0x00, 0x00, 0x00, 0x00, 0x00, 0x00, 0x00, 0x00, 0x00, 0x00,
  0x00, 0x00, 0x00, 0x00, 0x00, 0x20, 0x00, 0x00, 0x00, 0x70, 0x00, 0x00, 0x00, 0x00, 0x00, 0x00,
  0x00, 0x00, 0x00, 0x00, 0x00, 0x00, 0x00, 0x00, 0x00, 0x00, 0x00, 0x00, 0x00, 0x00, 0x00, 0x00,
  0x00, 0x00, 0x00, 0x00, 0x00, 0x00, 0x00, 0x00, 0x00, 0x04, 0x00, 0x00, 0x00, 0x0A, 0x00, 0x00,
  0x00, 0x04, 0x20, 0x00, 0x00, 0x00, 0x60, 0x00, 0x00, 0x00, 0x60, 0x00, 0x00, 0x00, 0xE0, 0x00,
  0x00, 0x00, 0xA0, 0x00, 0x00, 0x00, 0x60, 0x00, 0x00, 0x00, 0x20, 0x00, 0x00, 0x00, 0x00, 0x00,
  0x00, 0x00, 0x00, 0x00, 0x00, 0x00, 0x00, 0x00, 0x00, 0x00, 0x00, 0x00, 0x00, 0x00, 0x00, 0x00,
  0x00, 0x00, 0x00, 0x00, 0x00, 0x00, 0x00, 0x00, 0x00, 0x00, 0x00, 0x00, 0x00, 0x00, 0x00, 0x00,
  0x00, 0x00, 0x00, 0x00, 0x00, 0x00, 0x00, 0x00, 0x00, 0x00, 0x00, 0x00, 0x00, 0x00, 0x00, 0x00,
  0x00, 0x00, 0x00, 0x00, 0x00, 0x00, 0x00, 0x00, 0x00, 0x00, 0x00, 0x00, 0x00, 0x00, 0x00, 0x00,
  0x00, 0x00, 0x00, 0x00, 0x00, 0x00, 0x00, 0x00, 0x00, 0x00, 0x00, 0x00, 0x00, 0x00, 0x00, 0x00,
  0x00, 0x30, 0x00, 0x00, 0x00, 0x70, 0x00, 0x00, 0x00, 0x50, 0x00, 0x00, 0x00, 0x40, 0x00, 0x00,
  0x00, 0x20, 0x00, 0x00, 0x00, 0x00, 0x00, 0x00, 0x00, 0x00, 0x00, 0x00, 0x00, 0x00, 0x00, 0x00,
  0x00, 0x00, 0x00, 0x00, 0x00, 0x00, 0x00, 0x00, 0x00, 0x00, 0x00, 0x00, 0x00, 0x00, 0x00, 0x00,
  0x00, 0x00, 0x00, 0x00, 0x00, 0x70, 0x00, 0x00, 0x00, 0x00, 0x00, 0x00, 0x00, 0x00, 0x00, 0x00,
  0x00, 0x00, 0x00, 0x00, 0x00, 0x00, 0x00, 0x00, 0x00, 0x00, 0x00, 0x00, 0x00, 0x00, 0x00, 0x00,
  0x00, 0x00, 0x00, 0x00, 0x00, 0x00, 0x00, 0x00, 0x00, 0x00, 0x00, 0x00, 0x00, 0x00, 0x64, 0x01,
  0x00, 0x00, 0xEC, 0x03, 0x00, 0x00, 0xF5, 0x05, 0x00, 0x00, 0xFE, 0x07, 0x00, 0x00, 0xF5, 0x05,
  0x00, 0x00, 0xEC, 0x03, 0x00, 0x00, 0x84, 0x01, 0x00, 0x00, 0x00, 0x00, 0x00, 0x00, 0x00, 0x00,
  0x00, 0x00, 0x00, 0x00, 0x00, 0x00, 0x00, 0x00, 0x00, 0x00, 0x00, 0x00, 0x00, 0x00, 0x00, 0x00,
  0x00, 0x00, 0x00, 0x00, 0x00, 0x00, 0x00, 0x00, 0x00, 0x00, 0x00, 0x00, 0x00, 0x00, 0x00, 0x00,
  0x00, 0x00, 0x00, 0x00, 0x00, 0x00, 0x00, 0x00, 0x00, 0x00, 0x00, 0x00, 0x00, 0x00, 0x00, 0x00,
  0x00, 0x00, 0x00, 0x00, 0x00, 0x00, 0x00, 0x00, 0x00, 0x00, 0x00, 0x00, 0x00, 0x00, 0x00, 0x00,
  0x00, 0x00, 0x00, 0x00, 0x00, 0x30, 0x00, 0x00, 0x00, 0x70, 0x00, 0x00, 0x00, 0x50, 0x00, 0x00,
  0x00, 0x40, 0x00, 0x00, 0x00, 0x20, 0x00, 0x00, 0x00, 0x00, 0x00, 0x00, 0x00, 0x00, 0x00, 0x00,
  0x00, 0x00, 0x00, 0x00, 0x00, 0x00, 0x00, 0x00, 0x00, 0x00, 0x00, 0x00, 0x00, 0x00, 0x00, 0x00,
  0x00, 0x00, 0x00, 0x00, 0x00, 0x00, 0x00, 0x00, 0x00, 0x00, 0x00, 0x00, 0x00, 0x00, 0x00, 0x00,
  0x00, 0x50, 0x00, 0x00, 0x00, 0x00, 0x00, 0x00, 0x02, 0x00, 0x00, 0x00, 0x05, 0x00, 0x00, 0x00,
  0x01, 0x00, 0x00, 0x00, 0x00, 0x00, 0x00, 0x00, 0x00, 0x00, 0x00, 0x00, 0x00, 0x00, 0x00, 0x00,
  0x00, 0x00, 0x00, 0x00, 0x00, 0x00, 0x00, 0x00, 0x00, 0x00, 0x20, 0x00, 0x00, 0x00, 0x60, 0x00,
  0x00, 0x00, 0xA0, 0x00, 0x00, 0x00, 0xE0, 0x00, 0x00, 0x00, 0xA0, 0x00, 0x00, 0x00, 0x60, 0x00,
  0x00, 0x00, 0x20, 0x00, 0x00, 0x00, 0x00, 0x00, 0x00, 0x00, 0x00, 0x00, 0x00, 0x00, 0x00, 0x00,
  0x00, 0x00, 0x00, 0x00, 0x00, 0x00, 0x00, 0x00, 0x00, 0x00, 0x00, 0x00, 0x00, 0x00, 0x00, 0x00,
  0x00, 0x00, 0x00, 0x00, 0x00, 0x00, 0x00, 0x00, 0x00, 0x00, 0x00, 0x00, 0x00, 0x00, 0x00, 0x00,
  0x00, 0x00, 0x00, 0x00, 0x00, 0x00, 0x00, 0x00, 0x00, 0x00, 0x00, 0x00, 0x00, 0x00, 0x00, 0x00,
  0x00, 0x00, 0x00, 0x00, 0x00, 0x00, 0x00, 0x00, 0x00, 0x30, 0x00, 0x00, 0x00, 0x70, 0x00, 0x00,
  0x00, 0x50, 0x00, 0x00, 0x00, 0x40, 0x00, 0x00, 0x00, 0x20, 0x00, 0x00, 0x00, 0x00, 0x00, 0x00,
  0x00, 0x00, 0x00, 0x00, 0x00, 0x00, 0x00, 0x00, 0x00, 0x00, 0x00, 0x00, 0x00, 0x00, 0x00, 0x00,
  0x00, 0x00, 0x00, 0x00, 0x00, 0x00, 0x00, 0x00, 0x00, 0x00, 0x00, 0x00, 0x00, 0x00, 0x00, 0x00,
  0x00, 0x00, 0x00, 0x00, 0x00, 0x00, 0x00, 0x00, 0x00, 0x00, 0x00, 0x00, 0x00, 0x20, 0x00, 0x00,
  0x05, 0x00, 0x00, 0x00, 0x05, 0x00, 0x00, 0x00, 0x07, 0x00, 0x00, 0x00, 0x03, 0x00, 0x00, 0x00,
  0x04, 0x00, 0x00, 0x00, 0x02, 0x00, 0x00, 0x00, 0x00, 0x00, 0x00, 0x00, 0x00, 0x00, 0x00, 0x00,
  0x00, 0x00, 0x00, 0x00, 0x00, 0x00, 0x00, 0x00, 0x00, 0x00, 0x00, 0x00, 0x00, 0x00, 0x40, 0x00,
  0x00, 0x00, 0x80, 0x00, 0x00, 0x00, 0x40, 0x00, 0x00, 0x00, 0x00, 0x00, 0x00, 0x00, 0x00, 0x00,
  0x00, 0x00, 0x00, 0x00, 0x00, 0x00, 0x00, 0x00, 0x00, 0x00, 0x00, 0x00, 0x00, 0x00, 0x00, 0x00,
  0x00, 0x00, 0x00, 0x00, 0x00, 0x00, 0x00, 0x00, 0x00, 0x00, 0x00, 0x00, 0x00, 0x00, 0x00, 0x00,
  0x00, 0x00, 0x00, 0x00, 0x00, 0x00, 0x00, 0x00, 0x00, 0x00, 0x00, 0x00, 0x00, 0x00, 0x00, 0x00,
  0x00, 0x00, 0x00, 0x00, 0x00, 0x00, 0x00, 0x00, 0x00, 0x00, 0x00, 0x00, 0x00, 0x30, 0x00, 0x00,
  0x00, 0x70, 0x00, 0x00, 0x00, 0x50, 0x00, 0x00, 0x00, 0x40, 0x00, 0x00, 0x00, 0x20, 0x00, 0x00,
  0x00, 0x00, 0x00, 0x00, 0x00, 0x00, 0x00, 0x00, 0x00, 0x00, 0x00, 0x00, 0x00, 0x00, 0x00, 0x00,
  0x00, 0x00, 0x00, 0x00, 0x00, 0x00, 0x00, 0x00, 0x00, 0x00, 0x00, 0x00, 0x00, 0x00, 0x00, 0x00,
  0x00, 0x00, 0x00, 0x00, 0x00, 0x00, 0x00, 0x00, 0x00, 0x00, 0x00, 0x00, 0x00, 0x00, 0x00, 0x00,
  0x00, 0x00, 0x00, 0x00, 0x00, 0x00, 0x00, 0x00, 0x00, 0x00, 0x00, 0x00, 0x2F, 0x00, 0x00, 0x00,
  0xAF, 0x00, 0x00, 0x00, 0x7F, 0x01, 0x00, 0x00, 0x5F, 0x00, 0x00, 0x00, 0x27, 0x00, 0x00, 0x00,
  0x15, 0x00, 0x00, 0x00, 0x00, 0x00, 0x00, 0x00, 0x00, 0x00, 0x00, 0x00, 0x00, 0x00, 0x00, 0x00,
  0x00, 0x00, 0x00, 0x00, 0x00, 0x00, 0x00, 0x00, 0x00, 0x00, 0x00, 0x00, 0x00, 0x00, 0x00, 0x00,
  0x00, 0x00, 0x00, 0x00, 0x00, 0x00, 0x00, 0x00, 0x00, 0x00, 0x00, 0x00, 0x00, 0x00, 0x00, 0x00,
  0x00, 0x00, 0x00, 0x00, 0x00, 0x00, 0x00, 0x00, 0x00, 0x00, 0x00, 0x00, 0x00, 0x00, 0x00, 0x00,
  0x00, 0x00, 0x00, 0x00, 0x00, 0x00, 0x00, 0x00, 0x00, 0x00, 0x00, 0x00, 0x00, 0x00, 0x00, 0x00,
  0x00, 0x00, 0x00, 0x00, 0x00, 0x00, 0x00, 0x00, 0x00, 0x00, 0x00, 0x00, 0x00, 0x00, 0x00, 0x00,
  0x00, 0x30, 0x00, 0x00, 0x00, 0x70, 0x00, 0x00, 0x00, 0x50, 0x00, 0x00, 0x00, 0x40, 0x00, 0x00,
  0x00, 0x20, 0x00, 0x00, 0x00, 0x00, 0x00, 0x00, 0x00, 0x00, 0x00, 0x00, 0x00, 0x00, 0x00, 0x00,
  0x00, 0x00, 0x00, 0x00, 0x00, 0x00, 0x00, 0x00, 0x00, 0x00, 0x00, 0x00, 0x00, 0x00, 0x00, 0x00,
  0x00, 0x00, 0x00, 0x00, 0x00, 0x00, 0x00, 0x00, 0x00, 0x00, 0x00, 0x00, 0x00, 0x00, 0x00, 0x00,
  0x00, 0x00, 0x00, 0x00, 0x00, 0x00, 0x00, 0x00, 0x00, 0x00, 0x00, 0x00, 0x00, 0x00, 0x00, 0x00,
  0x00, 0x00, 0x00, 0x00, 0x00, 0x00, 0x00, 0x00, 0x05, 0x00, 0x00, 0x00, 0x05, 0x00, 0x00, 0x00,
  0x07, 0x00, 0x00, 0x00, 0x03, 0x00, 0x00, 0x00, 0x04, 0x00, 0x00, 0x00, 0x02, 0x00, 0x00, 0x00,
  0x00, 0x00, 0x00, 0x00, 0x00, 0x00, 0x00, 0x00, 0x00, 0x00, 0x00, 0x00, 0x00, 0x00, 0x00, 0x00,
  0x00, 0x00, 0x00, 0x00, 0x00, 0x00, 0x00, 0x00, 0x00, 0x00, 0x00, 0x00, 0x00, 0x00, 0x00, 0x00,
  0x00, 0x00, 0x00, 0x00, 0x00, 0x00, 0x00, 0x00, 0x00, 0x00, 0x00, 0x00, 0x00, 0x00, 0x00, 0x00,
  0x00, 0x00, 0x00, 0x00, 0x00, 0x00, 0x00, 0x00, 0x00, 0x00, 0x00, 0x00, 0x00, 0x00, 0x00, 0x00,
  0x00, 0x00, 0x00, 0x00, 0x00, 0x00, 0x00, 0x00, 0x00, 0x00, 0x00, 0x00, 0x00, 0x00, 0x00, 0x00,
  0x00, 0x00, 0x00, 0x00, 0x00, 0x30, 0x00, 0x00, 0x00, 0x70, 0x00, 0x00, 0x00, 0x50, 0x00, 0x00,
  0x00, 0x40, 0x00, 0x00, 0x00, 0x20, 0x00, 0x00, 0x00, 0x00, 0x00, 0x00, 0x00, 0x00, 0x00, 0x00,
  0x00, 0x00, 0x00, 0x00, 0x00, 0x00, 0x00, 0x00, 0x00, 0x00, 0x00, 0x00, 0x00, 0x00, 0x00, 0x00,
  0x00, 0x00, 0x00, 0x00, 0x00, 0x00, 0x00, 0x00, 0x00, 0x00, 0x00, 0x00, 0x00, 0x00, 0x00, 0x00,
  0x00, 0x00, 0x00, 0x00, 0x00, 0x00, 0x00, 0x00, 0x00, 0x00, 0x00, 0x00, 0x00, 0x00, 0x00, 0x00,
  0x00, 0x00, 0x00, 0x00, 0x00, 0x00, 0x00, 0x00, 0x00, 0x00, 0x00, 0x00, 0x00, 0x00, 0x00, 0x00,
  0x00, 0x00, 0x00, 0x00, 0x00, 0x00, 0x00, 0x00, 0x02, 0x00, 0x00, 0x00, 0x05, 0x00, 0x00, 0x00,
  0x01, 0x00, 0x08, 0x00, 0x00, 0x00, 0x10, 0x00, 0x00, 0x00, 0x08, 0x00, 0x00, 0x00, 0x00, 0x00,
  0x00, 0x00, 0x00, 0x00, 0x00, 0x00, 0x00, 0x00, 0x00, 0x00, 0x00, 0x00, 0x00, 0x00, 0x00, 0x00,
  0x00, 0x00, 0x00, 0x00, 0x00, 0x00, 0x00, 0x00, 0x00, 0x00, 0x00, 0x00, 0x00, 0x00, 0x00, 0x00,
  0x00, 0x00, 0x00, 0x00, 0x00, 0x00, 0x00, 0x00, 0x00, 0x00, 0x00, 0x00, 0x00, 0x00, 0x00, 0x00,
  0x00, 0x00, 0x00, 0x00, 0x00, 0x00, 0x00, 0x00, 0x00, 0x00, 0x00, 0x00, 0x00, 0x00, 0x00, 0x00,
  0x00, 0x00, 0x00, 0x00, 0x00, 0x00, 0x00, 0x00, 0x00, 0x30, 0x00, 0x00, 0x00, 0x70, 0x00, 0x00,
  0x00, 0x50, 0x00, 0x00, 0x00, 0x40, 0x00, 0x00, 0x00, 0x20, 0x00, 0x00, 0x00, 0x00, 0x00, 0x00,
  0x00, 0x00, 0x00, 0x00, 0x00, 0x00, 0x00, 0x00, 0x00, 0x00, 0x00, 0x00, 0x00, 0x00, 0x00, 0x00,
  0x00, 0x00, 0x00, 0x00, 0x00, 0x00, 0x00, 0x00, 0x00, 0x00, 0x00, 0x00, 0x00, 0x00, 0x00, 0x00,
  0x00, 0x00, 0x00, 0x00, 0x00, 0x00, 0x00, 0x00, 0x00, 0x00, 0x00, 0x00, 0x00, 0x00, 0x00, 0x00,
  0x00, 0x00, 0x00, 0x00, 0x00, 0x00, 0x00, 0x00, 0x00, 0x00, 0x00, 0x00, 0x00, 0x00, 0x00, 0x00,
  0x00, 0x00, 0x00, 0x00, 0x00, 0x00, 0x00, 0x00, 0x00, 0x00, 0x00, 0x00, 0x00, 0x00, 0x00, 0x00,
  0x00, 0x00, 0x00, 0x00, 0x00, 0x00, 0x08, 0x00, 0x00, 0x00, 0x14, 0x00, 0x00, 0x00, 0x18, 0x00,
  0x00, 0x00, 0x1C, 0x00, 0x00, 0x00, 0x14, 0x00, 0x00, 0x00, 0x10, 0x00, 0x00, 0x00, 0x04, 0x00,
  0x00, 0x00, 0x00, 0x00, 0x00, 0x00, 0x00, 0x00, 0x00, 0x00, 0x00, 0x00, 0x00, 0x00, 0x00, 0x00,
  0x00, 0x00, 0x00, 0x00, 0x00, 0x00, 0x00, 0x00, 0x00, 0x00, 0x00, 0x00, 0x00, 0x00, 0x00, 0x00,
  0x00, 0x00, 0x00, 0x00, 0x00, 0x00, 0x00, 0x00, 0x00, 0x00, 0x00, 0x00, 0x00, 0x00, 0x00, 0x00,
  0x00, 0x00, 0x00, 0x00, 0x00, 0x00, 0x00, 0x00, 0x00, 0x00, 0x00, 0x00, 0x00, 0x30, 0x00, 0x00,
  0x00, 0x70, 0x00, 0x00, 0x00, 0x50, 0x00, 0x00, 0x00, 0x40, 0x00, 0x00, 0x00, 0x20, 0x00, 0x00,
  0x00, 0x00, 0x00, 0x00, 0x00, 0x00, 0x00, 0x00, 0x00, 0x00, 0x00, 0x00, 0x00, 0x00, 0x00, 0x00,
  0x00, 0x00, 0x00, 0x00, 0x00, 0x00, 0x00, 0x00, 0x00, 0x00, 0x00, 0x00, 0x00, 0x00, 0x00, 0x00,
  0x00, 0x00, 0x00, 0x00, 0x00, 0x00, 0x00, 0x00, 0x00, 0x00, 0x00, 0x00, 0x00, 0x00, 0x00, 0x00,
  0x00, 0x00, 0x00, 0x00, 0x00, 0x00, 0x00, 0x00, 0x00, 0x00, 0x00, 0x00, 0x00, 0x00, 0x00, 0x00,
  0x00, 0x00, 0x00, 0x00, 0x00, 0x00, 0x00, 0x00, 0x00, 0x00, 0x00, 0x00, 0x00, 0x00, 0x00, 0x00,
  0x00, 0x00, 0x00, 0x00, 0x00, 0x00, 0x00, 0x00, 0x00, 0x00, 0x00, 0x00, 0x00, 0x00, 0x00, 0x00,
  0x00, 0x00, 0x51, 0x00, 0x00, 0x80, 0xBE, 0x00, 0x00, 0x20, 0xDF, 0x02, 0x00, 0xC0, 0xFF, 0x04,
  0x00, 0xA0, 0xBE, 0x02, 0x00, 0x00, 0x9E, 0x00, 0x00, 0x80, 0x30, 0x00, 0x00, 0x00, 0x00, 0x00,
  0x00, 0x00, 0x00, 0x00, 0x00, 0x00, 0x00, 0x00, 0x00, 0x00, 0x00, 0x00, 0x00, 0x00, 0x00, 0x00,
  0x00, 0x00, 0x00, 0x00, 0x00, 0x00, 0x00, 0x00, 0x00, 0x00, 0x00, 0x00, 0x00, 0x00, 0x00, 0x00,
  0x00, 0x00, 0x00, 0x00, 0x00, 0x00, 0x00, 0x00, 0x00, 0x00, 0x00, 0x00, 0x00, 0x00, 0x00, 0x00,
  0x00, 0x30, 0x00, 0x00, 0x00, 0x70, 0x00, 0x00, 0x00, 0x50, 0x00, 0x00, 0x00, 0x40, 0x00, 0x00,
  0x00, 0x20, 0x00, 0x00, 0x00, 0x00, 0x00, 0x00, 0x00, 0x00, 0x00, 0x00, 0x00, 0x00, 0x00, 0x00,
  0x00, 0x00, 0x00, 0x00, 0x00, 0x00, 0x00, 0x00, 0x00, 0x00, 0x00, 0x00, 0x00, 0x00, 0x00, 0x00,
  0x00, 0x00, 0x00, 0x00, 0x00, 0x00, 0x00, 0x00, 0x00, 0x00, 0x00, 0x00, 0x00, 0x00, 0x00, 0x00,
  0x00, 0x00, 0x00, 0x00, 0x00, 0x00, 0x00, 0x00, 0x00, 0x00, 0x00, 0x00, 0x00, 0x00, 0x00, 0x00,
  0x00, 0x00, 0x00, 0x00, 0x00, 0x00, 0x00, 0x00, 0x00, 0x00, 0x00, 0x00, 0x00, 0x00, 0x00, 0x00,
  0x00, 0x00, 0x00, 0x00, 0x00, 0x00, 0x00, 0x00, 0x00, 0x00, 0x00, 0x00, 0x00, 0x00, 0x00, 0x00,
  0x00, 0x00, 0x00, 0x00, 0x00, 0x00, 0x00, 0x00, 0x00, 0x00, 0x00, 0x00, 0x00, 0x00, 0x08, 0x00,
  0x00, 0x00, 0x14, 0x00, 0x00, 0x00, 0x18, 0x00, 0x00, 0x00, 0x1C, 0x00, 0x00, 0x00, 0x14, 0x00,
  0x00, 0x00, 0x10, 0x00, 0x00, 0x00, 0x04, 0x00, 0x00, 0x00, 0x00, 0x00, 0x00, 0x00, 0x00, 0x00,
  0x00, 0x00, 0x00, 0x00, 0x00, 0x00, 0x00, 0x00, 0x00, 0x00, 0x00, 0x00, 0x00, 0x00, 0x00, 0x00,
  0x00, 0x00, 0x00, 0x00, 0x00, 0x00, 0x00, 0x00, 0x00, 0x00, 0x00, 0x00, 0x00, 0x00, 0x00, 0x00,
  0x00, 0x00, 0x00, 0x00, 0x00, 0x30, 0x00, 0x00, 0x00, 0x70, 0x00, 0x00, 0x00, 0x50, 0x00, 0x00,
  0x00, 0x40, 0x00, 0x00, 0x00, 0x20, 0x00, 0x00, 0x00, 0x00, 0x00, 0x00, 0x00, 0x00, 0x00, 0x00,
  0x00, 0x00, 0x00, 0x00, 0x00, 0x00, 0x00, 0x00, 0x00, 0x00, 0x00, 0x00, 0x00, 0x00, 0x00, 0x00,
  0x00, 0x00, 0x00, 0x00, 0x00, 0x00, 0x00, 0x00, 0x00, 0x00, 0x00, 0x00, 0x00, 0x00, 0x00, 0x00,
  0x00, 0x00, 0x00, 0x00, 0x00, 0x00, 0x00, 0x00, 0x00, 0x00, 0x00, 0x00, 0x00, 0x00, 0x00, 0x00,
  0x00, 0x00, 0x00, 0x00, 0x00, 0x00, 0x00, 0x00, 0x00, 0x00, 0x00, 0x00, 0x00, 0x00, 0x00, 0x00,
  0x00, 0x00, 0x00, 0x00, 0x00, 0x00, 0x00, 0x00, 0x00, 0x00, 0x00, 0x00, 0x00, 0x00, 0x00, 0x00,
  0x00, 0x00, 0x00, 0x00, 0x00, 0x00, 0x00, 0x00, 0x00, 0x00, 0x00, 0x00, 0x00, 0x00, 0x00, 0x00,
  0x00, 0x00, 0x00, 0x00, 0x00, 0x00, 0x00, 0x00, 0x00, 0x00, 0x00, 0x00, 0x00, 0x00, 0x00, 0x00,
  0x00, 0x00, 0x08, 0x00, 0x00, 0x00, 0x10, 0x00, 0x00, 0x00, 0x08, 0x00, 0x00, 0x00, 0x00, 0x00,
  0x00, 0x00, 0x00, 0x00, 0x00, 0x00, 0x00, 0x00, 0x00, 0x00, 0x00, 0x00, 0x00, 0x00, 0x00, 0x00,
  0x00, 0x00, 0x00, 0x00, 0x00, 0x00, 0x00, 0x00, 0x00, 0x00, 0x00, 0x00, 0x00, 0x00, 0x00, 0x00,
  0x00, 0x00, 0x00, 0x00, 0x00, 0x00, 0x00, 0x00,
};

// shipping_mode: start_row=1 rows=16 frames=1 80 bytes
const uint8_t SX3IMG_shipping_mode[] PROGMEM = {
  0x01, 0x00, 0x00, 0x00, 0x10, 0x00, 0x00, 0x00, 0x01, 0x00, 0x00, 0x00, 0x32, 0x00, 0x00, 0x00,
  0x00, 0x00, 0x03, 0x00, 0x00, 0x60, 0x03, 0x00, 0x00, 0x7C, 0x03, 0x00, 0x80, 0x7F, 0x03, 0x00,
  0xB0, 0x6D, 0x03, 0x00, 0x00, 0x00, 0x03, 0x00, 0xB6, 0x6D, 0xDB, 0x06, 0xF6, 0xFF, 0xDF, 0x06,
  0xB6, 0xFF, 0xDB, 0x00, 0x80, 0x6D, 0x1B, 0x00, 0x00, 0x00, 0x00, 0x00, 0xB0, 0x01, 0x1B, 0x00,
  0x06, 0x6C, 0xC0, 0x06, 0x00, 0x00, 0x00, 0x00, 0xB0, 0x01, 0x1B, 0x00, 0x00, 0x6C, 0xC0, 0x00,
};

// firmware_update_failed: start_row=0 rows=20 frames=39 3288 bytes
const uint8_t SX3IMG_firmware_update_failed[] PROGMEM = {
  0x00, 0x00, 0x00, 0x00, 0x14, 0x00, 0x00, 0x00, 0x27, 0x00, 0x00, 0x00, 0x32, 0x00, 0x00, 0x00,
  0x32, 0x00, 0x00, 0x00, 0x32, 0x00, 0x00, 0x00, 0x32, 0x00, 0x00, 0x00, 0x32, 0x00, 0x00, 0x00,
  0x32, 0x00, 0x00, 0x00, 0x32, 0x00, 0x00, 0x00, 0x32, 0x00, 0x00, 0x00, 0x32, 0x00, 0x00, 0x00,
  0x32, 0x00, 0x00, 0x00, 0x32, 0x00, 0x00, 0x00, 0x32, 0x00, 0x00, 0x00, 0x32, 0x00, 0x00, 0x00,
  0x32, 0x00, 0x00, 0x00, 0x32, 0x00, 0x00, 0x00, 0x32, 0x00, 0x00, 0x00, 0x32, 0x00, 0x00, 0x00,
  0x32, 0x00, 0x00, 0x00, 0x32, 0x00, 0x00, 0x00, 0x32, 0x00, 0x00, 0x00, 0x32, 0x00, 0x00, 0x00,
  0x32, 0x00, 0x00, 0x00, 0x32, 0x00, 0x00, 0x00, 0x32, 0x00, 0x00, 0x00, 0x32, 0x00, 0x00, 0x00,
  0x32, 0x00, 0x00, 0x00, 0x32, 0x00, 0x00, 0x00, 0x32, 0x00, 0x00, 0x00, 0x5A, 0x00, 0x00, 0x00,
  0x32, 0x00, 0x00, 0x00, 0x32, 0x00, 0x00, 0x00, 0x32, 0x00, 0x00, 0x00, 0x32, 0x00, 0x00, 0x00,
  0xB4, 0x00, 0x00, 0x00, 0x5A, 0x00, 0x00, 0x00, 0x5A, 0x00, 0x00, 0x00, 0x5A, 0x00, 0x00, 0x00,
  0x5A, 0x00, 0x00, 0x00, 0x5A, 0x00, 0x00, 0x00, 0x00, 0x00, 0x00, 0x00, 0x00, 0x00, 0x00, 0x00,
  0x00, 0x00, 0x00, 0x00, 0x00, 0x00, 0x00, 0x00, 0x00, 0x00, 0x00, 0x00, 0x00, 0x00, 0x00, 0x00,
  0x00, 0x00, 0x00, 0x00, 0x00, 0x00, 0x00, 0x00, 0x00, 0x00, 0x00, 0x00, 0x00, 0x00, 0x00, 0x00,
  0x00, 0x00, 0x00, 0x00, 0x00, 0x00, 0x00, 0x00, 0x00, 0x00, 0x00, 0x00, 0x00, 0x00, 0x00, 0x00,
  0x00, 0x00, 0x00, 0x00, 0x00, 0x00, 0x00, 0x00, 0x00, 0x00, 0x00, 0x00, 0x00, 0x00, 0x00, 0x00,
  0x00, 0x00, 0x00, 0x00, 0x00, 0x00, 0x00, 0x00, 0x00, 0x00, 0x00, 0x00, 0x00, 0x00, 0x00, 0x00,
  0x00, 0x00, 0x00, 0x00, 0x00, 0x00, 0x00, 0x00, 0x00, 0x00, 0x00, 0x00, 0x00, 0x00, 0x00, 0x00,
  0x00, 0x00, 0x00, 0x00, 0x00, 0x00, 0x00, 0x00, 0x00, 0x00, 0x00, 0x00, 0x00, 0x00, 0x00, 0x00,
  0x00, 0x00, 0x00, 0x00, 0x00, 0x00, 0x00, 0x00, 0x00, 0x00, 0x00, 0x00, 0x00, 0x00, 0x00, 0x00,
  0x00, 0x00, 0x00, 0x00, 0x00, 0x00, 0x00, 0x00, 0x00, 0x00, 0x00, 0x00, 0x00, 0x00, 0x00, 0x00,
  0x00, 0x00, 0x00, 0x00, 0x00, 0x00, 0x00, 0x00, 0x00, 0x00, 0x00, 0x00, 0x00, 0x00, 0x00, 0x00,
  0x00, 0x00, 0x00, 0x00, 0x00, 0x00, 0x00, 0x00, 0x00, 0x00, 0x00, 0x00, 0x00, 0x00, 0x00, 0x00,
  0x00, 0x00, 0x00, 0x00, 0x00, 0x00, 0x00, 0x00, 0x00, 0x00, 0x00, 0x00, 0x00, 0x00, 0x00, 0x00,
  0x00, 0x00, 0x00, 0x00, 0x00, 0x00, 0x00, 0x00, 0x00, 0x00, 0x00, 0x00, 0x00, 0x00, 0x00, 0x00,
  0x00, 0x00, 0x00, 0x00, 0x00, 0x00, 0x00, 0x00, 0x00, 0x00, 0x00, 0x00, 0x00, 0x00, 0x00, 0x00,
  0x00, 0x00, 0x00, 0x00, 0x00, 0x00, 0x00, 0x00, 0x00, 0x00, 0x00, 0x00, 0x00, 0x00, 0x00, 0x00,
  0x00, 0x00, 0x00, 0x00, 0x00, 0x00, 0x00, 0x00, 0x00, 0x00, 0x00, 0x00, 0x00, 0x00, 0x00, 0x00,
  0x00, 0x00, 0x00, 0x00, 0x00, 0x00, 0x00, 0x00, 0x00, 0x00, 0x00, 0x00, 0x00, 0x00, 0x00, 0x00,
  0x00, 0x00, 0x00, 0x00, 0x00, 0x00, 0x00, 0x00, 0x00, 0x00, 0x00, 0x00, 0x00, 0x00, 0x00, 0x00,
  0x00, 0x00, 0x00, 0x00, 0x00, 0x00, 0x00, 0x00, 0x00, 0x00, 0x00, 0x00, 0x00, 0x00, 0x00, 0x00,
  0x00, 0x00, 0x00, 0x00, 0x00, 0x00, 0x00, 0x00, 0x00, 0x00, 0x00, 0x00, 0x00, 0x00, 0x00, 0x00,
  0x00, 0x00, 0x00, 0x00, 0x00, 0x00, 0x00, 0x00, 0x00, 0x00, 0x00, 0x00, 0x00, 0x00, 0x00, 0x00,
  0x00, 0x00, 0x00, 0x00, 0x00, 0x00, 0x00, 0x00, 0x00, 0x00, 0x00, 0x00, 0x00, 0x00, 0x00, 0x00,
  0x00, 0x00, 0x00, 0x00, 0x00, 0x00, 0x00, 0x00, 0x00, 0x00, 0x00, 0x00, 0x00, 0x00, 0x00, 0x00,
  0x00, 0x00, 0x00, 0x00, 0x00, 0x00, 0x00, 0x00, 0x00, 0x00, 0x00, 0x00, 0x00, 0x00, 0x00, 0x00,
  0x00, 0x00, 0x00, 0x00, 0x00, 0x00, 0x00, 0x00, 0x00, 0x00, 0x00, 0x00, 0x00, 0x00, 0x00, 0x00,
  0x00, 0x00, 0x00, 0x00, 0x00, 0x00, 0x00, 0x00, 0x00, 0x00, 0x00, 0x00, 0x00, 0x00, 0x00, 0x00,
  0x00, 0x00, 0x00, 0x00, 0x00, 0x00, 0x00, 0x00, 0x00, 0x00, 0x00, 0x00, 0x00, 0x00, 0x00, 0x00,
  0x00, 0x00, 0x00, 0x00, 0x00, 0x00, 0x00, 0x00, 0x00, 0x00, 0x00, 0x00, 0x00, 0x00, 0x00, 0x00,
  0x00, 0x00, 0x00, 0x00, 0x00, 0x00, 0x00, 0x00, 0x00, 0x00, 0x00, 0x00, 0x00, 0x00, 0x00, 0x00,
  0x00, 0x00, 0x00, 0x00, 0x00, 0x00, 0x00, 0x00, 0x00, 0x00, 0x00, 0x00, 0x00, 0x00, 0x00, 0x00,
  0x00, 0x00, 0x00, 0x00, 0x00, 0x00, 0x00, 0x00, 0x00, 0x00, 0x00, 0x00, 0x00, 0x00, 0x00, 0x00,
  0x00, 0x00, 0x00, 0x00, 0x00, 0x00, 0x00, 0x00, 0x00, 0x00, 0x00, 0x00, 0x00, 0x00, 0x00, 0x00,
  0x00, 0x00, 0x00, 0x00, 0x00, 0x00, 0x00, 0x00, 0x00, 0x00, 0x00, 0x00, 0x00, 0x00, 0x00, 0x00,
  0x00, 0x00, 0x00, 0x00, 0x00, 0x00, 0x00, 0x00, 0x00, 0x00, 0x00, 0x00, 0x00, 0x00, 0x00, 0x00,
  0x00, 0x00, 0x00, 0x00, 0x00, 0x00, 0x00, 0x00, 0x00, 0x00, 0x00, 0x00, 0x00, 0x00, 0x00, 0x00,
  0x00, 0x00, 0x00, 0x00, 0x00, 0x00, 0x00, 0x00, 0x00, 0x00, 0x00, 0x00, 0x00, 0x00, 0x00, 0x00,
  0x00, 0x00, 0x00, 0x00, 0x00, 0x00, 0x00, 0x00, 0x00, 0x00, 0x00, 0x00, 0x10, 0x00, 0x40, 0x00,
  0x38, 0x00, 0xE0, 0x00, 0x38, 0x00, 0xE0, 0x00, 0x38, 0x00, 0xE0, 0x00, 0x28, 0x00, 0xA0, 0x00,
  0x10, 0x00, 0x40, 0x00, 0x00, 0x00, 0x00, 0x00, 0x00, 0x00, 0x00, 0x00, 0x00, 0x00, 0x00, 0x00,
  0x00, 0x00, 0x00, 0x00, 0x00, 0x00, 0x00, 0x00, 0x00, 0x00, 0x00, 0x00, 0x00, 0x00, 0x00, 0x00,
  0x00, 0x00, 0x00, 0x00, 0x00, 0x00, 0x00, 0x00, 0x00, 0x00, 0x00, 0x00, 0x00, 0x00, 0x00, 0x00,
  0x00, 0x00, 0x00, 0x00, 0x00, 0x00, 0x00, 0x00, 0x00, 0x00, 0x00, 0x00, 0x00, 0x00, 0x00, 0x00,
  0x00, 0x00, 0x00, 0x00, 0x00, 0x00, 0x00, 0x00, 0x00, 0x00, 0x00, 0x00, 0x00, 0x00, 0x00, 0x00,
  0x00, 0x00, 0x00, 0x00, 0x00, 0x00, 0x00, 0x00, 0x00, 0x00, 0x00, 0x00, 0x00, 0x00, 0x00, 0x00,
  0x00, 0x00, 0x00, 0x00, 0x00, 0x00, 0x00, 0x00, 0x00, 0x00, 0x00, 0x00, 0x00, 0x00, 0x00, 0x00,
  0x00, 0x00, 0x00, 0x00, 0x00, 0x00, 0x00, 0x00, 0x00, 0x00, 0x00, 0x00, 0x00, 0x00, 0x00, 0x00,
  0x00, 0x00, 0x00, 0x00, 0x80, 0x00, 0x08, 0x00, 0x40, 0x01, 0x14, 0x00, 0xC0, 0x01, 0x1C, 0x00,
  0xC0, 0x01, 0x1C, 0x00, 0x40, 0x01, 0x14, 0x00, 0x80, 0x00, 0x08, 0x00, 0x00, 0x00, 0x00, 0x00,
  0x00, 0x00, 0x00, 0x00, 0x00, 0x00, 0x00, 0x00, 0x00, 0x00, 0x00, 0x00, 0x00, 0x00, 0x00, 0x00,
  0x00, 0x00, 0x00, 0x00, 0x00, 0x00, 0x00, 0x00, 0x00, 0x00, 0x00, 0x00, 0x00, 0x00, 0x00, 0x00,
  0x00, 0x00, 0x00, 0x00, 0x00, 0x00, 0x00, 0x00, 0x00, 0x00, 0x00, 0x00, 0x00, 0x00, 0x00, 0x00,
  0x00, 0x00, 0x00, 0x00, 0x00, 0x00, 0x00, 0x00, 0x00, 0x00, 0x00, 0x00, 0x00, 0x00, 0x00, 0x00,
  0x00, 0x00, 0x00, 0x00, 0x00, 0x00, 0x00, 0x00, 0x00, 0x00, 0x00, 0x00, 0x00, 0x00, 0x00, 0x00,
  0x00, 0x00, 0x00, 0x00, 0x00, 0x00, 0x00, 0x00, 0x00, 0x00, 0x00, 0x00, 0x00, 0x00, 0x00, 0x00,
  0x00, 0x00, 0x00, 0x00, 0x00, 0x00, 0x00, 0x00, 0x00, 0x00, 0x00, 0x00, 0x00, 0x00, 0x00, 0x00,
  0x00, 0x00, 0x00, 0x00, 0x00, 0x00, 0x00, 0x00, 0x00, 0x8A, 0x02, 0x00, 0x00, 0x8E, 0x03, 0x00,
  0x00, 0x8E, 0x03, 0x00, 0x00, 0x8E, 0x03, 0x00, 0x00, 0x8E, 0x03, 0x00, 0x00, 0x8A, 0x02, 0x00,
  0x00, 0x04, 0x01, 0x00, 0x00, 0x00, 0x00, 0x00, 0x00, 0x00, 0x00, 0x00, 0x00, 0x00, 0x00, 0x00,
  0x00, 0x00, 0x00, 0x00, 0x00, 0x00, 0x00, 0x00, 0x00, 0x00, 0x00, 0x00, 0x00, 0x00, 0x00, 0x00,
  0x00, 0x00, 0x00, 0x00, 0x00, 0x00, 0x00, 0x00, 0x00, 0x00, 0x00, 0x00, 0x00, 0x00, 0x00, 0x00,
  0x00, 0x00, 0x00, 0x00, 0x00, 0x00, 0x00, 0x00, 0x00, 0x00, 0x00, 0x00, 0x00, 0x00, 0x00, 0x00,
  0x00, 0x00, 0x00, 0x00, 0x00, 0x00, 0x00, 0x00, 0x00, 0x00, 0x00, 0x00, 0x00, 0x00, 0x00, 0x00,
  0x00, 0x00, 0x00, 0x00, 0x00, 0x00, 0x00, 0x00, 0x00, 0x00, 0x00, 0x00, 0x00, 0x00, 0x00, 0x00,
  0x00, 0x00, 0x00, 0x00, 0x00, 0x00, 0x00, 0x00, 0x00, 0x00, 0x00, 0x00, 0x00, 0x00, 0x00, 0x00,
  0x00, 0x00, 0x00, 0x00, 0x00, 0x00, 0x00, 0x00, 0x00, 0x00, 0x00, 0x00, 0x00, 0x70, 0x00, 0x00,
  0x00, 0x00, 0x00, 0x00, 0x00, 0x70, 0x00, 0x00, 0x00, 0x70, 0x00, 0x00, 0x00, 0x70, 0x00, 0x00,
  0x00, 0x70, 0x00, 0x00, 0x00, 0x70, 0x00, 0x00, 0x00, 0x20, 0x00, 0x00, 0x00, 0x00, 0x00, 0x00,
  0x00, 0x00, 0x00, 0x00, 0x00, 0x00, 0x00, 0x00, 0x00, 0x00, 0x00, 0x00, 0x00, 0x00, 0x00, 0x00,
  0x00, 0x00, 0x00, 0x00, 0x00, 0x00, 0x00, 0x00, 0x00, 0x00, 0x00, 0x00, 0x00, 0x00, 0x00, 0x00,
  0x00, 0x00, 0x00, 0x00, 0x00, 0x00, 0x00, 0x00, 0x00, 0x00, 0x00, 0x00, 0x00, 0x00, 0x00, 0x00,
  0x00, 0x00, 0x00, 0x00, 0x00, 0x00, 0x00, 0x00, 0x00, 0x00, 0x00, 0x00, 0x00, 0x00, 0x00, 0x00,
  0x00, 0x00, 0x00, 0x00, 0x00, 0x00, 0x00, 0x00, 0x00, 0x00, 0x00, 0x00, 0x00, 0x00, 0x00, 0x00,
  0x00, 0x00, 0x00, 0x00, 0x00, 0x00, 0x00, 0x00, 0x00, 0x00, 0x00, 0x00, 0x00, 0x00, 0x00, 0x00,
  0x00, 0x00, 0x00, 0x00, 0x00, 0x00, 0x00, 0x00, 0x00, 0x00, 0x00, 0x00, 0x00, 0x00, 0x00, 0x00,
  0x00, 0x00, 0x00, 0x00, 0x00, 0x30, 0x00, 0x00, 0x00, 0x40, 0x00, 0x00, 0x00, 0x00, 0x00, 0x00,
  0x00, 0x8A, 0x02, 0x00, 0x00, 0x8E, 0x03, 0x00, 0x00, 0x8E, 0x03, 0x00, 0x00, 0x8E, 0x03, 0x00,
  0x00, 0x8E, 0x03, 0x00, 0x00, 0x8A, 0x02, 0x00, 0x00, 0x04, 0x01, 0x00, 0x00, 0x00, 0x00, 0x00,
  0x00, 0x00, 0x00, 0x00, 0x00, 0x00, 0x00, 0x00, 0x00, 0x00, 0x00, 0x00, 0x00, 0x00, 0x00, 0x00,
  0x00, 0x00, 0x00, 0x00, 0x00, 0x00, 0x00, 0x00, 0x00, 0x00, 0x00, 0x00, 0x00, 0x00, 0x00, 0x00,
  0x00, 0x00, 0x00, 0x00, 0x00, 0x00, 0x00, 0x00, 0x00, 0x00, 0x00, 0x00, 0x00, 0x00, 0x00, 0x00,
  0x00, 0x00, 0x00, 0x00, 0x00, 0x00, 0x00, 0x00, 0x00, 0x00, 0x00, 0x00, 0x00, 0x00, 0x00, 0x00,
  0x00, 0x00, 0x00, 0x00, 0x00, 0x00, 0x00, 0x00, 0x00, 0x00, 0x00, 0x00, 0x00, 0x00, 0x00, 0x00,
  0x00, 0x00, 0x00, 0x00, 0x00, 0x00, 0x00, 0x00, 0x00, 0x00, 0x00, 0x00, 0x00, 0x00, 0x00, 0x00,
  0x00, 0x00, 0x00, 0x00, 0x00, 0x00, 0x00, 0x00, 0x00, 0x30, 0x00, 0x00, 0x00, 0x70, 0x00, 0x00,
  0x00, 0x50, 0x00, 0x00, 0x00, 0x20, 0x00, 0x00, 0x00, 0x00, 0x00, 0x00, 0x00, 0x00, 0x00, 0x00,
  0x00, 0x00, 0x00, 0x00, 0x80, 0x00, 0x08, 0x00, 0x40, 0x01, 0x14, 0x00, 0xC0, 0x01, 0x1C, 0x00,
  0xC0, 0x01, 0x1C, 0x00, 0x40, 0x01, 0x14, 0x00, 0x80, 0x00, 0x08, 0x00, 0x00, 0x00, 0x00, 0x00,
  0x00, 0x00, 0x00, 0x00, 0x00, 0x00, 0x00, 0x00, 0x00, 0x00, 0x00, 0x00, 0x00, 0x00, 0x00, 0x00,
  0x00, 0x00, 0x00, 0x00, 0x00, 0x00, 0x00, 0x00, 0x00, 0x00, 0x00, 0x00, 0x00, 0x00, 0x00, 0x00,
  0x00, 0x00, 0x00, 0x00, 0x00, 0x00, 0x00, 0x00, 0x00, 0x00, 0x00, 0x00, 0x00, 0x00, 0x00, 0x00,
  0x00, 0x00, 0x00, 0x00, 0x00, 0x00, 0x00, 0x00, 0x00, 0x00, 0x00, 0x00, 0x00, 0x00, 0x00, 0x00,
  0x00, 0x00, 0x00, 0x00, 0x00, 0x00, 0x00, 0x00, 0x00, 0x00, 0x00, 0x00, 0x00, 0x00, 0x00, 0x00,
  0x00, 0x00, 0x00, 0x00, 0x00, 0x00, 0x00, 0x00, 0x00, 0x00, 0x00, 0x00, 0x00, 0x30, 0x00, 0x00,
  0x00, 0x70, 0x00, 0x00, 0x00, 0x50, 0x00, 0x00, 0x00, 0x40, 0x00, 0x00, 0x00, 0x20, 0x00, 0x00,
  0x00, 0x00, 0x00, 0x00, 0x00, 0x00, 0x00, 0x00, 0x00, 0x00, 0x00, 0x00, 0x00, 0x00, 0x00, 0x00,
  0x00, 0x00, 0x00, 0x00, 0x10, 0x00, 0x40, 0x00, 0x38, 0x00, 0xE0, 0x00, 0x38, 0x00, 0xE0, 0x00,
  0x38, 0x00, 0xE0, 0x00, 0x28, 0x00, 0xA0, 0x00, 0x10, 0x00, 0x40, 0x00, 0x00, 0x00, 0x00, 0x00,
  0x00, 0x00, 0x00, 0x00, 0x00, 0x00, 0x00, 0x00, 0x00, 0x00, 0x00, 0x00, 0x00, 0x00, 0x00, 0x00,
  0x00, 0x00, 0x00, 0x00, 0x00, 0x00, 0x00, 0x00, 0x00, 0x00, 0x00, 0x00, 0x00, 0x00, 0x00, 0x00,
  0x00, 0x00, 0x00, 0x00, 0x00, 0x00, 0x00, 0x00, 0x00, 0x00, 0x00, 0x00, 0x00, 0x00, 0x00, 0x00,
  0x00, 0x00, 0x00, 0x00, 0x00, 0x00, 0x00, 0x00, 0x00, 0x00, 0x00, 0x00, 0x00, 0x00, 0x00, 0x00,
  0x00, 0x00, 0x00, 0x00, 0x00, 0x00, 0x00, 0x00, 0x00, 0x00, 0x00, 0x00, 0x00, 0x00, 0x00, 0x00,
  0x00, 0x30, 0x00, 0x00, 0x00, 0x70, 0x00, 0x00, 0x00, 0x50, 0x00, 0x00, 0x00, 0x40, 0x00, 0x00,
  0x00, 0x20, 0x00, 0x00, 0x00, 0x00, 0x00, 0x00, 0x00, 0x00, 0x00, 0x00, 0x00, 0x00, 0x00, 0x00,
  0x00, 0x00, 0x00, 0x00, 0x00, 0x00, 0x00, 0x00, 0x00, 0x00, 0x00, 0x00, 0x00, 0x00, 0x00, 0x00,
  0x00, 0x00, 0x00, 0x00, 0x00, 0x00, 0x00, 0x00, 0x00, 0x00, 0x00, 0x00, 0x00, 0x00, 0x00, 0x00,
  0x00, 0x00, 0x00, 0x00, 0x00, 0x00, 0x00, 0x00, 0x00, 0x00, 0x00, 0x00, 0x00, 0x00, 0x00, 0x00,
  0x00, 0x00, 0x00, 0x00, 0x00, 0x00, 0x00, 0x00, 0x00, 0x00, 0x00, 0x00, 0x00, 0x00, 0x00, 0x00,
  0x00, 0x00, 0x00, 0x00, 0x00, 0x00, 0x00, 0x00, 0x00, 0x00, 0x00, 0x00, 0x00, 0x00, 0x00, 0x00,
  0x00, 0x00, 0x00, 0x00, 0x00, 0x00, 0x00, 0x00, 0x00, 0x00, 0x00, 0x00, 0x00, 0x00, 0x00, 0x00,
  0x00, 0x00, 0x00, 0x00, 0x00, 0x00, 0x00, 0x00, 0x00, 0x00, 0x00, 0x00, 0x00, 0x00, 0x00, 0x00,
  0x00, 0x00, 0x00, 0x00, 0x00, 0x30, 0x00, 0x00, 0x00, 0x70, 0x00, 0x00, 0x00, 0x50, 0x00, 0x00,
  0x00, 0x40, 0x00, 0x00, 0x00, 0x20, 0x00, 0x00, 0x00, 0x00, 0x00, 0x00, 0x00, 0x00, 0x00, 0x00,
  0x00, 0x00, 0x00, 0x00, 0x00, 0x00, 0x00, 0x00, 0x00, 0x00, 0x00, 0x00, 0x00, 0x00, 0x00, 0x00,
  0x00, 0x00, 0x00, 0x00, 0x00, 0x00, 0x00, 0x00, 0x00, 0x00, 0x00, 0x00, 0x00, 0x00, 0x00, 0x00,
  0x00, 0x00, 0x00, 0x00, 0x00, 0x00, 0x00, 0x00, 0x00, 0x00, 0x00, 0x00, 0x00, 0x00, 0x00, 0x00,
  0x00, 0x00, 0x00, 0x00, 0x00, 0x00, 0x00, 0x00, 0x00, 0x00, 0x00, 0x00, 0x00, 0x00, 0x00, 0x00,
  0x00, 0x00, 0x00, 0x00, 0x00, 0x00, 0x00, 0x00, 0x00, 0x00, 0x00, 0x00, 0x00, 0x00, 0x00, 0x00,
  0x00, 0x00, 0x00, 0x00, 0x00, 0x00, 0x00, 0x00, 0x00, 0x00, 0x00, 0x00, 0x00, 0x00, 0x00, 0x00,
  0x00, 0x00, 0x00, 0x00, 0x00, 0x00, 0x00, 0x00, 0x00, 0x00, 0x00, 0x00, 0x00, 0x00, 0x00, 0x00,
  0x00, 0x00, 0x00, 0x00, 0x00, 0x00, 0x00, 0x00, 0x00, 0x30, 0x00, 0x00, 0x00, 0x70, 0x00, 0x00,
  0x00, 0x50, 0x00, 0x00, 0x00, 0x40, 0x00, 0x00, 0x00, 0x20, 0x00, 0x00, 0x00, 0x00, 0x00, 0x00,
  0x00, 0x00, 0x00, 0x00, 0x00, 0x00, 0x00, 0x00, 0x00, 0x00, 0x00, 0x00, 0x00, 0x00, 0x00, 0x00,
  0x00, 0x00, 0x00, 0x00, 0x00, 0x00, 0x00, 0x00, 0x00, 0x00, 0x00, 0x00, 0x00, 0x00, 0x00, 0x00,
  0x00, 0x00, 0x00, 0x00, 0x00, 0x00, 0x00, 0x00, 0x00, 0x00, 0x00, 0x00, 0x00, 0x00, 0x00, 0x00,
  0x00, 0x00, 0x00, 0x00, 0x00, 0x00, 0x00, 0x00, 0x00, 0x00, 0x00, 0x00, 0x00, 0x00, 0x00, 0x00,
  0x00, 0x00, 0x00, 0x00, 0x00, 0x00, 0x00, 0x00, 0x00, 0x00, 0x00, 0x00, 0x00, 0x00, 0x00, 0x00,
  0x00, 0x00, 0x00, 0x00, 0x00, 0x00, 0x00, 0x00, 0x00, 0x00, 0x00, 0x00, 0x00, 0x00, 0x00, 0x00,
  0x00, 0x00, 0x00, 0x00, 0x00, 0x00, 0x00, 0x00, 0x00, 0x00, 0x00, 0x00, 0x00, 0x00, 0x00, 0x00,
  0x00, 0x00, 0x00, 0x00, 0x00, 0x00, 0x00, 0x00, 0x00, 0x00, 0x00, 0x00, 0x00, 0x30, 0x00, 0x00,
  0x00, 0x70, 0x00, 0x00, 0x00, 0x50, 0x00, 0x00, 0x00, 0x40, 0x00, 0x00, 0x00, 0x20, 0x00, 0x00,
  0x00, 0x00, 0x00, 0x00, 0x00, 0x00, 0x00, 0x00, 0x00, 0x00, 0x00, 0x00, 0x00, 0x00, 0x00, 0x00,
  0x00, 0x00, 0x00, 0x00, 0x00, 0x00, 0x00, 0x00, 0x00, 0x00, 0x00, 0x00, 0x00, 0x00, 0x00, 0x00,
  0x00, 0x00, 0x00, 0x00, 0x00, 0x00, 0x00, 0x00, 0x00, 0x00, 0x00, 0x00, 0x00, 0x00, 0x00, 0x00,
  0x00, 0x00, 0x00, 0x00, 0x00, 0x00, 0x00, 0x00, 0x00, 0x00, 0x00, 0x00, 0x00, 0x00, 0x00, 0x00,
  0x00, 0x00, 0x00, 0x00, 0x00, 0x00, 0x00, 0x00, 0x00, 0x00, 0x00, 0x00, 0x00, 0x00, 0x00, 0x00,
  0x00, 0x00, 0x00, 0x00, 0x00, 0x00, 0x00, 0x00, 0x00, 0x00, 0x00, 0x00, 0x00, 0x00, 0x00, 0x00,
  0x00, 0x00, 0x00, 0x00, 0x00, 0x00, 0x00, 0x00, 0x00, 0x00, 0x00, 0x00, 0x00, 0x00, 0x00, 0x00,
  0x00, 0x00, 0x00, 0x00, 0x00, 0x00, 0x00, 0x00, 0x00, 0x00, 0x00, 0x00, 0x00, 0x00, 0x00, 0x00,
  0x00, 0x30, 0x00, 0x00, 0x00, 0x70, 0x00, 0x00, 0x00, 0x50, 0x00, 0x00, 0x00, 0x40, 0x00, 0x00,
  0x00, 0x20, 0x00, 0x00, 0x00, 0x00, 0x00, 0x00, 0x00, 0x00, 0x00, 0x00, 0x00, 0x00, 0x00, 0x00,
  0x00, 0x00, 0x00, 0x00, 0x00, 0x00, 0x00, 0x00, 0x00, 0x00, 0x00, 0x00, 0x00, 0x00, 0x00, 0x00,
  0x00, 0x00, 0x00, 0x00, 0x00, 0x00, 0x00, 0x00, 0x00, 0x00, 0x00, 0x00, 0x00, 0x00, 0x00, 0x00,
  0x00, 0x00, 0x00, 0x00, 0x00, 0x00, 0x00, 0x00, 0x00, 0x00, 0x00, 0x00, 0x00, 0x00, 0x00, 0x00,
  0x00, 0x00, 0x00, 0x00, 0x00, 0x00, 0x00, 0x00, 0x00, 0x00, 0x00, 0x00, 0x00, 0x00, 0x00, 0x00,
  0x00, 0x00, 0x00, 0x00, 0x00, 0x00, 0x00, 0x00, 0x00, 0x00, 0x00, 0x00, 0x00, 0x00, 0x00, 0x00,
  0x00, 0x00, 0x00, 0x00, 0x00, 0x00, 0x00, 0x00, 0x00, 0x00, 0x00, 0x00, 0x00, 0x00, 0x00, 0x00,
  0x00, 0x00, 0x00, 0x00, 0x00, 0x00, 0x00, 0x00, 0x00, 0x00, 0x00, 0x00, 0x00, 0x00, 0x00, 0x00,
  0x00, 0x00, 0x00, 0x00, 0x00, 0x30, 0x00, 0x00, 0x00, 0x70, 0x00, 0x00, 0x00, 0x50, 0x00, 0x00,
  0x00, 0x40, 0x00, 0x00, 0x00, 0x20, 0x00, 0x00, 0x00, 0x00, 0x00, 0x00, 0x00, 0x00, 0x00, 0x00,
  0x00, 0x00, 0x00, 0x00, 0x00, 0x00, 0x00, 0x00, 0x00, 0x00, 0x00, 0x00, 0x00, 0x00, 0x00, 0x00,
  0x00, 0x00, 0x00, 0x00, 0x00, 0x00, 0x00, 0x00, 0x00, 0x00, 0x00, 0x00, 0x00, 0x00, 0x00, 0x00,
  0x00, 0x00, 0x00, 0x00, 0x00, 0x00, 0x00, 0x00, 0x00, 0x00, 0x00, 0x00, 0x00, 0x00, 0x00, 0x00,
  0x00, 0x00, 0x00, 0x00, 0x00, 0x00, 0x00, 0x00, 0x00, 0x00, 0x00, 0x00, 0x00, 0x00, 0x00, 0x00,
  0x00, 0x00, 0x00, 0x00, 0x00, 0x00, 0x00, 0x00, 0x00, 0x00, 0x00, 0x00, 0x00, 0x00, 0x00, 0x00,
  0x00, 0x00, 0x00, 0x00, 0x00, 0x00, 0x00, 0x00, 0x00, 0x00, 0x00, 0x00, 0x00, 0x00, 0x00, 0x00,
  0x00, 0x00, 0x00, 0x00, 0x00, 0x00, 0x00, 0x00, 0x00, 0x00, 0x00, 0x00, 0x00, 0x00, 0x00, 0x00,
  0x00, 0x00, 0x00, 0x00, 0x00, 0x00, 0x00, 0x00, 0x00, 0x30, 0x00, 0x00, 0x00, 0x70, 0x00, 0x00,
  0x00, 0x50, 0x00, 0x00, 0x00, 0x40, 0x00, 0x00, 0x00, 0x20, 0x00, 0x00, 0x00, 0x00, 0x00, 0x00,
  0x00, 0x00, 0x00, 0x00, 0x00, 0x00, 0x00, 0x00, 0x00, 0x00, 0x00, 0x00, 0x00, 0x00, 0x00, 0x00,
  0x00, 0x00, 0x00, 0x00, 0x00, 0x00, 0x00, 0x00, 0x00, 0x00, 0x00, 0x00, 0x00, 0x00, 0x00, 0x00,
  0x00, 0x00, 0x00, 0x00, 0x00, 0x00, 0x00, 0x00, 0x00, 0x00, 0x00, 0x00, 0x00, 0x00, 0x00, 0x00,
  0x00, 0x00, 0x00, 0x00, 0x00, 0x00, 0x00, 0x00, 0x00, 0x00, 0x00, 0x00, 0x00, 0x00, 0x00, 0x00,
  0x00, 0x00, 0x00, 0x00, 0x00, 0x00, 0x00, 0x00, 0x00, 0x00, 0x00, 0x00, 0x00, 0x00, 0x00, 0x00,
  0x00, 0x00, 0x00, 0x00, 0x00, 0x00, 0x00, 0x00, 0x00, 0x00, 0x00, 0x00, 0x00, 0x00, 0x00, 0x00,
  0x00, 0x00, 0x00, 0x00, 0x00, 0x00, 0x00, 0x00, 0x00, 0x00, 0x00, 0x00, 0x00, 0x00, 0x00, 0x00,
  0x00, 0x00, 0x00, 0x00, 0x00, 0x00, 0x00, 0x00, 0x00, 0x00, 0x00, 0x00, 0x00, 0x30, 0x00, 0x00,
  0x00, 0x70, 0x00, 0x00, 0x00, 0x50, 0x00, 0x00, 0x00, 0x40, 0x00, 0x00, 0x00, 0x20, 0x00, 0x00,
  0x00, 0x00, 0x00, 0x00, 0x00, 0x00, 0x00, 0x00, 0x00, 0x00, 0x00, 0x00, 0x00, 0x00, 0x00, 0x00,
  0x00, 0x00, 0x00, 0x00, 0x00, 0x00, 0x00, 0x00, 0x00, 0x00, 0x00, 0x00, 0x00, 0x00, 0x00, 0x00,
  0x00, 0x00, 0x00, 0x00, 0x00, 0x00, 0x00, 0x00, 0x00, 0x00, 0x00, 0x00, 0x00, 0x00, 0x00, 0x00,
  0x00, 0x00, 0x00, 0x00, 0x00, 0x00, 0x00, 0x00, 0x00, 0x00, 0x00, 0x00, 0x00, 0x00, 0x00, 0x00,
  0x00, 0x00, 0x00, 0x00, 0x00, 0x00, 0x00, 0x00, 0x00, 0x00, 0x00, 0x00, 0x00, 0x00, 0x00, 0x00,
  0x00, 0x00, 0x00, 0x00, 0x00, 0x00, 0x00, 0x00, 0x00, 0x00, 0x00, 0x00, 0x00, 0x00, 0x00, 0x00,
  0x00, 0x00, 0x00, 0x00, 0x00, 0x00, 0x00, 0x00, 0x00, 0x00, 0x00, 0x00, 0x00, 0x00, 0x00, 0x00,
  0x00, 0x00, 0x00, 0x00, 0x00, 0x00, 0x00, 0x00, 0x00, 0x00, 0x00, 0x00, 0x00, 0x00, 0x00, 0x00,
  0x00, 0x30, 0x00, 0x00, 0x00, 0x70, 0x00, 0x00, 0x00, 0x50, 0x00, 0x00, 0x00, 0x40, 0x00, 0x00,
  0x00, 0x20, 0x00, 0x00, 0x00, 0x00, 0x00, 0x00, 0x00, 0x00, 0x00, 0x00, 0x00, 0x00, 0x00, 0x00,
  0x00, 0x00, 0x00, 0x00, 0x00, 0x00, 0x00, 0x00, 0x00, 0x00, 0x00, 0x00, 0x00, 0x00, 0x00, 0x00,
  0x00, 0x00, 0x00, 0x00, 0x00, 0x00, 0x00, 0x00, 0x00, 0x00, 0x00, 0x00, 0x00, 0x00, 0x00, 0x00,
  0x00, 0x00, 0x00, 0x00, 0x00, 0x00, 0x00, 0x00, 0x00, 0x00, 0x00, 0x00, 0x00, 0x00, 0x00, 0x00,
  0x00, 0x00, 0x00, 0x00, 0x00, 0x00, 0x00, 0x00, 0x00, 0x00, 0x00, 0x00, 0x00, 0x00, 0x00, 0x00,
  0x00, 0x00, 0x00, 0x00, 0x00, 0x00, 0x00, 0x00, 0x00, 0x00, 0x00, 0x00, 0x00, 0x00, 0x00, 0x00,
  0x00, 0x00, 0x00, 0x00, 0x00, 0x00, 0x00, 0x00, 0x00, 0x00, 0x00, 0x00, 0x00, 0x00, 0x00, 0x00,
  0x00, 0x00, 0x00, 0x00, 0x00, 0x00, 0x00, 0x00, 0x00, 0x00, 0x00, 0x00, 0x00, 0x00, 0x00, 0x00,
  0x00, 0x00, 0x00, 0x00, 0x00, 0x30, 0x00, 0x00, 0x00, 0x70, 0x00, 0x00, 0x00, 0x50, 0x00, 0x00,
  0x00, 0x40, 0x00, 0x00, 0x00, 0x20, 0x00, 0x00, 0x00, 0x00, 0x00, 0x00, 0x00, 0x00, 0x00, 0x00,
  0x00, 0x00, 0x00, 0x00, 0x00, 0x00, 0x00, 0x00, 0x00, 0x00, 0x00, 0x00, 0x00, 0x00, 0x00, 0x00,
  0x00, 0x00, 0x00, 0x00, 0x00, 0x00, 0x00, 0x00, 0x00, 0x00, 0x00, 0x00, 0x00, 0x00, 0x00, 0x00,
  0x00, 0x00, 0x00, 0x00, 0x00, 0x00, 0x00, 0x00, 0x00, 0x00, 0x00, 0x00, 0x00, 0x00, 0x00, 0x00,
  0x00, 0x00, 0x00, 0x00, 0x00, 0x00, 0x00, 0x00, 0x00, 0x00, 0x00, 0x00, 0x00, 0x00, 0x00, 0x00,
  0x00, 0x00, 0x00, 0x00, 0x00, 0x00, 0x00, 0x00, 0x00, 0x00, 0x00, 0x00, 0x00, 0x00, 0x00, 0x00,
  0x00, 0x00, 0x00, 0x00, 0x00, 0x00, 0x00, 0x00, 0x00, 0x00, 0x00, 0x00, 0x00, 0x00, 0x00, 0x00,
  0x00, 0x00, 0x00, 0x00, 0x00, 0x00, 0x00, 0x00, 0x00, 0x00, 0x00, 0x00, 0x00, 0x00, 0x00, 0x00,
  0x00, 0x00, 0x00, 0x00, 0x00, 0x00, 0x00, 0x00,
};

// battery_frame_power_bank_start_charging: start_row=13 rows=5 frames=22 540 bytes
const uint8_t SX3IMG_battery_frame_power_bank_start_charging[] PROGMEM = {
  0x0D, 0x00, 0x00, 0x00, 0x05, 0x00, 0x00, 0x00, 0x16, 0x00, 0x00, 0x00, 0x64, 0x00, 0x00, 0x00,
  0x64, 0x00, 0x00, 0x00, 0x64, 0x00, 0x00, 0x00, 0x64, 0x00, 0x00, 0x00, 0x64, 0x00, 0x00, 0x00,
  0x64, 0x00, 0x00, 0x00, 0x64, 0x00, 0x00, 0x00, 0x64, 0x00, 0x00, 0x00, 0x64, 0x00, 0x00, 0x00,
  0x64, 0x00, 0x00, 0x00, 0x64, 0x00, 0x00, 0x00, 0x64, 0x00, 0x00, 0x00, 0x64, 0x00, 0x00, 0x00,
  0x64, 0x00, 0x00, 0x00, 0x64, 0x00, 0x00, 0x00, 0x64, 0x00, 0x00, 0x00, 0x64, 0x00, 0x00, 0x00,
  0x64, 0x00, 0x00, 0x00, 0x64, 0x00, 0x00, 0x00, 0x64, 0x00, 0x00, 0x00, 0x64, 0x00, 0x00, 0x00,
  0x64, 0x00, 0x00, 0x00, 0x38, 0x49, 0x92, 0x00, 0xF8, 0x49, 0x92, 0x00, 0xF8, 0x4F, 0x92, 0x00,
  0xF8, 0x7F, 0x92, 0x00, 0xF8, 0xFF, 0x93, 0x00, 0xF8, 0xFF, 0x9F, 0x00, 0xF8, 0xFF, 0xFF, 0x00,
  0xF8, 0xFF, 0xFF, 0x00, 0xF8, 0xFF, 0xFF, 0x00, 0xF8, 0xFF, 0xFF, 0x00, 0xF8, 0xFF, 0xFF, 0x00,
  0xF8, 0xFF, 0xFF, 0x00, 0xF8, 0xFF, 0xFF, 0x00, 0xF8, 0xFF, 0xFF, 0x00, 0xF8, 0xFF, 0xFF, 0x00,
  0xF8, 0xFF, 0xFF, 0x00, 0xF8, 0xFF, 0xFF, 0x00, 0xF8, 0xFF, 0xFF, 0x00, 0xF8, 0xFF, 0xFF, 0x00,
  0xF8, 0xFF, 0xFF, 0x00, 0xB0, 0x6D, 0xDB, 0x00, 0x68, 0xDB, 0xB6, 0x00, 0x04, 0x00, 0x00, 0x04,
  0x04, 0x00, 0x00, 0x04, 0x04, 0x00, 0x00, 0x04, 0x04, 0x00, 0x00, 0x04, 0x04, 0x00, 0x00, 0x04,
  0x04, 0x00, 0x00, 0x04, 0x04, 0x00, 0x00, 0x04, 0x04, 0x00, 0x00, 0x07, 0x04, 0x00, 0x00, 0x07,
  0x04, 0x00, 0x00, 0x07, 0x04, 0x00, 0x00, 0x07, 0x04, 0x00, 0x00, 0x07, 0x04, 0x00, 0x00, 0x07,
  0x04, 0x00, 0x00, 0x07, 0x04, 0x00, 0x00, 0x07, 0x04, 0x00, 0x00, 0x07, 0x04, 0x00, 0x00, 0x07,
  0x04, 0x00, 0x00, 0x07, 0x04, 0x00, 0x00, 0x07, 0x07, 0x00, 0x00, 0x07, 0x06, 0x00, 0x00, 0x06,
  0x05, 0x00, 0x00, 0x05, 0x04, 0x00, 0x00, 0x04, 0x04, 0x00, 0x00, 0x04, 0x04, 0x00, 0x00, 0x04,
  0x04, 0x00, 0x00, 0x04, 0x04, 0x00, 0x00, 0x04, 0x04, 0x00, 0x00, 0x04, 0x04, 0x00, 0x00, 0x04,
  0x04, 0x00, 0x00, 0x04, 0x04, 0x00, 0x00, 0x07, 0x04, 0x00, 0x00, 0x07, 0x04, 0x00, 0x00, 0x07,
  0x04, 0x00, 0x00, 0x07, 0x04, 0x00, 0x00, 0x07, 0x04, 0x00, 0x00, 0x07, 0x04, 0x00, 0x00, 0x07,
  0x04, 0x00, 0x00, 0x07, 0x04, 0x00, 0x00, 0x07, 0x04, 0x00, 0x00, 0x07, 0x07, 0x00, 0x00, 0x07,
  0x07, 0x00, 0x00, 0x07, 0x06, 0x00, 0x00, 0x06, 0x05, 0x00, 0x00, 0x05, 0x04, 0x00, 0x00, 0x04,
  0x04, 0x00, 0x00, 0x04, 0x04, 0x00, 0x00, 0x04, 0x04, 0x00, 0x00, 0x04, 0x04, 0x00, 0x00, 0x04,
  0x04, 0x00, 0x00, 0x04, 0x04, 0x00, 0x00, 0x04, 0x04, 0x00, 0x00, 0x04, 0x04, 0x00, 0x00, 0x04,
  0x04, 0x00, 0x00, 0x07, 0x04, 0x00, 0x00, 0x07, 0x04, 0x00, 0x00, 0x07, 0x04, 0x00, 0x00, 0x07,
  0x04, 0x00, 0x00, 0x07, 0x04, 0x00, 0x00, 0x07, 0x04, 0x00, 0x00, 0x07, 0x04, 0x00, 0x00, 0x07,
  0x07, 0x00, 0x00, 0x07, 0x07, 0x00, 0x00, 0x07, 0x07, 0x00, 0x00, 0x07, 0x06, 0x00, 0x00, 0x06,
  0x05, 0x00, 0x00, 0x05, 0x20, 0x49, 0x92, 0x00, 0x20, 0x49, 0x92, 0x00, 0x20, 0x49, 0x92, 0x00,
  0x20, 0x49, 0x92, 0x00, 0x20, 0x49, 0x92, 0x00, 0x20, 0x49, 0x92, 0x00, 0x20, 0x49, 0x92, 0x00,
  0x20, 0x49, 0x92, 0x00, 0x20, 0x49, 0x92, 0x00, 0x20, 0x49, 0x92, 0x00, 0x20, 0x49, 0xF2, 0x00,
  0x20, 0x49, 0xFE, 0x00, 0x20, 0xC9, 0xFF, 0x00, 0x20, 0xF9, 0xFF, 0x00, 0x20, 0xFF, 0xFF, 0x00,
  0xE0, 0xFF, 0xFF, 0x00, 0xF8, 0xFF, 0xFF, 0x00, 0xF8, 0xFF, 0xFF, 0x00, 0xF8, 0xFF, 0xFF, 0x00,
  0xF8, 0xFF, 0xFF, 0x00, 0xB0, 0x6D, 0xDB, 0x00, 0x68, 0xDB, 0xB6, 0x00,
};

// battery_frame_power_bank_stop_charging: start_row=13 rows=5 frames=23 564 bytes
const uint8_t SX3IMG_battery_frame_power_bank_stop_charging[] PROGMEM = {
  0x0D, 0x00, 0x00, 0x00, 0x05, 0x00, 0x00, 0x00, 0x17, 0x00, 0x00, 0x00, 0x64, 0x00, 0x00, 0x00,
  0x64, 0x00, 0x00, 0x00, 0x64, 0x00, 0x00, 0x00, 0x64, 0x00, 0x00, 0x00, 0x64, 0x00, 0x00, 0x00,
  0x64, 0x00, 0x00, 0x00, 0x64, 0x00, 0x00, 0x00, 0x64, 0x00, 0x00, 0x00, 0x64, 0x00, 0x00, 0x00,
  0x64, 0x00, 0x00, 0x00, 0x64, 0x00, 0x00, 0x00, 0x64, 0x00, 0x00, 0x00, 0x64, 0x00, 0x00, 0x00,
  0x64, 0x00, 0x00, 0x00, 0x64, 0x00, 0x00, 0x00, 0x64, 0x00, 0x00, 0x00, 0x64, 0x00, 0x00, 0x00,
  0x64, 0x00, 0x00, 0x00, 0x64, 0x00, 0x00, 0x00, 0x64, 0x00, 0x00, 0x00, 0x64, 0x00, 0x00, 0x00,
  0x64, 0x00, 0x00, 0x00, 0x64, 0x00, 0x00, 0x00, 0x68, 0xDB, 0xB6, 0x00, 0xB0, 0x6D, 0xDB, 0x00,
  0xF8, 0xFF, 0xFF, 0x00, 0xE0, 0xFF, 0xFF, 0x00, 0x20, 0xFF, 0xFF, 0x00, 0x20, 0xF9, 0xFF, 0x00,
  0x20, 0xC9, 0xFF, 0x00, 0x20, 0x49, 0xFE, 0x00, 0x20, 0x49, 0xF2, 0x00, 0x20, 0x49, 0x92, 0x00,
  0x20, 0x49, 0x92, 0x00, 0x20, 0x49, 0x92, 0x00, 0x20, 0x49, 0x92, 0x00, 0x20, 0x49, 0x92, 0x00,
  0x20, 0x49, 0x92, 0x00, 0x20, 0x49, 0x92, 0x00, 0x20, 0x49, 0x92, 0x00, 0x20, 0x49, 0x92, 0x00,
  0x20, 0x49, 0x92, 0x00, 0x20, 0x49, 0x92, 0x00, 0x20, 0x49, 0x92, 0x00, 0x20, 0x49, 0x92, 0x00,
  0x20, 0x49, 0x92, 0x00, 0x05, 0x00, 0x00, 0x05, 0x06, 0x00, 0x00, 0x06, 0x07, 0x00, 0x00, 0x07,
  0x07, 0x00, 0x00, 0x07, 0x07, 0x00, 0x00, 0x07, 0x07, 0x00, 0x00, 0x07, 0x07, 0x00, 0x00, 0x07,
  0x07, 0x00, 0x00, 0x07, 0x07, 0x00, 0x00, 0x07, 0x07, 0x00, 0x00, 0x07, 0x07, 0x00, 0x00, 0x04,
  0x07, 0x00, 0x00, 0x04, 0x07, 0x00, 0x00, 0x04, 0x07, 0x00, 0x00, 0x04, 0x07, 0x00, 0x00, 0x04,
  0x07, 0x00, 0x00, 0x04, 0x07, 0x00, 0x00, 0x04, 0x07, 0x00, 0x00, 0x04, 0x07, 0x00, 0x00, 0x04,
  0x07, 0x00, 0x00, 0x04, 0x07, 0x00, 0x00, 0x04, 0x07, 0x00, 0x00, 0x04, 0x04, 0x00, 0x00, 0x04,
  0x05, 0x00, 0x00, 0x05, 0x06, 0x00, 0x00, 0x06, 0x07, 0x00, 0x00, 0x07, 0x07, 0x00, 0x00, 0x07,
  0x07, 0x00, 0x00, 0x07, 0x07, 0x00, 0x00, 0x07, 0x07, 0x00, 0x00, 0x07, 0x07, 0x00, 0x00, 0x07,
  0x07, 0x00, 0x00, 0x07, 0x07, 0x00, 0x00, 0x07, 0x07, 0x00, 0x00, 0x07, 0x07, 0x00, 0x00, 0x04,
  0x07, 0x00, 0x00, 0x04, 0x07, 0x00, 0x00, 0x04, 0x07, 0x00, 0x00, 0x04, 0x07, 0x00, 0x00, 0x04,
  0x07, 0x00, 0x00, 0x04, 0x07, 0x00, 0x00, 0x04, 0x07, 0x00, 0x00, 0x04, 0x07, 0x00, 0x00, 0x04,
  0x07, 0x00, 0x00, 0x04, 0x04, 0x00, 0x00, 0x04, 0x04, 0x00, 0x00, 0x04, 0x05, 0x00, 0x00, 0x05,
  0x06, 0x00, 0x00, 0x06, 0x07, 0x00, 0x00, 0x07, 0x07, 0x00, 0x00, 0x07, 0x07, 0x00, 0x00, 0x07,
  0x07, 0x00, 0x00, 0x07, 0x07, 0x00, 0x00, 0x07, 0x07, 0x00, 0x00, 0x07, 0x07, 0x00, 0x00, 0x07,
  0x07, 0x00, 0x00, 0x07, 0x07, 0x00, 0x00, 0x07, 0x07, 0x00, 0x00, 0x07, 0x07, 0x00, 0x00, 0x04,
  0x07, 0x00, 0x00, 0x04, 0x07, 0x00, 0x00, 0x04, 0x07, 0x00, 0x00, 0x04, 0x07, 0x00, 0x00, 0x04,
  0x07, 0x00, 0x00, 0x04, 0x07, 0x00, 0x00, 0x04, 0x07, 0x00, 0x00, 0x04, 0x04, 0x00, 0x00, 0x04,
  0x04, 0x00, 0x00, 0x04, 0x04, 0x00, 0x00, 0x04, 0x68, 0xDB, 0xB6, 0x00, 0xB0, 0x6D, 0xDB, 0x00,
  0xF8, 0xFF, 0xFF, 0x00, 0xF8, 0xFF, 0xFF, 0x00, 0xF8, 0xFF, 0xFF, 0x00, 0xF8, 0xFF, 0xFF, 0x00,
  0xF8, 0xFF, 0xFF, 0x00, 0xF8, 0xFF, 0xFF, 0x00, 0xF8, 0xFF, 0xFF, 0x00, 0xF8, 0xFF, 0xFF, 0x00,
  0xF8, 0xFF, 0xFF, 0x00, 0xF8, 0xFF, 0xFF, 0x00, 0xF8, 0xFF, 0xFF, 0x00, 0xF8, 0xFF, 0x9F, 0x00,
  0xF8, 0xFF, 0x93, 0x00, 0xF8, 0x7F, 0x92, 0x00, 0xF8, 0x4F, 0x92, 0x00, 0xF8, 0x49, 0x92, 0x00,
  0x38, 0x49, 0x92, 0x00, 0x20, 0x49, 0x92, 0x00, 0x20, 0x49, 0x92, 0x00, 0x20, 0x49, 0x92, 0x00,
  0x20, 0x49, 0x92, 0x00,
};

// power_bank_charging: start_row=4 rows=9 frames=10 412 bytes
const uint8_t SX3IMG_power_bank_charging[] PROGMEM = {
  0x04, 0x00, 0x00, 0x00, 0x09, 0x00, 0x00, 0x00, 0x0A, 0x00, 0x00, 0x00, 0xC8, 0x00, 0x00, 0x00,
  0xC8, 0x00, 0x00, 0x00, 0xC8, 0x00, 0x00, 0x00, 0xC8, 0x00, 0x00, 0x00, 0xC8, 0x00, 0x00, 0x00,
  0xC8, 0x00, 0x00, 0x00, 0xC8, 0x00, 0x00, 0x00, 0xC8, 0x00, 0x00, 0x00, 0xC8, 0x00, 0x00, 0x00,
  0xC8, 0x00, 0x00, 0x00, 0xD8, 0xB6, 0x6D, 0x00, 0xD8, 0xB6, 0x6D, 0x00, 0xD8, 0xB6, 0x6D, 0x00,
  0xD8, 0xB6, 0x6D, 0x00, 0xD8, 0xB6, 0x6D, 0x00, 0xD8, 0xB6, 0x6D, 0x00, 0xD8, 0xB6, 0x6D, 0x00,
  0xD8, 0xB6, 0x6D, 0x00, 0xD8, 0xB6, 0x6D, 0x00, 0xD8, 0xB6, 0x6D, 0x00, 0x03, 0x70, 0x00, 0x03,
  0x03, 0x70, 0x00, 0x03, 0x03, 0x70, 0x00, 0x03, 0x03, 0x70, 0x00, 0x03, 0x03, 0x70, 0x00, 0x03,
  0x03, 0x70, 0x00, 0x03, 0x03, 0x70, 0x00, 0x03, 0x03, 0x70, 0x00, 0x03, 0x03, 0x70, 0x00, 0x03,
  0x03, 0x70, 0x00, 0x03, 0x03, 0x80, 0x03, 0x03, 0x03, 0x80, 0x03, 0x03, 0x03, 0x80, 0x03, 0x03,
  0x03, 0x80, 0x03, 0x03, 0x03, 0x80, 0x03, 0x03, 0x03, 0x80, 0x03, 0x03, 0x03, 0x80, 0x03, 0x03,
  0x03, 0x80, 0x03, 0x03, 0x03, 0x80, 0x03, 0x03, 0x03, 0x80, 0x03, 0x03, 0x18, 0xFE, 0x1F, 0x03,
  0x18, 0xFE, 0x1F, 0x03, 0x18, 0xFE, 0x1F, 0x03, 0x18, 0xFE, 0x1F, 0x03, 0x18, 0xFE, 0x1F, 0x03,
  0x18, 0xFE, 0x1F, 0x03, 0x18, 0xFE, 0x1F, 0x03, 0x18, 0xFE, 0x1F, 0x03, 0x18, 0xFE, 0x1F, 0x03,
  0x18, 0xFE, 0x1F, 0x03, 0xC0, 0x70, 0x60, 0x00, 0xC0, 0x70, 0x60, 0x00, 0xC0, 0x70, 0x60, 0x00,
  0xC0, 0x70, 0x60, 0x00, 0xC0, 0x70, 0x60, 0x00, 0xC0, 0x70, 0x60, 0x00, 0xC0, 0x70, 0x60, 0x00,
  0xC0, 0x70, 0x60, 0x00, 0xC0, 0x70, 0x60, 0x00, 0xC0, 0x70, 0x60, 0x00, 0x00, 0x86, 0x63, 0x00,
  0x00, 0x86, 0x63, 0x00, 0x00, 0x86, 0x63, 0x00, 0x00, 0x86, 0x63, 0x00, 0x00, 0x86, 0x63, 0x00,
  0x00, 0x86, 0x63, 0x00, 0x00, 0x86, 0x63, 0x00, 0x00, 0x86, 0x63, 0x00, 0x00, 0x86, 0x63, 0x00,
  0x00, 0x86, 0x63, 0x00, 0x00, 0xB0, 0x0D, 0x00, 0x00, 0xB0, 0x0C, 0x00, 0x00, 0xB0, 0x0D, 0x00,
  0x00, 0xB0, 0x0D, 0x00, 0x00, 0xB0, 0x0D, 0x00, 0x00, 0xB0, 0x0D, 0x00, 0x00, 0xB0, 0x0C, 0x00,
  0x00, 0xB0, 0x0D, 0x00, 0x00, 0xB0, 0x0D, 0x00, 0x00, 0xB0, 0x0D, 0x00, 0x00, 0x00, 0x00, 0x00,
  0x00, 0x80, 0x03, 0x00, 0x00, 0x00, 0x01, 0x00, 0x00, 0x00, 0x00, 0x00, 0x00, 0x00, 0x00, 0x00,
  0x00, 0x00, 0x00, 0x00, 0x00, 0x80, 0x03, 0x00, 0x00, 0x00, 0x01, 0x00, 0x00, 0x00, 0x00, 0x00,
  0x00, 0x00, 0x00, 0x00, 0x00, 0x00, 0x00, 0x00, 0x00, 0x00, 0x00, 0x00, 0x00, 0x80, 0x03, 0x00,
  0x00, 0x00, 0x01, 0x00, 0x00, 0x00, 0x00, 0x00, 0x00, 0x00, 0x00, 0x00, 0x00, 0x00, 0x00, 0x00,
  0x00, 0x80, 0x03, 0x00, 0x00, 0x00, 0x01, 0x00, 0x00, 0x00, 0x00, 0x00,
};

// power_bank_initialize: start_row=4 rows=7 frames=12 396 bytes
const uint8_t SX3IMG_power_bank_initialize[] PROGMEM = {
  0x04, 0x00, 0x00, 0x00, 0x07, 0x00, 0x00, 0x00, 0x0C, 0x00, 0x00, 0x00, 0x64, 0x00, 0x00, 0x00,
  0x64, 0x00, 0x00, 0x00, 0x64, 0x00, 0x00, 0x00, 0x64, 0x00, 0x00, 0x00, 0x64, 0x00, 0x00, 0x00,
  0x64, 0x00, 0x00, 0x00, 0x64, 0x00, 0x00, 0x00, 0x64, 0x00, 0x00, 0x00, 0x64, 0x00, 0x00, 0x00,
  0x64, 0x00, 0x00, 0x00, 0x64, 0x00, 0x00, 0x00, 0x64, 0x00, 0x00, 0x00, 0x00, 0x00, 0x00, 0x00,
  0x48, 0x92, 0x24, 0x00, 0x90, 0x24, 0x49, 0x00, 0xD8, 0xB6, 0x6D, 0x00, 0xD8, 0xB6, 0x6D, 0x00,
  0xD8, 0xB6, 0x6D, 0x00, 0xD8, 0xB6, 0x6D, 0x00, 0xD8, 0xB6, 0x6D, 0x00, 0xD8, 0xB6, 0x6D, 0x00,
  0xD8, 0xB6, 0x6D, 0x00, 0xD8, 0xB6, 0x6D, 0x00, 0xD8, 0xB6, 0x6D, 0x00, 0x00, 0x00, 0x00, 0x00,
  0x01, 0x00, 0x00, 0x01, 0x02, 0x10, 0x00, 0x02, 0x03, 0x70, 0x00, 0x03, 0x03, 0x70, 0x00, 0x03,
  0x03, 0x70, 0x00, 0x03, 0x03, 0x70, 0x00, 0x03, 0x03, 0x70, 0x00, 0x03, 0x03, 0x70, 0x00, 0x03,
  0x03, 0x70, 0x00, 0x03, 0x03, 0x70, 0x00, 0x03, 0x03, 0x70, 0x00, 0x03, 0x00, 0x00, 0x00, 0x00,
  0x01, 0x00, 0x00, 0x01, 0x02, 0x80, 0x00, 0x02, 0x03, 0x80, 0x00, 0x03, 0x03, 0x80, 0x03, 0x03,
  0x03, 0x80, 0x03, 0x03, 0x03, 0x80, 0x03, 0x03, 0x03, 0x80, 0x03, 0x03, 0x03, 0x80, 0x03, 0x03,
  0x03, 0x80, 0x03, 0x03, 0x03, 0x80, 0x03, 0x03, 0x03, 0x80, 0x03, 0x03, 0x00, 0x00, 0x00, 0x00,
  0x08, 0x00, 0x00, 0x01, 0x10, 0x92, 0x04, 0x02, 0x18, 0x92, 0x04, 0x03, 0x18, 0x92, 0x04, 0x03,
  0x18, 0x92, 0x1C, 0x03, 0x18, 0x92, 0x1F, 0x03, 0x18, 0xF2, 0x1F, 0x03, 0x18, 0xFE, 0x1F, 0x03,
  0x18, 0xFE, 0x1F, 0x03, 0x18, 0xFE, 0x1F, 0x03, 0x18, 0xFE, 0x1F, 0x03, 0x00, 0x00, 0x00, 0x00,
  0x40, 0x00, 0x20, 0x00, 0x80, 0x10, 0x40, 0x00, 0xC0, 0x10, 0x60, 0x00, 0xC0, 0x10, 0x60, 0x00,
  0xC0, 0x10, 0x60, 0x00, 0xC0, 0x10, 0x60, 0x00, 0xC0, 0x10, 0x60, 0x00, 0xC0, 0x10, 0x60, 0x00,
  0xC0, 0x70, 0x60, 0x00, 0xC0, 0x70, 0x60, 0x00, 0xC0, 0x70, 0x60, 0x00, 0x00, 0x00, 0x00, 0x00,
  0x00, 0x02, 0x20, 0x00, 0x00, 0x84, 0x40, 0x00, 0x00, 0x86, 0x60, 0x00, 0x00, 0x86, 0x60, 0x00,
  0x00, 0x86, 0x60, 0x00, 0x00, 0x86, 0x60, 0x00, 0x00, 0x86, 0x60, 0x00, 0x00, 0x86, 0x60, 0x00,
  0x00, 0x86, 0x60, 0x00, 0x00, 0x86, 0x63, 0x00, 0x00, 0x86, 0x63, 0x00, 0x00, 0x00, 0x00, 0x00,
  0x00, 0x90, 0x04, 0x00, 0x00, 0x20, 0x09, 0x00, 0x00, 0xB0, 0x0D, 0x00, 0x00, 0xB0, 0x0D, 0x00,
  0x00, 0xB0, 0x0D, 0x00, 0x00, 0xB0, 0x0D, 0x00, 0x00, 0xB0, 0x0D, 0x00, 0x00, 0xB0, 0x0D, 0x00,
  0x00, 0xB0, 0x0D, 0x00, 0x00, 0xB0, 0x0D, 0x00, 0x00, 0xB0, 0x0D, 0x00,
};

// find_my_pairing: start_row=1 rows=20 frames=38 3204 bytes
const uint8_t SX3IMG_find_my_pairing[] PROGMEM = {
  0x01, 0x00, 0x00, 0x00, 0x14, 0x00, 0x00, 0x00, 0x26, 0x00, 0x00, 0x00, 0x96, 0x00, 0x00, 0x00,
  0x96, 0x00, 0x00, 0x00, 0x96, 0x00, 0x00, 0x00, 0x96, 0x00, 0x00, 0x00, 0x96, 0x00, 0x00, 0x00,
  0x96, 0x00, 0x00, 0x00, 0x96, 0x00, 0x00, 0x00, 0x96, 0x00, 0x00, 0x00, 0x96, 0x00, 0x00, 0x00,
  0x96, 0x00, 0x00, 0x00, 0x96, 0x00, 0x00, 0x00, 0x96, 0x00, 0x00, 0x00, 0x96, 0x00, 0x00, 0x00,
  0x96, 0x00, 0x00, 0x00, 0x96, 0x00, 0x00, 0x00, 0x96, 0x00, 0x00, 0x00, 0x96, 0x00, 0x00, 0x00,
  0x96, 0x00, 0x00, 0x00, 0x96, 0x00, 0x00, 0x00, 0x96, 0x00, 0x00, 0x00, 0x96, 0x00, 0x00, 0x00,
  0x96, 0x00, 0x00, 0x00, 0x96, 0x00, 0x00, 0x00, 0x96, 0x00, 0x00, 0x00, 0x96, 0x00, 0x00, 0x00,
  0x96, 0x00, 0x00, 0x00, 0x96, 0x00, 0x00, 0x00, 0x96, 0x00, 0x00, 0x00, 0x96, 0x00, 0x00, 0x00,
  0x96, 0x00, 0x00, 0x00, 0x96, 0x00, 0x00, 0x00, 0x96, 0x00, 0x00, 0x00, 0x96, 0x00, 0x00, 0x00,
  0x96, 0x00, 0x00, 0x00, 0x96, 0x00, 0x00, 0x00, 0x96, 0x00, 0x00, 0x00, 0x96, 0x00, 0x00, 0x00,
  0x2C, 0x01, 0x00, 0x00, 0x00, 0x00, 0x00, 0x00, 0x00, 0x00, 0x00, 0x00, 0x00, 0x00, 0x00, 0x00,
  0x00, 0x00, 0x00, 0x00, 0x00, 0x00, 0x00, 0x00, 0x00, 0x00, 0x00, 0x00, 0x00, 0x00, 0x00, 0x00,
  0x00, 0x80, 0x03, 0x00, 0x00, 0xF0, 0x02, 0x00, 0x00, 0xDE, 0x02, 0x00, 0x00, 0xBA, 0x01, 0x00,
  0x00, 0xB6, 0x00, 0x00, 0x00, 0x12, 0x00, 0x00, 0x00, 0x00, 0x00, 0x00, 0x00, 0x00, 0x00, 0x00,
  0x00, 0x00, 0x00, 0x00, 0x00, 0x00, 0x00, 0x00, 0x00, 0x00, 0x00, 0x00, 0x00, 0x00, 0x00, 0x00,
  0x00, 0x00, 0x00, 0x00, 0x00, 0x00, 0x00, 0x00, 0x00, 0x00, 0x00, 0x00, 0x00, 0x00, 0x00, 0x00,
  0x00, 0x00, 0x00, 0x00, 0x00, 0x00, 0x00, 0x00, 0x00, 0x00, 0x00, 0x00, 0x00, 0x00, 0x00, 0x00,
  0x00, 0x00, 0x00, 0x00, 0x00, 0x00, 0x00, 0x00, 0x00, 0x00, 0x00, 0x00, 0x00, 0x00, 0x00, 0x00,
  0x00, 0x00, 0x00, 0x00, 0x00, 0x00, 0x00, 0x00, 0x00, 0x00, 0x00, 0x00, 0x00, 0x00, 0x00, 0x00,
  0x00, 0x00, 0x00, 0x00, 0x00, 0x00, 0x00, 0x00, 0x00, 0x00, 0x00, 0x00, 0x00, 0x00, 0x00, 0x00,
  0x00, 0x00, 0x00, 0x00, 0x00, 0x00, 0x00, 0x00, 0x00, 0x00, 0x00, 0x00, 0x00, 0x00, 0x00, 0x00,
  0x00, 0x00, 0xC0, 0x00, 0x00, 0x00, 0xBC, 0x00, 0x00, 0x80, 0xB7, 0x00, 0x00, 0xF0, 0x76, 0x00,
  0x00, 0xDE, 0x6E, 0x00, 0xC0, 0xBB, 0x25, 0x00, 0x78, 0xB7, 0x04, 0x00, 0xD8, 0x12, 0x00, 0x00,
  0x58, 0x02, 0x00, 0x00, 0x08, 0x00, 0x00, 0x00, 0x00, 0x00, 0x00, 0x00, 0x00, 0x00, 0x00, 0x00,
  0x00, 0x00, 0x00, 0x00, 0x00, 0x00, 0x00, 0x00, 0x00, 0x00, 0x00, 0x00, 0x00, 0x00, 0x00, 0x00,
  0x00, 0x00, 0x00, 0x00, 0x00, 0x00, 0x00, 0x00, 0x00, 0x00, 0x00, 0x00, 0x00, 0x00, 0x00, 0x00,
  0x00, 0x00, 0x00, 0x00, 0x00, 0x00, 0x00, 0x00, 0x00, 0x00, 0x00, 0x00, 0x00, 0x00, 0x00, 0x00,
  0x00, 0x00, 0x00, 0x00, 0x00, 0x00, 0x00, 0x00, 0x00, 0x00, 0x00, 0x00, 0x00, 0x00, 0x00, 0x00,
  0x00, 0x00, 0x00, 0x00, 0x00, 0x00, 0x00, 0x00, 0x00, 0x00, 0x00, 0x00, 0x00, 0x00, 0x00, 0x00,
  0x00, 0x00, 0x00, 0x00, 0x00, 0x00, 0x00, 0x00, 0x00, 0x00, 0x00, 0x00, 0x00, 0x00, 0x00, 0x00,
  0x00, 0x00, 0x00, 0x00, 0x00, 0x00, 0x00, 0x00, 0x00, 0x00, 0xC0, 0x00, 0x00, 0x00, 0xBC, 0x00,
  0x00, 0x80, 0x77, 0x00, 0x00, 0xF0, 0x76, 0x00, 0x00, 0xDE, 0x6E, 0x00, 0xC0, 0xBB, 0x25, 0x00,
  0x78, 0xB7, 0x04, 0x00, 0xD8, 0x16, 0x00, 0x00, 0x58, 0x02, 0x00, 0x00, 0x08, 0x00, 0x00, 0x00,
  0x00, 0x00, 0x00, 0x00, 0x00, 0x00, 0x00, 0x00, 0x00, 0x00, 0x00, 0x00, 0x00, 0x00, 0x00, 0x00,
  0x00, 0x00, 0x00, 0x00, 0x00, 0x00, 0x00, 0x00, 0x00, 0x00, 0x00, 0x00, 0x00, 0x00, 0x00, 0x00,
  0x00, 0x00, 0x00, 0x00, 0x00, 0x00, 0x00, 0x00, 0x00, 0x00, 0x00, 0x00, 0x00, 0x00, 0x00, 0x00,
  0x00, 0x00, 0x00, 0x00, 0x00, 0x00, 0x00, 0x00, 0x00, 0x00, 0x00, 0x00, 0x00, 0x00, 0x00, 0x00,
  0x00, 0x00, 0x00, 0x00, 0x00, 0x00, 0x00, 0x00, 0x00, 0x00, 0x00, 0x00, 0x00, 0x00, 0x00, 0x00,
  0x00, 0x00, 0x00, 0x00, 0x00, 0x00, 0x00, 0x00, 0x00, 0x00, 0x00, 0x00, 0x00, 0x00, 0x00, 0x00,
  0x00, 0x00, 0x00, 0x00, 0x00, 0x00, 0x00, 0x00, 0x00, 0x00, 0x00, 0x00, 0x00, 0x00, 0x00, 0x05,
  0x00, 0x00, 0xC0, 0x05, 0x00, 0x00, 0xBC, 0x04, 0x00, 0x80, 0x77, 0x03, 0x00, 0xF0, 0x6E, 0x01,
  0x00, 0xDE, 0x2D, 0x01, 0xC0, 0xBB, 0x25, 0x00, 0x78, 0xB7, 0x04, 0x00, 0xEF, 0x16, 0x00, 0x00,
  0xDB, 0x02, 0x00, 0x00, 0x49, 0x00, 0x00, 0x00, 0x00, 0x00, 0x00, 0x00, 0x00, 0x00, 0x00, 0x00,
  0x00, 0x00, 0x00, 0x00, 0x00, 0x00, 0x00, 0x00, 0x00, 0x00, 0x00, 0x00, 0x00, 0x00, 0x00, 0x00,
  0x00, 0x00, 0x00, 0x00, 0x00, 0x00, 0x00, 0x00, 0x00, 0x00, 0x00, 0x00, 0x00, 0x00, 0x00, 0x00,
  0x00, 0x00, 0x00, 0x00, 0x00, 0x00, 0x00, 0x00, 0x00, 0x00, 0x00, 0x00, 0x00, 0x00, 0x00, 0x00,
  0x00, 0x00, 0x00, 0x00, 0x00, 0x00, 0x00, 0x00, 0x00, 0x00, 0x00, 0x00, 0x00, 0x00, 0x00, 0x00,
  0x00, 0x00, 0x00, 0x00, 0x00, 0x00, 0x00, 0x00, 0x00, 0x00, 0x00, 0x00, 0x00, 0x00, 0x00, 0x00,
  0x00, 0x00, 0x00, 0x00, 0x00, 0x00, 0x00, 0x00, 0x00, 0x00, 0x00, 0x00, 0x00, 0x00, 0x00, 0x00,
  0x00, 0x00, 0x00, 0x00, 0x00, 0x00, 0x00, 0x05, 0x00, 0x00, 0xB8, 0x05, 0x00, 0x80, 0x97, 0x04,
  0x00, 0x80, 0x77, 0x03, 0x00, 0xF0, 0x6E, 0x01, 0x00, 0xDE, 0x2D, 0x00, 0x00, 0xDE, 0x05, 0x00,
  0xC0, 0xBB, 0x00, 0x00, 0xEF, 0x16, 0x00, 0x00, 0xDD, 0x12, 0x00, 0x00, 0x4B, 0x00, 0x00, 0x00,
  0x01, 0x00, 0x00, 0x00, 0x01, 0x00, 0x00, 0x00, 0x00, 0x00, 0x00, 0x00, 0x00, 0x00, 0x00, 0x00,
  0x00, 0x00, 0x00, 0x00, 0x00, 0x00, 0x00, 0x00, 0x00, 0x00, 0x00, 0x00, 0x00, 0x00, 0x00, 0x00,
  0x00, 0x00, 0x00, 0x00, 0x00, 0x00, 0x00, 0x00, 0x00, 0x00, 0x00, 0x00, 0x00, 0x00, 0x00, 0x00,
  0x00, 0x00, 0x00, 0x00, 0x00, 0x00, 0x00, 0x00, 0x00, 0x00, 0x00, 0x00, 0x00, 0x00, 0x00, 0x00,
  0x00, 0x00, 0x00, 0x00, 0x00, 0x00, 0x00, 0x00, 0x00, 0x00, 0x00, 0x00, 0x00, 0x00, 0x00, 0x00,
  0x00, 0x00, 0x00, 0x00, 0x00, 0x00, 0x00, 0x00, 0x00, 0x00, 0x00, 0x00, 0x00, 0x00, 0x00, 0x00,
  0x00, 0x00, 0x00, 0x00, 0x00, 0x00, 0x00, 0x00, 0x00, 0x00, 0x00, 0x00, 0x00, 0x00, 0xA0, 0x04,
  0x00, 0x00, 0xB8, 0x04, 0x00, 0x80, 0x97, 0x03, 0x00, 0x80, 0x77, 0x01, 0x00, 0xF0, 0x2E, 0x01,
  0x00, 0xDE, 0x25, 0x00, 0x00, 0xDE, 0x05, 0x00, 0xC0, 0xBB, 0x00, 0x00, 0x78, 0x17, 0x00, 0x00,
  0xED, 0x12, 0x00, 0x00, 0x5B, 0x02, 0x00, 0x00, 0x09, 0x00, 0x00, 0x00, 0x09, 0x00, 0x00, 0x00,
  0x01, 0x00, 0x00, 0x00, 0x00, 0x00, 0x00, 0x00, 0x00, 0x00, 0x00, 0x00, 0x00, 0x00, 0x00, 0x00,
  0x00, 0x00, 0x00, 0x00, 0x00, 0x00, 0x00, 0x00, 0x00, 0x00, 0x00, 0x00, 0x00, 0x00, 0x00, 0x00,
  0x00, 0x00, 0x00, 0x00, 0x00, 0x00, 0x00, 0x00, 0x00, 0x00, 0x00, 0x00, 0x00, 0x00, 0x00, 0x00,
  0x00, 0x00, 0x00, 0x00, 0x00, 0x00, 0x00, 0x00, 0x00, 0x00, 0x00, 0x00, 0x00, 0x00, 0x00, 0x00,
  0x00, 0x00, 0x00, 0x00, 0x00, 0x00, 0x00, 0x00, 0x00, 0x00, 0x00, 0x00, 0x00, 0x00, 0x00, 0x00,
  0x00, 0x00, 0x00, 0x00, 0x00, 0x00, 0x00, 0x00, 0x00, 0x00, 0x00, 0x00, 0x00, 0x00, 0x00, 0x00,
  0x00, 0x00, 0x00, 0x04, 0x00, 0x00, 0xA0, 0x04, 0x00, 0x00, 0xB8, 0x04, 0x00, 0x80, 0x97, 0x03,
  0x00, 0xF0, 0x6E, 0x01, 0x00, 0xF0, 0x2D, 0x00, 0x00, 0xF0, 0x05, 0x00, 0x00, 0xDE, 0x00, 0x00,
  0xC0, 0xBB, 0x00, 0x00, 0x78, 0x3B, 0x00, 0x00, 0x6F, 0x17, 0x00, 0x00, 0xDD, 0x02, 0x00, 0x00,
  0x49, 0x00, 0x00, 0x00, 0x4B, 0x00, 0x00, 0x00, 0x09, 0x00, 0x00, 0x00, 0x01, 0x00, 0x00, 0x00,
  0x00, 0x00, 0x00, 0x00, 0x00, 0x00, 0x00, 0x00, 0x00, 0x00, 0x00, 0x00, 0x00, 0x00, 0x00, 0x00,
  0x00, 0x00, 0x00, 0x00, 0x00, 0x00, 0x00, 0x00, 0x00, 0x00, 0x00, 0x00, 0x00, 0x00, 0x00, 0x00,
  0x00, 0x00, 0x00, 0x00, 0x00, 0x00, 0x00, 0x00, 0x00, 0x00, 0x00, 0x00, 0x00, 0x00, 0x00, 0x00,
  0x00, 0x00, 0x00, 0x00, 0x00, 0x00, 0x00, 0x00, 0x00, 0x00, 0x00, 0x00, 0x00, 0x00, 0x00, 0x00,
  0x00, 0x00, 0x00, 0x00, 0x00, 0x00, 0x00, 0x00, 0x00, 0x00, 0x00, 0x00, 0x00, 0x00, 0x00, 0x00,
  0x00, 0x00, 0x00, 0x00, 0x00, 0x00, 0x00, 0x03, 0x00, 0x00, 0x80, 0x03, 0x00, 0x00, 0x94, 0x03,
  0x00, 0x00, 0x97, 0x03, 0x00, 0x80, 0x77, 0x03, 0x00, 0xF0, 0x2E, 0x01, 0x00, 0xF0, 0x05, 0x00,
  0x00, 0xF0, 0x05, 0x00, 0x00, 0xDE, 0x00, 0x00, 0x00, 0x5E, 0x00, 0x00, 0xC0, 0x3B, 0x00, 0x00,
  0x78, 0x1B, 0x00, 0x00, 0xEF, 0x16, 0x00, 0x00, 0x5B, 0x00, 0x00, 0x00, 0x5B, 0x00, 0x00, 0x00,
  0x4B, 0x00, 0x00, 0x00, 0x09, 0x00, 0x00, 0x00, 0x01, 0x00, 0x00, 0x00, 0x00, 0x00, 0x00, 0x00,
  0x00, 0x00, 0x00, 0x00, 0x00, 0x00, 0x00, 0x00, 0x00, 0x00, 0x00, 0x00, 0x00, 0x00, 0x00, 0x00,
  0x00, 0x00, 0x00, 0x00, 0x00, 0x00, 0x00, 0x00, 0x00, 0x00, 0x00, 0x00, 0x00, 0x00, 0x00, 0x00,
  0x00, 0x00, 0x00, 0x00, 0x00, 0x00, 0x00, 0x00, 0x00, 0x00, 0x00, 0x00, 0x00, 0x00, 0x00, 0x00,
  0x00, 0x00, 0x00, 0x00, 0x00, 0x00, 0x00, 0x00, 0x00, 0x00, 0x00, 0x00, 0x00, 0x00, 0x00, 0x00,
  0x00, 0x00, 0x00, 0x00, 0x00, 0x00, 0x00, 0x00, 0x00, 0x00, 0x00, 0x00, 0x00, 0x00, 0x60, 0x02,
  0x00, 0x00, 0x70, 0x02, 0x00, 0x80, 0x72, 0x03, 0x00, 0x00, 0x73, 0x03, 0x00, 0xF0, 0x32, 0x01,
  0x00, 0xF0, 0x25, 0x00, 0x00, 0xF0, 0x05, 0x00, 0x00, 0xF0, 0x00, 0x00, 0x00, 0xF0, 0x00, 0x00,
  0x00, 0x5E, 0x00, 0x00, 0x00, 0x5E, 0x00, 0x00, 0xC0, 0x3B, 0x00, 0x00, 0x78, 0x37, 0x00, 0x00,
  0xED, 0x02, 0x00, 0x00, 0xED, 0x02, 0x00, 0x00, 0x5B, 0x02, 0x00, 0x00, 0x4B, 0x00, 0x00, 0x00,
  0x09, 0x00, 0x00, 0x00, 0x01, 0x00, 0x00, 0x00, 0x00, 0x00, 0x00, 0x00, 0x00, 0x00, 0x00, 0x00,
  0x00, 0x00, 0x00, 0x00, 0x00, 0x00, 0x00, 0x00, 0x00, 0x00, 0x00, 0x00, 0x00, 0x00, 0x00, 0x00,
  0x00, 0x00, 0x00, 0x00, 0x00, 0x00, 0x00, 0x00, 0x00, 0x00, 0x00, 0x00, 0x00, 0x00, 0x00, 0x00,
  0x00, 0x00, 0x00, 0x00, 0x00, 0x00, 0x00, 0x00, 0x00, 0x00, 0x00, 0x00, 0x00, 0x00, 0x00, 0x00,
  0x00, 0x00, 0x00, 0x00, 0x00, 0x00, 0x00, 0x00, 0x00, 0x00, 0x00, 0x00, 0x00, 0x00, 0x00, 0x00,
  0x00, 0x00, 0x48, 0x02, 0x00, 0x80, 0x49, 0x01, 0x00, 0x00, 0x4E, 0x01, 0x00, 0x80, 0x4E, 0x02,
  0x00, 0xE0, 0x4E, 0x02, 0x00, 0xF0, 0x26, 0x00, 0x00, 0xF0, 0x05, 0x00, 0x00, 0x70, 0x01, 0x00,
  0x00, 0x70, 0x00, 0x00, 0x00, 0x70, 0x00, 0x00, 0x00, 0x70, 0x00, 0x00, 0x00, 0x5E, 0x00, 0x00,
  0x00, 0x5E, 0x00, 0x00, 0xC0, 0x5F, 0x00, 0x00, 0xFF, 0x1B, 0x00, 0x00, 0x6D, 0x17, 0x00, 0x00,
  0x6D, 0x07, 0x00, 0x00, 0x5B, 0x02, 0x00, 0x00, 0x49, 0x02, 0x00, 0x00, 0x49, 0x00, 0x00, 0x00,
  0x00, 0x00, 0x00, 0x00, 0x00, 0x00, 0x00, 0x00, 0x00, 0x00, 0x00, 0x00, 0x00, 0x00, 0x00, 0x00,
  0x00, 0x00, 0x00, 0x00, 0x00, 0x00, 0x00, 0x00, 0x00, 0x00, 0x00, 0x00, 0x00, 0x00, 0x00, 0x00,
  0x00, 0x00, 0x00, 0x00, 0x00, 0x00, 0x00, 0x00, 0x00, 0x00, 0x00, 0x00, 0x00, 0x00, 0x00, 0x00,
  0x00, 0x00, 0x00, 0x00, 0x00, 0x00, 0x00, 0x00, 0x00, 0x00, 0x00, 0x00, 0x00, 0x00, 0x00, 0x00,
  0x00, 0x00, 0x00, 0x00, 0x00, 0x90, 0x24, 0x01, 0x00, 0x20, 0x25, 0x01, 0x00, 0x30, 0x25, 0x01,
  0x00, 0x40, 0x25, 0x01, 0x00, 0x50, 0x25, 0x01, 0x00, 0x60, 0x25, 0x01, 0x00, 0xF0, 0x00, 0x00,
  0x00, 0xF0, 0x00, 0x00, 0x00, 0x70, 0x00, 0x00, 0x00, 0x70, 0x00, 0x00, 0x00, 0x70, 0x00, 0x00,
  0x00, 0x70, 0x00, 0x00, 0x00, 0x70, 0x00, 0x00, 0x00, 0x70, 0x00, 0x00, 0x00, 0x70, 0x00, 0x00,
  0x00, 0x7E, 0x00, 0x00, 0xFF, 0x7F, 0x00, 0x00, 0x6D, 0x7F, 0x00, 0x00, 0xDB, 0x7A, 0x00, 0x00,
  0xDB, 0x7A, 0x00, 0x00, 0xDB, 0x76, 0x00, 0x00, 0x49, 0x76, 0x00, 0x00, 0x00, 0x72, 0x00, 0x00,
  0x00, 0x76, 0x00, 0x00, 0x00, 0x70, 0x00, 0x00, 0x00, 0x70, 0x00, 0x00, 0x00, 0x70, 0x00, 0x00,
  0x00, 0x70, 0x00, 0x00, 0x00, 0x70, 0x00, 0x00, 0x00, 0x70, 0x00, 0x00, 0x00, 0x70, 0x00, 0x00,
  0x00, 0xF0, 0x03, 0x00, 0x00, 0xF0, 0xFF, 0x07, 0x00, 0xF0, 0xFF, 0x07, 0x00, 0xB0, 0xB6, 0x05,
  0x00, 0x20, 0x6D, 0x03, 0x00, 0x90, 0x24, 0x01, 0x00, 0x00, 0x00, 0x00, 0x00, 0x00, 0x00, 0x00,
  0x00, 0x00, 0x00, 0x00, 0x00, 0x00, 0x00, 0x00, 0x00, 0x00, 0x00, 0x00, 0x00, 0x00, 0x00, 0x00,
  0x00, 0x00, 0x00, 0x00, 0x00, 0x00, 0x00, 0x00, 0x00, 0x00, 0x00, 0x00, 0x00, 0x00, 0x00, 0x00,
  0x00, 0x00, 0x00, 0x00, 0x00, 0x00, 0x00, 0x00, 0x00, 0x00, 0x00, 0x00, 0x00, 0x00, 0x00, 0x00,
  0x00, 0x00, 0x00, 0x00, 0x00, 0x00, 0x00, 0x00, 0x00, 0x00, 0x00, 0x00, 0x00, 0x00, 0x00, 0x00,
  0xFF, 0x01, 0x00, 0x00, 0xED, 0x0F, 0x00, 0x00, 0x5B, 0x0F, 0x00, 0x00, 0x5B, 0x0F, 0x00, 0x00,
  0xC9, 0x7A, 0x00, 0x00, 0x40, 0x7A, 0x00, 0x00, 0x00, 0x7A, 0x00, 0x00, 0x00, 0x74, 0x00, 0x00,
  0x00, 0x70, 0x00, 0x00, 0x00, 0x70, 0x00, 0x00, 0x00, 0x70, 0x00, 0x00, 0x00, 0xD0, 0x03, 0x00,
  0x00, 0xB0, 0x03, 0x00, 0x00, 0xB0, 0x1F, 0x00, 0x00, 0x90, 0xFE, 0x07, 0x00, 0x90, 0xB5, 0x05,
  0x00, 0x10, 0x6D, 0x03, 0x00, 0x80, 0x44, 0x02, 0x00, 0x00, 0x24, 0x01, 0x00, 0x00, 0x00, 0x00,
  0x00, 0x00, 0x00, 0x00, 0x00, 0x00, 0x00, 0x00, 0x00, 0x00, 0x00, 0x00, 0x00, 0x00, 0x00, 0x00,
  0x00, 0x00, 0x00, 0x00, 0x00, 0x00, 0x00, 0x00, 0x00, 0x00, 0x00, 0x00, 0x00, 0x00, 0x00, 0x00,
  0x00, 0x00, 0x00, 0x00, 0x00, 0x00, 0x00, 0x00, 0x00, 0x00, 0x00, 0x00, 0x00, 0x00, 0x00, 0x00,
  0x00, 0x00, 0x00, 0x00, 0x00, 0x00, 0x00, 0x00, 0x00, 0x00, 0x00, 0x00, 0x00, 0x00, 0x00, 0x00,
  0x00, 0x00, 0x00, 0x00, 0x00, 0x00, 0x00, 0x00, 0x00, 0x00, 0x00, 0x00, 0x3D, 0x00, 0x00, 0x00,
  0xED, 0x01, 0x00, 0x00, 0x5B, 0x0F, 0x00, 0x00, 0x59, 0x0F, 0x00, 0x00, 0xC8, 0x7A, 0x00, 0x00,
  0xC0, 0x7A, 0x00, 0x00, 0x40, 0x76, 0x00, 0x00, 0x00, 0x72, 0x00, 0x00, 0x00, 0x72, 0x00, 0x00,
  0x00, 0xD0, 0x03, 0x00, 0x00, 0xD0, 0x03, 0x00, 0x00, 0x90, 0x1E, 0x00, 0x00, 0x90, 0xF5, 0x00,
  0x00, 0x80, 0xAD, 0x05, 0x00, 0x80, 0xAC, 0x05, 0x00, 0x00, 0x44, 0x02, 0x00, 0x00, 0x00, 0x01,
  0x00, 0x00, 0x00, 0x00, 0x00, 0x00, 0x00, 0x00, 0x00, 0x00, 0x00, 0x00, 0x00, 0x00, 0x00, 0x00,
  0x00, 0x00, 0x00, 0x00, 0x00, 0x00, 0x00, 0x00, 0x00, 0x00, 0x00, 0x00, 0x00, 0x00, 0x00, 0x00,
  0x00, 0x00, 0x00, 0x00, 0x00, 0x00, 0x00, 0x00, 0x00, 0x00, 0x00, 0x00, 0x00, 0x00, 0x00, 0x00,
  0x00, 0x00, 0x00, 0x00, 0x00, 0x00, 0x00, 0x00, 0x00, 0x00, 0x00, 0x00, 0x00, 0x00, 0x00, 0x00,
  0x00, 0x00, 0x00, 0x00, 0x00, 0x00, 0x00, 0x00, 0x00, 0x00, 0x00, 0x00, 0x00, 0x00, 0x00, 0x00,
  0x00, 0x00, 0x00, 0x00, 0x07, 0x00, 0x00, 0x00, 0x3D, 0x00, 0x00, 0x00, 0xEB, 0x01, 0x00, 0x00,
  0x6B, 0x0F, 0x00, 0x00, 0x59, 0x0F, 0x00, 0x00, 0xC0, 0x7A, 0x00, 0x00, 0x40, 0x76, 0x00, 0x00,
  0x40, 0x76, 0x00, 0x00, 0x00, 0xD2, 0x03, 0x00, 0x00, 0xB0, 0x03, 0x00, 0x00, 0xB0, 0x1E, 0x00,
  0x00, 0x90, 0xF5, 0x00, 0x00, 0x80, 0xAD, 0x07, 0x00, 0x80, 0x6C, 0x05, 0x00, 0x00, 0x64, 0x05,
  0x00, 0x00, 0x00, 0x01, 0x00, 0x00, 0x00, 0x00, 0x00, 0x00, 0x00, 0x00, 0x00, 0x00, 0x00, 0x00,
  0x00, 0x00, 0x00, 0x00, 0x00, 0x00, 0x00, 0x00, 0x00, 0x00, 0x00, 0x00, 0x00, 0x00, 0x00, 0x00,
  0x00, 0x00, 0x00, 0x00, 0x00, 0x00, 0x00, 0x00, 0x00, 0x00, 0x00, 0x00, 0x00, 0x00, 0x00, 0x00,
  0x00, 0x00, 0x00, 0x00, 0x00, 0x00, 0x00, 0x00, 0x00, 0x00, 0x00, 0x00, 0x00, 0x00, 0x00, 0x00,
  0x00, 0x00, 0x00, 0x00, 0x00, 0x00, 0x00, 0x00, 0x00, 0x00, 0x00, 0x00, 0x00, 0x00, 0x00, 0x00,
  0x00, 0x00, 0x00, 0x00, 0x00, 0x00, 0x00, 0x00, 0x00, 0x00, 0x00, 0x00, 0x00, 0x00, 0x00, 0x00,
  0x07, 0x00, 0x00, 0x00, 0x3D, 0x00, 0x00, 0x00, 0xEB, 0x01, 0x00, 0x00, 0x59, 0x0F, 0x00, 0x00,
  0xC0, 0x7A, 0x00, 0x00, 0xC8, 0x76, 0x00, 0x00, 0x40, 0x76, 0x00, 0x00, 0x00, 0xD2, 0x03, 0x00,
  0x00, 0xB2, 0x1E, 0x00, 0x00, 0x90, 0xF6, 0x00, 0x00, 0x80, 0xAC, 0x07, 0x00, 0x80, 0x6C, 0x05,
  0x00, 0x00, 0x64, 0x03, 0x00, 0x00, 0x20, 0x03, 0x00, 0x00, 0x00, 0x00, 0x00, 0x00, 0x00, 0x00,
  0x00, 0x00, 0x00, 0x00, 0x00, 0x00, 0x00, 0x00, 0x00, 0x00, 0x00, 0x00, 0x00, 0x00, 0x00, 0x00,
  0x00, 0x00, 0x00, 0x00, 0x00, 0x00, 0x00, 0x00, 0x00, 0x00, 0x00, 0x00, 0x00, 0x00, 0x00, 0x00,
  0x00, 0x00, 0x00, 0x00, 0x00, 0x00, 0x00, 0x00, 0x00, 0x00, 0x00, 0x00, 0x00, 0x00, 0x00, 0x00,
  0x00, 0x00, 0x00, 0x00, 0x00, 0x00, 0x00, 0x00, 0x00, 0x00, 0x00, 0x00, 0x00, 0x00, 0x00, 0x00,
  0x00, 0x00, 0x00, 0x00, 0x00, 0x00, 0x00, 0x00, 0x00, 0x00, 0x00, 0x00, 0x00, 0x00, 0x00, 0x00,
  0x00, 0x00, 0x00, 0x00, 0x00, 0x00, 0x00, 0x00, 0x00, 0x00, 0x00, 0x00, 0x3D, 0x00, 0x00, 0x00,
  0xEB, 0x01, 0x00, 0x00, 0x5B, 0x0F, 0x00, 0x00, 0x40, 0x0F, 0x00, 0x00, 0xC9, 0x7A, 0x00, 0x00,
  0x48, 0xD6, 0x03, 0x00, 0x40, 0xD6, 0x03, 0x00, 0x00, 0xB2, 0x1E, 0x00, 0x00, 0x90, 0xF5, 0x00,
  0x00, 0x80, 0x6C, 0x05, 0x00, 0x80, 0x64, 0x03, 0x00, 0x00, 0x20, 0x03, 0x00, 0x00, 0x00, 0x01,
  0x00, 0x00, 0x00, 0x00, 0x00, 0x00, 0x00, 0x00, 0x00, 0x00, 0x00, 0x00, 0x00, 0x00, 0x00, 0x00,
  0x00, 0x00, 0x00, 0x00, 0x00, 0x00, 0x00, 0x00, 0x00, 0x00, 0x00, 0x00, 0x00, 0x00, 0x00, 0x00,
  0x00, 0x00, 0x00, 0x00, 0x00, 0x00, 0x00, 0x00, 0x00, 0x00, 0x00, 0x00, 0x00, 0x00, 0x00, 0x00,
  0x00, 0x00, 0x00, 0x00, 0x00, 0x00, 0x00, 0x00, 0x00, 0x00, 0x00, 0x00, 0x00, 0x00, 0x00, 0x00,
  0x00, 0x00, 0x00, 0x00, 0x00, 0x00, 0x00, 0x00, 0x00, 0x00, 0x00, 0x00, 0x00, 0x00, 0x00, 0x00,
  0x00, 0x00, 0x00, 0x00, 0x00, 0x00, 0x00, 0x00, 0x00, 0x00, 0x00, 0x00, 0x00, 0x00, 0x00, 0x00,
  0x00, 0x00, 0x00, 0x00, 0x07, 0x00, 0x00, 0x00, 0xED, 0x01, 0x00, 0x00, 0x5B, 0x0F, 0x00, 0x00,
  0x58, 0x0F, 0x00, 0x00, 0xD9, 0x7A, 0x00, 0x00, 0xC8, 0xD6, 0x03, 0x00, 0x40, 0xD6, 0x03, 0x00,
  0x00, 0xB2, 0x1E, 0x00, 0x00, 0x90, 0xB5, 0x07, 0x00, 0x80, 0x64, 0x03, 0x00, 0x00, 0x64, 0x03,
  0x00, 0x00, 0x00, 0x01, 0x00, 0x00, 0x00, 0x00, 0x00, 0x00, 0x00, 0x00, 0x00, 0x00, 0x00, 0x00,
  0x00, 0x00, 0x00, 0x00, 0x00, 0x00, 0x00, 0x00, 0x00, 0x00, 0x00, 0x00, 0x00, 0x00, 0x00, 0x00,
  0x00, 0x00, 0x00, 0x00, 0x00, 0x00, 0x00, 0x00, 0x00, 0x00, 0x00, 0x00, 0x00, 0x00, 0x00, 0x00,
  0x00, 0x00, 0x00, 0x00, 0x00, 0x00, 0x00, 0x00, 0x00, 0x00, 0x00, 0x00, 0x00, 0x00, 0x00, 0x00,
  0x00, 0x00, 0x00, 0x00, 0x00, 0x00, 0x00, 0x00, 0x00, 0x00, 0x00, 0x00, 0x00, 0x00, 0x00, 0x00,
  0x00, 0x00, 0x00, 0x00, 0x00, 0x00, 0x00, 0x00, 0x00, 0x00, 0x00, 0x00, 0x00, 0x00, 0x00, 0x00,
  0x00, 0x00, 0x00, 0x00, 0x00, 0x00, 0x00, 0x00, 0x00, 0x00, 0x00, 0x00, 0x07, 0x00, 0x00, 0x00,
  0x3D, 0x00, 0x00, 0x00, 0xEB, 0x01, 0x00, 0x00, 0x58, 0x0F, 0x00, 0x00, 0xD9, 0x7A, 0x00, 0x00,
  0xC9, 0xD6, 0x03, 0x00, 0x40, 0xB6, 0x1E, 0x00, 0x00, 0xB2, 0xF5, 0x00, 0x00, 0x90, 0xAD, 0x07,
  0x00, 0x00, 0x64, 0x03, 0x00, 0x00, 0x20, 0x03, 0x00, 0x00, 0x00, 0x00, 0x00, 0x00, 0x00, 0x00,
  0x00, 0x00, 0x00, 0x00, 0x00, 0x00, 0x00, 0x00, 0x00, 0x00, 0x00, 0x00, 0x00, 0x00, 0x00, 0x00,
  0x00, 0x00, 0x00, 0x00, 0x00, 0x00, 0x00, 0x00, 0x00, 0x00, 0x00, 0x00, 0x00, 0x00, 0x00, 0x00,
  0x00, 0x00, 0x00, 0x00, 0x00, 0x00, 0x00, 0x00, 0x00, 0x00, 0x00, 0x00, 0x00, 0x00, 0x00, 0x00,
  0x00, 0x00, 0x00, 0x00, 0x00, 0x00, 0x00, 0x00, 0x00, 0x00, 0x00, 0x00, 0x00, 0x00, 0x00, 0x00,
  0x00, 0x00, 0x00, 0x00, 0x00, 0x00, 0x00, 0x00, 0x00, 0x00, 0x00, 0x00, 0x00, 0x00, 0x00, 0x00,
  0x00, 0x00, 0x00, 0x00, 0x00, 0x00, 0x00, 0x00, 0x00, 0x00, 0x00, 0x00, 0x00, 0x00, 0x00, 0x00,
  0x00, 0x00, 0x00, 0x00, 0x00, 0x00, 0x00, 0x00, 0x38, 0x00, 0x00, 0x00, 0xE8, 0x01, 0x00, 0x00,
  0x58, 0x0F, 0x00, 0x00, 0x58, 0x7B, 0x00, 0x00, 0xD8, 0xDA, 0x03, 0x00, 0x48, 0xB6, 0x1E, 0x00,
  0x00, 0xB2, 0xF5, 0x00, 0x00, 0x90, 0x6C, 0x00, 0x00, 0x00, 0x24, 0x00, 0x00, 0x00, 0x20, 0x00,
  0x00, 0x00, 0x00, 0x00, 0x00, 0x00, 0x00, 0x00, 0x00, 0x00, 0x00, 0x00, 0x00, 0x00, 0x00, 0x00,
  0x00, 0x00, 0x00, 0x00, 0x00, 0x00, 0x00, 0x00, 0x00, 0x00, 0x00, 0x00, 0x00, 0x00, 0x00, 0x00,
  0x00, 0x00, 0x00, 0x00, 0x00, 0x00, 0x00, 0x00, 0x00, 0x00, 0x00, 0x00, 0x00, 0x00, 0x00, 0x00,
  0x00, 0x00, 0x00, 0x00, 0x00, 0x00, 0x00, 0x00, 0x00, 0x00, 0x00, 0x00, 0x00, 0x00, 0x00, 0x00,
  0x00, 0x00, 0x00, 0x00, 0x00, 0x00, 0x00, 0x00, 0x00, 0x00, 0x00, 0x00, 0x00, 0x00, 0x00, 0x00,
  0x00, 0x00, 0x00, 0x00, 0x00, 0x00, 0x00, 0x00, 0x00, 0x00, 0x00, 0x00, 0x00, 0x00, 0x00, 0x00,
  0x00, 0x00, 0x00, 0x00, 0x00, 0x00, 0x00, 0x00, 0x00, 0x00, 0x00, 0x00, 0x00, 0x00, 0x00, 0x00,
  0x38, 0x00, 0x00, 0x00, 0xE8, 0x01, 0x00, 0x00, 0x58, 0x0F, 0x00, 0x00, 0x58, 0x7B, 0x00, 0x00,
  0xD8, 0xDA, 0x03, 0x00, 0x48, 0xB6, 0x1E, 0x00, 0x40, 0xB2, 0xF5, 0x00, 0x00, 0x80, 0x6C, 0x00,
  0x00, 0x00, 0x20, 0x00, 0x00, 0x00, 0x00, 0x00, 0x00, 0x00, 0x00, 0x00, 0x00, 0x00, 0x00, 0x00,
  0x00, 0x00, 0x00, 0x00, 0x00, 0x00, 0x00, 0x00, 0x00, 0x00, 0x00, 0x00, 0x00, 0x00, 0x00, 0x00,
  0x00, 0x00, 0x00, 0x00,
};

// find_my_disable: start_row=1 rows=11 frames=12 588 bytes
const uint8_t SX3IMG_find_my_disable[] PROGMEM = {
  0x01, 0x00, 0x00, 0x00, 0x0B, 0x00, 0x00, 0x00, 0x0C, 0x00, 0x00, 0x00, 0x96, 0x00, 0x00, 0x00,
  0x96, 0x00, 0x00, 0x00, 0x96, 0x00, 0x00, 0x00, 0x96, 0x00, 0x00, 0x00, 0x96, 0x00, 0x00, 0x00,
  0x96, 0x00, 0x00, 0x00, 0x96, 0x00, 0x00, 0x00, 0x96, 0x00, 0x00, 0x00, 0x96, 0x00, 0x00, 0x00,
  0x96, 0x00, 0x00, 0x00, 0x96, 0x00, 0x00, 0x00, 0x96, 0x00, 0x00, 0x00, 0x00, 0x92, 0x00, 0x00,
  0x00, 0x24, 0x01, 0x00, 0x00, 0xB6, 0x01, 0x00, 0x00, 0x48, 0x02, 0x00, 0x00, 0x48, 0x02, 0x00,
  0x00, 0x48, 0x02, 0x00, 0x00, 0x48, 0x02, 0x00, 0x00, 0xCE, 0x03, 0x00, 0x00, 0x70, 0x00, 0x00,
  0x00, 0x50, 0x00, 0x00, 0x00, 0x30, 0x00, 0x00, 0x00, 0x10, 0x00, 0x00, 0x48, 0x92, 0x24, 0x00,
  0x90, 0x24, 0x49, 0x00, 0xD8, 0xB6, 0x6D, 0x00, 0x20, 0x49, 0x92, 0x00, 0x20, 0x49, 0x92, 0x00,
  0x38, 0x49, 0xF2, 0x00, 0xC0, 0x49, 0x1E, 0x00, 0x00, 0xCE, 0x03, 0x00, 0x00, 0x70, 0x00, 0x00,
  0x00, 0x50, 0x00, 0x00, 0x00, 0x30, 0x00, 0x00, 0x00, 0x10, 0x00, 0x00, 0x48, 0x92, 0x24, 0x00,
  0x90, 0x24, 0x49, 0x00, 0xD8, 0xB6, 0x6D, 0x00, 0x20, 0x49, 0x92, 0x00, 0x20, 0x49, 0x92, 0x00,
  0x38, 0x49, 0xF2, 0x00, 0xC0, 0x49, 0x1E, 0x00, 0x00, 0xCE, 0x03, 0x00, 0x00, 0x70, 0x00, 0x00,
  0x00, 0x50, 0x00, 0x00, 0x00, 0x30, 0x00, 0x00, 0x00, 0x10, 0x00, 0x00, 0x48, 0x92, 0x24, 0x00,
  0x98, 0x24, 0x69, 0x00, 0xE8, 0xB6, 0xAD, 0x00, 0x38, 0x49, 0xF2, 0x00, 0x38, 0x49, 0xF2, 0x00,
  0x38, 0x49, 0xF2, 0x00, 0x00, 0xCE, 0x03, 0x00, 0x00, 0x70, 0x00, 0x00, 0x00, 0x70, 0x00, 0x00,
  0x00, 0x50, 0x00, 0x00, 0x00, 0x30, 0x00, 0x00, 0x00, 0x10, 0x00, 0x00, 0x48, 0x92, 0x24, 0x00,
  0x98, 0x24, 0x69, 0x00, 0xE8, 0xB6, 0xAD, 0x00, 0x38, 0x49, 0xF2, 0x00, 0x38, 0x49, 0xF2, 0x00,
  0xC0, 0x49, 0x1E, 0x00, 0x00, 0xCE, 0x03, 0x00, 0x00, 0x70, 0x00, 0x00, 0x00, 0x70, 0x00, 0x00,
  0x00, 0x50, 0x00, 0x00, 0x00, 0x30, 0x00, 0x00, 0x00, 0x10, 0x00, 0x00, 0x40, 0x92, 0x04, 0x00,
  0xC0, 0x24, 0x0D, 0x00, 0x40, 0xB7, 0x15, 0x00, 0xC0, 0x49, 0x1E, 0x00, 0xC0, 0x49, 0x1E, 0x00,
  0xC0, 0x49, 0x1E, 0x00, 0x00, 0xCE, 0x03, 0x00, 0x00, 0x70, 0x00, 0x00, 0x00, 0x70, 0x00, 0x00,
  0x00, 0x50, 0x00, 0x00, 0x00, 0x30, 0x00, 0x00, 0x00, 0x10, 0x00, 0x00, 0x40, 0x92, 0x04, 0x00,
  0xC0, 0x24, 0x0D, 0x00, 0x40, 0xB7, 0x15, 0x00, 0xC0, 0x49, 0x1E, 0x00, 0xC0, 0x49, 0x1E, 0x00,
  0x00, 0xCE, 0x03, 0x00, 0x00, 0x70, 0x00, 0x00, 0x00, 0x70, 0x00, 0x00, 0x00, 0x70, 0x00, 0x00,
  0x00, 0x50, 0x00, 0x00, 0x00, 0x30, 0x00, 0x00, 0x00, 0x10, 0x00, 0x00, 0x00, 0x92, 0x00, 0x00,
  0x00, 0xA6, 0x01, 0x00, 0x00, 0xBA, 0x02, 0x00, 0x00, 0xCE, 0x03, 0x00, 0x00, 0xCE, 0x03, 0x00,
  0x00, 0xCE, 0x03, 0x00, 0x00, 0x70, 0x00, 0x00, 0x00, 0x70, 0x00, 0x00, 0x00, 0x70, 0x00, 0x00,
  0x00, 0x50, 0x00, 0x00, 0x00, 0x30, 0x00, 0x00, 0x00, 0x10, 0x00, 0x00, 0x00, 0x92, 0x00, 0x00,
  0x00, 0xA6, 0x01, 0x00, 0x00, 0xBA, 0x02, 0x00, 0x00, 0xCE, 0x03, 0x00, 0x00, 0xCE, 0x03, 0x00,
  0x00, 0x70, 0x00, 0x00, 0x00, 0x70, 0x00, 0x00, 0x00, 0x70, 0x00, 0x00, 0x00, 0x70, 0x00, 0x00,
  0x00, 0x50, 0x00, 0x00, 0x00, 0x30, 0x00, 0x00, 0x00, 0x10, 0x00, 0x00, 0x00, 0x10, 0x00, 0x00,
  0x00, 0x30, 0x00, 0x00, 0x00, 0x50, 0x00, 0x00, 0x00, 0x70, 0x00, 0x00, 0x00, 0x70, 0x00, 0x00,
  0x00, 0x70, 0x00, 0x00, 0x00, 0x70, 0x00, 0x00, 0x00, 0x70, 0x00, 0x00, 0x00, 0x70, 0x00, 0x00,
  0x00, 0x50, 0x00, 0x00, 0x00, 0x30, 0x00, 0x00, 0x00, 0x10, 0x00, 0x00, 0x00, 0x10, 0x00, 0x00,
  0x00, 0x30, 0x00, 0x00, 0x00, 0x50, 0x00, 0x00, 0x00, 0x70, 0x00, 0x00, 0x00, 0x70, 0x00, 0x00,
  0x00, 0x70, 0x00, 0x00, 0x00, 0x70, 0x00, 0x00, 0x00, 0x70, 0x00, 0x00, 0x00, 0x70, 0x00, 0x00,
  0x00, 0x50, 0x00, 0x00, 0x00, 0x30, 0x00, 0x00, 0x00, 0x10, 0x00, 0x00,
};

// find_my_enable: start_row=1 rows=11 frames=13 636 bytes
const uint8_t SX3IMG_find_my_enable[] PROGMEM = {
  0x01, 0x00, 0x00, 0x00, 0x0B, 0x00, 0x00, 0x00, 0x0D, 0x00, 0x00, 0x00, 0x96, 0x00, 0x00, 0x00,
  0x96, 0x00, 0x00, 0x00, 0x96, 0x00, 0x00, 0x00, 0x96, 0x00, 0x00, 0x00, 0x96, 0x00, 0x00, 0x00,
  0x96, 0x00, 0x00, 0x00, 0x96, 0x00, 0x00, 0x00, 0x96, 0x00, 0x00, 0x00, 0x96, 0x00, 0x00, 0x00,
  0x96, 0x00, 0x00, 0x00, 0x96, 0x00, 0x00, 0x00, 0x96, 0x00, 0x00, 0x00, 0x96, 0x00, 0x00, 0x00,
  0x00, 0x10, 0x00, 0x00, 0x00, 0x30, 0x00, 0x00, 0x00, 0x50, 0x00, 0x00, 0x00, 0x70, 0x00, 0x00,
  0x00, 0xCE, 0x03, 0x00, 0x00, 0x48, 0x02, 0x00, 0x00, 0x48, 0x02, 0x00, 0x00, 0x48, 0x02, 0x00,
  0x00, 0x48, 0x02, 0x00, 0x00, 0x48, 0x02, 0x00, 0x00, 0xB6, 0x01, 0x00, 0x00, 0x24, 0x01, 0x00,
  0x00, 0x92, 0x00, 0x00, 0x00, 0x10, 0x00, 0x00, 0x00, 0x30, 0x00, 0x00, 0x00, 0x50, 0x00, 0x00,
  0x00, 0x70, 0x00, 0x00, 0x00, 0xCE, 0x03, 0x00, 0xC0, 0x49, 0x1E, 0x00, 0x38, 0x49, 0xF2, 0x00,
  0x20, 0x49, 0x92, 0x00, 0x20, 0x49, 0x92, 0x00, 0x20, 0x49, 0x92, 0x00, 0xD8, 0xB6, 0x6D, 0x00,
  0x90, 0x24, 0x49, 0x00, 0x48, 0x92, 0x24, 0x00, 0x00, 0x10, 0x00, 0x00, 0x00, 0x30, 0x00, 0x00,
  0x00, 0x50, 0x00, 0x00, 0x00, 0x70, 0x00, 0x00, 0x00, 0xCE, 0x03, 0x00, 0xC0, 0x49, 0x1E, 0x00,
  0x38, 0x49, 0xF2, 0x00, 0x20, 0x49, 0x92, 0x00, 0x20, 0x49, 0x92, 0x00, 0x20, 0x49, 0x92, 0x00,
  0xD8, 0xB6, 0x6D, 0x00, 0x90, 0x24, 0x49, 0x00, 0x48, 0x92, 0x24, 0x00, 0x00, 0x10, 0x00, 0x00,
  0x00, 0x30, 0x00, 0x00, 0x00, 0x50, 0x00, 0x00, 0x00, 0x70, 0x00, 0x00, 0x00, 0x70, 0x00, 0x00,
  0x00, 0xCE, 0x03, 0x00, 0x38, 0x49, 0xF2, 0x00, 0x38, 0x49, 0xF2, 0x00, 0x38, 0x49, 0xF2, 0x00,
  0x38, 0x49, 0xF2, 0x00, 0xE8, 0xB6, 0xAD, 0x00, 0x98, 0x24, 0x69, 0x00, 0x48, 0x92, 0x24, 0x00,
  0x00, 0x10, 0x00, 0x00, 0x00, 0x30, 0x00, 0x00, 0x00, 0x50, 0x00, 0x00, 0x00, 0x70, 0x00, 0x00,
  0x00, 0x70, 0x00, 0x00, 0x00, 0xCE, 0x03, 0x00, 0xC0, 0x49, 0x1E, 0x00, 0x38, 0x49, 0xF2, 0x00,
  0x38, 0x49, 0xF2, 0x00, 0x38, 0x49, 0xF2, 0x00, 0xE8, 0xB6, 0xAD, 0x00, 0x98, 0x24, 0x69, 0x00,
  0x48, 0x92, 0x24, 0x00, 0x00, 0x10, 0x00, 0x00, 0x00, 0x30, 0x00, 0x00, 0x00, 0x50, 0x00, 0x00,
  0x00, 0x70, 0x00, 0x00, 0x00, 0x70, 0x00, 0x00, 0x00, 0xCE, 0x03, 0x00, 0xC0, 0x49, 0x1E, 0x00,
  0xC0, 0x49, 0x1E, 0x00, 0xC0, 0x49, 0x1E, 0x00, 0xC0, 0x49, 0x1E, 0x00, 0x40, 0xB7, 0x15, 0x00,
  0xC0, 0x24, 0x0D, 0x00, 0x40, 0x92, 0x04, 0x00, 0x00, 0x10, 0x00, 0x00, 0x00, 0x30, 0x00, 0x00,
  0x00, 0x50, 0x00, 0x00, 0x00, 0x70, 0x00, 0x00, 0x00, 0x70, 0x00, 0x00, 0x00, 0x70, 0x00, 0x00,
  0x00, 0xCE, 0x03, 0x00, 0xC0, 0x49, 0x1E, 0x00, 0xC0, 0x49, 0x1E, 0x00, 0xC0, 0x49, 0x1E, 0x00,
  0x40, 0xB7, 0x15, 0x00, 0xC0, 0x24, 0x0D, 0x00, 0x40, 0x92, 0x04, 0x00, 0x00, 0x10, 0x00, 0x00,
  0x00, 0x30, 0x00, 0x00, 0x00, 0x50, 0x00, 0x00, 0x00, 0x70, 0x00, 0x00, 0x00, 0x70, 0x00, 0x00,
  0x00, 0x70, 0x00, 0x00, 0x00, 0xCE, 0x03, 0x00, 0x00, 0xCE, 0x03, 0x00, 0x00, 0xCE, 0x03, 0x00,
  0x00, 0xCE, 0x03, 0x00, 0x00, 0xBA, 0x02, 0x00, 0x00, 0xA6, 0x01, 0x00, 0x00, 0x92, 0x00, 0x00,
  0x00, 0x10, 0x00, 0x00, 0x00, 0x30, 0x00, 0x00, 0x00, 0x50, 0x00, 0x00, 0x00, 0x70, 0x00, 0x00,
  0x00, 0x70, 0x00, 0x00, 0x00, 0x70, 0x00, 0x00, 0x00, 0x70, 0x00, 0x00, 0x00, 0xCE, 0x03, 0x00,
  0x00, 0xCE, 0x03, 0x00, 0x00, 0xCE, 0x03, 0x00, 0x00, 0xBA, 0x02, 0x00, 0x00, 0xA6, 0x01, 0x00,
  0x00, 0x92, 0x00, 0x00, 0x00, 0x10, 0x00, 0x00, 0x00, 0x30, 0x00, 0x00, 0x00, 0x50, 0x00, 0x00,
  0x00, 0x70, 0x00, 0x00, 0x00, 0x70, 0x00, 0x00, 0x00, 0x70, 0x00, 0x00, 0x00, 0x70, 0x00, 0x00,
  0x00, 0x70, 0x00, 0x00, 0x00, 0x70, 0x00, 0x00, 0x00, 0x70, 0x00, 0x00, 0x00, 0x50, 0x00, 0x00,
  0x00, 0x30, 0x00, 0x00, 0x00, 0x10, 0x00, 0x00, 0x00, 0x10, 0x00, 0x00, 0x00, 0x30, 0x00, 0x00,
  0x00, 0x50, 0x00, 0x00, 0x00, 0x70, 0x00, 0x00, 0x00, 0x70, 0x00, 0x00, 0x00, 0x70, 0x00, 0x00,
  0x00, 0x70, 0x00, 0x00, 0x00, 0x70, 0x00, 0x00, 0x00, 0x70, 0x00, 0x00, 0x00, 0x70, 0x00, 0x00,
  0x00, 0x50, 0x00, 0x00, 0x00, 0x30, 0x00, 0x00, 0x00, 0x10, 0x00, 0x00,
};

// find_my_turn_off: start_row=1 rows=11 frames=11 540 bytes
const uint8_t SX3IMG_find_my_turn_off[] PROGMEM = {
  0x01, 0x00, 0x00, 0x00, 0x0B, 0x00, 0x00, 0x00, 0x0B, 0x00, 0x00, 0x00, 0x96, 0x00, 0x00, 0x00,
  0x96, 0x00, 0x00, 0x00, 0x96, 0x00, 0x00, 0x00, 0x96, 0x00, 0x00, 0x00, 0x96, 0x00, 0x00, 0x00,
  0x96, 0x00, 0x00, 0x00, 0x96, 0x00, 0x00, 0x00, 0x96, 0x00, 0x00, 0x00, 0x96, 0x00, 0x00, 0x00,
  0x96, 0x00, 0x00, 0x00, 0x96, 0x00, 0x00, 0x00, 0x00, 0x10, 0x00, 0x00, 0x00, 0x30, 0x00, 0x00,
  0x00, 0x50, 0x00, 0x00, 0x00, 0x70, 0x00, 0x00, 0x00, 0x50, 0x00, 0x00, 0x00, 0x00, 0x00, 0x00,
  0x00, 0x00, 0x00, 0x00, 0x00, 0x00, 0x00, 0x00, 0x00, 0x00, 0x00, 0x00, 0x00, 0x00, 0x00, 0x00,
  0x00, 0x00, 0x00, 0x00, 0x00, 0x10, 0x00, 0x00, 0x00, 0x30, 0x00, 0x00, 0x00, 0x50, 0x00, 0x00,
  0x00, 0x70, 0x00, 0x00, 0x00, 0x70, 0x00, 0x00, 0x00, 0x30, 0x00, 0x00, 0x00, 0x10, 0x00, 0x00,
  0x00, 0x00, 0x00, 0x00, 0x00, 0x00, 0x00, 0x00, 0x00, 0x00, 0x00, 0x00, 0x00, 0x00, 0x00, 0x00,
  0x00, 0x10, 0x00, 0x00, 0x00, 0x30, 0x00, 0x00, 0x00, 0x50, 0x00, 0x00, 0x00, 0x70, 0x00, 0x00,
  0x00, 0x70, 0x00, 0x00, 0x00, 0x50, 0x00, 0x00, 0x00, 0x30, 0x00, 0x00, 0x00, 0x00, 0x00, 0x00,
  0x00, 0x00, 0x00, 0x00, 0x00, 0x00, 0x00, 0x00, 0x00, 0x00, 0x00, 0x00, 0x00, 0x10, 0x00, 0x00,
  0x00, 0x30, 0x00, 0x00, 0x00, 0x50, 0x00, 0x00, 0x00, 0x70, 0x00, 0x00, 0x00, 0x70, 0x00, 0x00,
  0x00, 0x70, 0x00, 0x00, 0x00, 0x50, 0x00, 0x00, 0x00, 0x30, 0x00, 0x00, 0x00, 0x00, 0x00, 0x00,
  0x00, 0x00, 0x00, 0x00, 0x00, 0x00, 0x00, 0x00, 0x00, 0x10, 0x00, 0x00, 0x00, 0x30, 0x00, 0x00,
  0x00, 0x50, 0x00, 0x00, 0x00, 0x70, 0x00, 0x00, 0x00, 0x70, 0x00, 0x00, 0x00, 0x70, 0x00, 0x00,
  0x00, 0x70, 0x00, 0x00, 0x00, 0x50, 0x00, 0x00, 0x00, 0x20, 0x00, 0x00, 0x00, 0x00, 0x00, 0x00,
  0x00, 0x00, 0x00, 0x00, 0x00, 0x10, 0x00, 0x00, 0x00, 0x30, 0x00, 0x00, 0x00, 0x50, 0x00, 0x00,
  0x00, 0x70, 0x00, 0x00, 0x00, 0x70, 0x00, 0x00, 0x00, 0x70, 0x00, 0x00, 0x00, 0x70, 0x00, 0x00,
  0x00, 0x70, 0x00, 0x00, 0x00, 0x70, 0x00, 0x00, 0x00, 0x50, 0x00, 0x00, 0x00, 0x10, 0x00, 0x00,
  0x00, 0x10, 0x00, 0x00, 0x00, 0x30, 0x00, 0x00, 0x00, 0x50, 0x00, 0x00, 0x00, 0x70, 0x00, 0x00,
  0x00, 0x70, 0x00, 0x00, 0x00, 0x70, 0x00, 0x00, 0x00, 0x70, 0x00, 0x00, 0x00, 0x50, 0x00, 0x00,
  0x00, 0x20, 0x00, 0x00, 0x00, 0x00, 0x00, 0x00, 0x00, 0x00, 0x00, 0x00, 0x00, 0x10, 0x00, 0x00,
  0x00, 0x30, 0x00, 0x00, 0x00, 0x50, 0x00, 0x00, 0x00, 0x70, 0x00, 0x00, 0x00, 0x70, 0x00, 0x00,
  0x00, 0x70, 0x00, 0x00, 0x00, 0x50, 0x00, 0x00, 0x00, 0x30, 0x00, 0x00, 0x00, 0x00, 0x00, 0x00,
  0x00, 0x00, 0x00, 0x00, 0x00, 0x00, 0x00, 0x00, 0x00, 0x10, 0x00, 0x00, 0x00, 0x30, 0x00, 0x00,
  0x00, 0x50, 0x00, 0x00, 0x00, 0x70, 0x00, 0x00, 0x00, 0x70, 0x00, 0x00, 0x00, 0x50, 0x00, 0x00,
  0x00, 0x30, 0x00, 0x00, 0x00, 0x00, 0x00, 0x00, 0x00, 0x00, 0x00, 0x00, 0x00, 0x00, 0x00, 0x00,
  0x00, 0x00, 0x00, 0x00, 0x00, 0x10, 0x00, 0x00, 0x00, 0x30, 0x00, 0x00, 0x00, 0x50, 0x00, 0x00,
  0x00, 0x70, 0x00, 0x00, 0x00, 0x70, 0x00, 0x00, 0x00, 0x30, 0x00, 0x00, 0x00, 0x10, 0x00, 0x00,
  0x00, 0x00, 0x00, 0x00, 0x00, 0x00, 0x00, 0x00, 0x00, 0x00, 0x00, 0x00, 0x00, 0x00, 0x00, 0x00,
  0x00, 0x10, 0x00, 0x00, 0x00, 0x30, 0x00, 0x00, 0x00, 0x50, 0x00, 0x00, 0x00, 0x70, 0x00, 0x00,
  0x00, 0x50, 0x00, 0x00, 0x00, 0x00, 0x00, 0x00, 0x00, 0x00, 0x00, 0x00, 0x00, 0x00, 0x00, 0x00,
  0x00, 0x00, 0x00, 0x00, 0x00, 0x00, 0x00, 0x00, 0x00, 0x00, 0x00, 0x00,
};

// temperature_below_zero: start_row=2 rows=15 frames=6 396 bytes
const uint8_t SX3IMG_temperature_below_zero[] PROGMEM = {
  0x02, 0x00, 0x00, 0x00, 0x0F, 0x00, 0x00, 0x00, 0x06, 0x00, 0x00, 0x00, 0xC8, 0x00, 0x00, 0x00,
  0xF4, 0x01, 0x00, 0x00, 0xF4, 0x01, 0x00, 0x00, 0xF4, 0x01, 0x00, 0x00, 0xF4, 0x01, 0x00, 0x00,
  0xC8, 0x00, 0x00, 0x00, 0x40, 0x24, 0x05, 0x00, 0x40, 0xFF, 0x17, 0x00, 0xC0, 0xDA, 0x0E, 0x00,
  0x40, 0xFF, 0x17, 0x00, 0xC0, 0xDA, 0x0E, 0x00, 0x40, 0x24, 0x05, 0x00, 0x00, 0x20, 0x00, 0x00,
  0x00, 0x70, 0x00, 0x00, 0x00, 0x50, 0x00, 0x00, 0x00, 0x70, 0x00, 0x00, 0x00, 0x50, 0x00, 0x00,
  0x00, 0x20, 0x00, 0x00, 0x00, 0x20, 0x00, 0x00, 0x00, 0x70, 0x00, 0x00, 0x00, 0x50, 0x00, 0x00,
  0x00, 0x70, 0x00, 0x00, 0x00, 0x50, 0x00, 0x00, 0x00, 0x20, 0x00, 0x00, 0x00, 0x20, 0x00, 0x00,
  0x00, 0x70, 0x00, 0x00, 0x00, 0x50, 0x00, 0x00, 0x00, 0x70, 0x00, 0x00, 0x00, 0x50, 0x00, 0x00,
  0x00, 0x20, 0x00, 0x00, 0x00, 0x20, 0x00, 0x00, 0x00, 0x70, 0x00, 0x00, 0x00, 0x50, 0x00, 0x00,
  0x00, 0x70, 0x00, 0x00, 0x00, 0x50, 0x00, 0x00, 0x00, 0x20, 0x00, 0x00, 0x00, 0x20, 0x00, 0x00,
  0x00, 0x70, 0x00, 0x00, 0x00, 0x50, 0x00, 0x00, 0x00, 0x70, 0x00, 0x00, 0x00, 0x50, 0x00, 0x00,
  0x00, 0x20, 0x00, 0x00, 0x02, 0x00, 0x00, 0x00, 0x07, 0x00, 0x00, 0x00, 0x05, 0x00, 0x00, 0x00,
  0x07, 0x00, 0x00, 0x00, 0x05, 0x00, 0x00, 0x00, 0x02, 0x00, 0x00, 0x00, 0x00, 0x00, 0x00, 0x00,
  0x00, 0x00, 0x00, 0x00, 0x00, 0x00, 0x00, 0x00, 0x00, 0x00, 0x00, 0x00, 0x00, 0x00, 0x00, 0x00,
  0x00, 0x00, 0x00, 0x00, 0x80, 0x04, 0x00, 0x00, 0xD0, 0x2F, 0x00, 0x00, 0x48, 0x1B, 0x00, 0x00,
  0xD0, 0x2F, 0x00, 0x00, 0x48, 0x1B, 0x00, 0x00, 0x80, 0x04, 0x00, 0x00, 0x10, 0x20, 0x04, 0x00,
  0x38, 0x70, 0x14, 0x00, 0x28, 0x50, 0x0C, 0x00, 0x38, 0x70, 0x14, 0x00, 0x28, 0x50, 0x0C, 0x00,
  0x10, 0x20, 0x04, 0x00, 0x10, 0x20, 0x40, 0x00, 0x38, 0x70, 0xE0, 0x00, 0x28, 0x50, 0xA0, 0x00,
  0x38, 0x70, 0xE0, 0x00, 0x28, 0x50, 0xA0, 0x00, 0x10, 0x20, 0x40, 0x00, 0x10, 0x20, 0x00, 0x02,
  0x38, 0x70, 0x00, 0x07, 0x28, 0x50, 0x00, 0x05, 0x38, 0x70, 0x00, 0x07, 0x28, 0x50, 0x00, 0x05,
  0x10, 0x20, 0x00, 0x02, 0x10, 0x20, 0x40, 0x00, 0x38, 0x70, 0xE0, 0x00, 0x28, 0x50, 0xA0, 0x00,
  0x38, 0x70, 0xE0, 0x00, 0x28, 0x50, 0xA0, 0x00, 0x10, 0x20, 0x40, 0x00, 0x10, 0x20, 0x04, 0x00,
  0x38, 0x70, 0x14, 0x00, 0x28, 0x50, 0x0C, 0x00, 0x38, 0x70, 0x14, 0x00, 0x28, 0x50, 0x0C, 0x00,
  0x10, 0x20, 0x04, 0x00, 0x80, 0x04, 0x00, 0x00, 0xD0, 0x2F, 0x00, 0x00, 0x48, 0x1B, 0x00, 0x00,
  0xD0, 0x2F, 0x00, 0x00, 0x48, 0x1B, 0x00, 0x00, 0x80, 0x04, 0x00, 0x00,
};

// light_mode_automatic: start_row=7 rows=9 frames=1 52 bytes
const uint8_t SX3IMG_light_mode_automatic[] PROGMEM = {
  0x07, 0x00, 0x00, 0x00, 0x09, 0x00, 0x00, 0x00, 0x01, 0x00, 0x00, 0x00, 0x32, 0x00, 0x00, 0x00,
  0x00, 0x24, 0x01, 0x00, 0x90, 0x24, 0x49, 0x00, 0x90, 0xFE, 0x4B, 0x00, 0xD2, 0x25, 0x5D, 0x02,
  0xD2, 0x25, 0x5D, 0x02, 0xD2, 0xFF, 0x5F, 0x02, 0xD0, 0x25, 0x5D, 0x00, 0x90, 0x24, 0x49, 0x00,
  0x00, 0x24, 0x01, 0x00,
};

// light_mode_always_on: start_row=7 rows=9 frames=1 52 bytes
const uint8_t SX3IMG_light_mode_always_on[] PROGMEM = {
  0x07, 0x00, 0x00, 0x00, 0x09, 0x00, 0x00, 0x00, 0x01, 0x00, 0x00, 0x00, 0x32, 0x00, 0x00, 0x00,
  0x00, 0x24, 0x01, 0x00, 0x90, 0x24, 0x49, 0x00, 0x90, 0xFE, 0x4B, 0x00, 0xD2, 0x25, 0x5D, 0x02,
  0xD2, 0x25, 0x5D, 0x02, 0xD2, 0x25, 0x5D, 0x02, 0x90, 0xFE, 0x4B, 0x00, 0x90, 0x24, 0x49, 0x00,
  0x00, 0x24, 0x01, 0x00,
};

// light_mode_off: start_row=7 rows=9 frames=1 52 bytes
const uint8_t SX3IMG_light_mode_off[] PROGMEM = {
  0x07, 0x00, 0x00, 0x00, 0x09, 0x00, 0x00, 0x00, 0x01, 0x00, 0x00, 0x00, 0x32, 0x00, 0x00, 0x00,
  0x00, 0x24, 0x01, 0x00, 0x90, 0x24, 0x49, 0x00, 0xD0, 0x25, 0x5D, 0x00, 0x92, 0xAE, 0x4B, 0x02,
  0x92, 0x74, 0x49, 0x02, 0x92, 0xAE, 0x4B, 0x02, 0xD0, 0x25, 0x5D, 0x00, 0x90, 0x24, 0x49, 0x00,
  0x00, 0x24, 0x01, 0x00,
};

// sounds_disabled: start_row=7 rows=8 frames=1 48 bytes
const uint8_t SX3IMG_sounds_disabled[] PROGMEM = {
  0x07, 0x00, 0x00, 0x00, 0x08, 0x00, 0x00, 0x00, 0x01, 0x00, 0x00, 0x00, 0x32, 0x00, 0x00, 0x00,
  0x00, 0x09, 0xE0, 0x00, 0x00, 0x49, 0x1C, 0x00, 0x00, 0xC9, 0x13, 0x00, 0x00, 0x79, 0x12, 0x00,
  0x00, 0x4F, 0x12, 0x00, 0xC0, 0x49, 0x00, 0x00, 0x38, 0x09, 0x00, 0x00, 0x07, 0x00, 0x00, 0x00,
};

// sounds_enabled: start_row=7 rows=7 frames=1 44 bytes
const uint8_t SX3IMG_sounds_enabled[] PROGMEM = {
  0x07, 0x00, 0x00, 0x00, 0x07, 0x00, 0x00, 0x00, 0x01, 0x00, 0x00, 0x00, 0x32, 0x00, 0x00, 0x00,
  0x00, 0x09, 0x00, 0x00, 0x00, 0x4D, 0x00, 0x00, 0x00, 0x6F, 0x12, 0x00, 0x00, 0x7F, 0x13, 0x00,
  0x00, 0x6F, 0x12, 0x00, 0x00, 0x4D, 0x00, 0x00, 0x00, 0x09, 0x00, 0x00,
};

// region_eu: start_row=9 rows=5 frames=1 36 bytes
const uint8_t SX3IMG_region_eu[] PROGMEM = {
  0x09, 0x00, 0x00, 0x00, 0x05, 0x00, 0x00, 0x00, 0x01, 0x00, 0x00, 0x00, 0x32, 0x00, 0x00, 0x00,
  0x07, 0x8E, 0xFF, 0x07, 0x07, 0x0E, 0x00, 0x07, 0x07, 0x8E, 0xFF, 0x07, 0x07, 0x0E, 0x00, 0x07,
  0xFF, 0x8F, 0xFF, 0x07,
};

// region_us: start_row=9 rows=5 frames=1 36 bytes
const uint8_t SX3IMG_region_us[] PROGMEM = {
  0x09, 0x00, 0x00, 0x00, 0x05, 0x00, 0x00, 0x00, 0x01, 0x00, 0x00, 0x00, 0x32, 0x00, 0x00, 0x00,
  0xFF, 0x8F, 0x03, 0x07, 0x00, 0x8E, 0x03, 0x07, 0xFF, 0x8F, 0x03, 0x07, 0x07, 0x80, 0x03, 0x07,
  0xFF, 0x8F, 0xFF, 0x07,
};

// region_japan: start_row=9 rows=5 frames=1 36 bytes
const uint8_t SX3IMG_region_japan[] PROGMEM = {
  0x09, 0x00, 0x00, 0x00, 0x05, 0x00, 0x00, 0x00, 0x01, 0x00, 0x00, 0x00, 0x32, 0x00, 0x00, 0x00,
  0xFF, 0x8F, 0xFF, 0x00, 0x07, 0x8E, 0x03, 0x00, 0xFF, 0x8F, 0x03, 0x00, 0x00, 0x8E, 0x03, 0x00,
  0x00, 0x0E, 0xFC, 0x07,
};

// region_offroad_smiley: start_row=6 rows=9 frames=1 52 bytes
const uint8_t SX3IMG_region_offroad_smiley[] PROGMEM = {
  0x06, 0x00, 0x00, 0x00, 0x09, 0x00, 0x00, 0x00, 0x01, 0x00, 0x00, 0x00, 0x32, 0x00, 0x00, 0x00,
  0x00, 0x24, 0x01, 0x00, 0x90, 0x24, 0x49, 0x00, 0x90, 0xAE, 0x4B, 0x00, 0x92, 0x24, 0x49, 0x02,
  0x92, 0x24, 0x49, 0x02, 0xD2, 0x25, 0x5D, 0x02, 0x90, 0xFE, 0x4B, 0x00, 0x90, 0x24, 0x49, 0x00,
  0x00, 0x24, 0x01, 0x00,
};

// alarm_enabled_skull: start_row=6 rows=11 frames=1 60 bytes
const uint8_t SX3IMG_alarm_enabled_skull[] PROGMEM = {
  0x06, 0x00, 0x00, 0x00, 0x0B, 0x00, 0x00, 0x00, 0x01, 0x00, 0x00, 0x00, 0x32, 0x00, 0x00, 0x00,
  0x40, 0xFF, 0x17, 0x00, 0xE8, 0xFF, 0xBF, 0x00, 0xFD, 0xFF, 0xFF, 0x05, 0xFF, 0xFF, 0xFF, 0x07,
  0x27, 0x78, 0x82, 0x07, 0x27, 0x78, 0x82, 0x07, 0xFF, 0x8F, 0xFF, 0x07, 0xF8, 0x8F, 0xFF, 0x00,
  0x40, 0xFF, 0x17, 0x00, 0x40, 0x39, 0x16, 0x00, 0x00, 0xFE, 0x03, 0x00,
};

// alarm_disabled_skull: start_row=6 rows=11 frames=1 60 bytes
const uint8_t SX3IMG_alarm_disabled_skull[] PROGMEM = {
  0x06, 0x00, 0x00, 0x00, 0x0B, 0x00, 0x00, 0x00, 0x01, 0x00, 0x00, 0x00, 0x32, 0x00, 0x00, 0x00,
  0x00, 0x49, 0x12, 0x07, 0x20, 0x49, 0xF2, 0x00, 0x24, 0x49, 0x9E, 0x04, 0x24, 0xC9, 0x93, 0x04,
  0x24, 0x78, 0x82, 0x04, 0x24, 0x4E, 0x82, 0x04, 0xE4, 0x09, 0x92, 0x04, 0x38, 0x09, 0x92, 0x00,
  0x07, 0x49, 0x12, 0x00, 0x00, 0x93, 0x10, 0x00, 0x00, 0x48, 0x02, 0x00,
};

// checkmark: start_row=7 rows=13 frames=1 68 bytes
const uint8_t SX3IMG_checkmark[] PROGMEM = {
  0x07, 0x00, 0x00, 0x00, 0x0D, 0x00, 0x00, 0x00, 0x01, 0x00, 0x00, 0x00, 0x32, 0x00, 0x00, 0x00,
  0x07, 0x00, 0x00, 0x00, 0x07, 0x00, 0x00, 0x00, 0x07, 0x00, 0x00, 0x00, 0x38, 0x00, 0x00, 0x00,
  0x38, 0x00, 0x00, 0x07, 0x38, 0x00, 0xE0, 0x00, 0xC0, 0x01, 0xE0, 0x00, 0xC0, 0x01, 0x1C, 0x00,
  0xC0, 0x01, 0x1C, 0x00, 0x00, 0x8E, 0x03, 0x00, 0x00, 0x8E, 0x03, 0x00, 0x00, 0xFE, 0x03, 0x00,
  0x00, 0x70, 0x00, 0x00,
};

// failure: start_row=7 rows=9 frames=1 52 bytes
const uint8_t SX3IMG_failure[] PROGMEM = {
  0x07, 0x00, 0x00, 0x00, 0x09, 0x00, 0x00, 0x00, 0x01, 0x00, 0x00, 0x00, 0x32, 0x00, 0x00, 0x00,
  0x07, 0x00, 0x00, 0x07, 0x38, 0x00, 0xE0, 0x00, 0xC0, 0x01, 0x1C, 0x00, 0x00, 0x8E, 0x03, 0x00,
  0x00, 0x70, 0x00, 0x00, 0x00, 0x8E, 0x03, 0x00, 0xC0, 0x01, 0x1C, 0x00, 0x38, 0x00, 0xE0, 0x00,
  0x07, 0x00, 0x00, 0x07,
};

// lock: start_row=3 rows=10 frames=1 56 bytes
const uint8_t SX3IMG_lock[] PROGMEM = {
  0x03, 0x00, 0x00, 0x00, 0x0A, 0x00, 0x00, 0x00, 0x01, 0x00, 0x00, 0x00, 0x32, 0x00, 0x00, 0x00,
  0x00, 0xFE, 0x03, 0x00, 0xC0, 0x01, 0x1C, 0x00, 0xC0, 0x01, 0x1C, 0x00, 0xC0, 0x01, 0x1C, 0x00,
  0xA8, 0x6D, 0xBB, 0x00, 0xA8, 0xFF, 0xBB, 0x00, 0xA8, 0xFF, 0xBB, 0x00, 0xA8, 0xFF, 0xBB, 0x00,
  0xA8, 0x6D, 0xBB, 0x00, 0x68, 0xDB, 0xB6, 0x00,
};

// speed_format_kilometers: start_row=8 rows=5 frames=1 36 bytes
const uint8_t SX3IMG_speed_format_kilometers[] PROGMEM = {
  0x08, 0x00, 0x00, 0x00, 0x05, 0x00, 0x00, 0x00, 0x01, 0x00, 0x00, 0x00, 0x32, 0x00, 0x00, 0x00,
  0x07, 0xF0, 0x03, 0x07, 0x3F, 0x7E, 0x1C, 0x07, 0xC7, 0x71, 0xE0, 0x07, 0x07, 0x70, 0x1C, 0x07,
  0x07, 0xF0, 0x03, 0x07,
};

// speed_format_miles: start_row=8 rows=5 frames=1 36 bytes
const uint8_t SX3IMG_speed_format_miles[] PROGMEM = {
  0x08, 0x00, 0x00, 0x00, 0x05, 0x00, 0x00, 0x00, 0x01, 0x00, 0x00, 0x00, 0x32, 0x00, 0x00, 0x00,
  0xFF, 0x71, 0x00, 0x07, 0x38, 0xF0, 0xE3, 0x07, 0x38, 0x70, 0x1C, 0x07, 0x38, 0x70, 0x00, 0x07,
  0xFF, 0x71, 0x00, 0x07,
};

// bell_submarine: start_row=6 rows=13 frames=1 68 bytes
const uint8_t SX3IMG_bell_submarine[] PROGMEM = {
  0x06, 0x00, 0x00, 0x00, 0x0D, 0x00, 0x00, 0x00, 0x01, 0x00, 0x00, 0x00, 0x32, 0x00, 0x00, 0x00,
  0x00, 0xF0, 0x03, 0x00, 0x00, 0x80, 0x03, 0x00, 0x1B, 0xB6, 0x6D, 0x00, 0xEB, 0xDA, 0xB6, 0x03,
  0x6B, 0xFB, 0xBF, 0x03, 0xEB, 0xDA, 0xB6, 0x03, 0x1B, 0xB6, 0x6D, 0x00, 0x00, 0x00, 0x00, 0x00,
  0xF8, 0x81, 0x1F, 0x00, 0x00, 0x7E, 0x00, 0x00, 0x3F, 0x00, 0xFC, 0x00, 0xC0, 0x81, 0x03, 0x07,
  0x00, 0x7E, 0x00, 0x00,
};

// bell_ding_dong: start_row=6 rows=10 frames=1 56 bytes
const uint8_t SX3IMG_bell_ding_dong[] PROGMEM = {
  0x06, 0x00, 0x00, 0x00, 0x0A, 0x00, 0x00, 0x00, 0x01, 0x00, 0x00, 0x00, 0x32, 0x00, 0x00, 0x00,
  0x00, 0x70, 0x00, 0x00, 0x00, 0xFE, 0x03, 0x00, 0xC0, 0x49, 0x1E, 0x00, 0xC0, 0x29, 0x1E, 0x00,
  0xC0, 0x29, 0x1E, 0x00, 0x38, 0x49, 0xF2, 0x00, 0xF8, 0xFF, 0xFF, 0x00, 0x00, 0xDA, 0x02, 0x00,
  0x40, 0x51, 0x14, 0x00, 0x00, 0x50, 0x00, 0x00,
};

// bell_party_troot: start_row=3 rows=11 frames=1 60 bytes
const uint8_t SX3IMG_bell_party_troot[] PROGMEM = {
  0x03, 0x00, 0x00, 0x00, 0x0B, 0x00, 0x00, 0x00, 0x01, 0x00, 0x00, 0x00, 0x32, 0x00, 0x00, 0x00,
  0xB0, 0x81, 0x03, 0x00, 0x80, 0x71, 0x00, 0x00, 0x80, 0x71, 0x00, 0x00, 0x38, 0x0C, 0x00, 0x00,
  0xC6, 0x81, 0x03, 0x00, 0x30, 0xF0, 0x1E, 0x00, 0x07, 0xDE, 0x1E, 0x00, 0xC0, 0xDB, 0xF6, 0x00,
  0x00, 0xFE, 0xF6, 0x00, 0x00, 0x80, 0xBF, 0x07, 0x00, 0x00, 0xE0, 0x07,
};

// reset: start_row=6 rows=9 frames=1 52 bytes
const uint8_t SX3IMG_reset[] PROGMEM = {
  0x06, 0x00, 0x00, 0x00, 0x09, 0x00, 0x00, 0x00, 0x01, 0x00, 0x00, 0x00, 0x32, 0x00, 0x00, 0x00,
  0x00, 0xF6, 0x01, 0x00, 0xD0, 0xFF, 0x0B, 0x00, 0xB8, 0x00, 0x5D, 0x00, 0x3B, 0x00, 0x5C, 0x00,
  0x3F, 0xF0, 0xFF, 0x07, 0x3B, 0x80, 0xFF, 0x00, 0xF8, 0x05, 0x1C, 0x00, 0xD0, 0x7F, 0x00, 0x00,
  0x00, 0x24, 0x00, 0x00,
};

// diagnostic_scan: start_row=0 rows=20 frames=46 3876 bytes
const uint8_t SX3IMG_diagnostic_scan[] PROGMEM = {
  0x00, 0x00, 0x00, 0x00, 0x14, 0x00, 0x00, 0x00, 0x2E, 0x00, 0x00, 0x00, 0x32, 0x00, 0x00, 0x00,
  0x32, 0x00, 0x00, 0x00, 0x32, 0x00, 0x00, 0x00, 0x32, 0x00, 0x00, 0x00, 0x32, 0x00, 0x00, 0x00,
  0x32, 0x00, 0x00, 0x00, 0x32, 0x00, 0x00, 0x00, 0x32, 0x00, 0x00, 0x00, 0x32, 0x00, 0x00, 0x00,
  0x32, 0x00, 0x00, 0x00, 0x32, 0x00, 0x00, 0x00, 0x32, 0x00, 0x00, 0x00, 0x32, 0x00, 0x00, 0x00,
  0x32, 0x00, 0x00, 0x00, 0x32, 0x00, 0x00, 0x00, 0x32, 0x00, 0x00, 0x00, 0x32, 0x00, 0x00, 0x00,
  0x32, 0x00, 0x00, 0x00, 0x32, 0x00, 0x00, 0x00, 0x32, 0x00, 0x00, 0x00, 0x32, 0x00, 0x00, 0x00,
  0xFA, 0x00, 0x00, 0x00, 0x32, 0x00, 0x00, 0x00, 0x32, 0x00, 0x00, 0x00, 0x32, 0x00, 0x00, 0x00,
  0x32, 0x00, 0x00, 0x00, 0x32, 0x00, 0x00, 0x00, 0x32, 0x00, 0x00, 0x00, 0x32, 0x00, 0x00, 0x00,
  0x32, 0x00, 0x00, 0x00, 0x32, 0x00, 0x00, 0x00, 0x32, 0x00, 0x00, 0x00, 0x32, 0x00, 0x00, 0x00,
  0x32, 0x00, 0x00, 0x00, 0x32, 0x00, 0x00, 0x00, 0x32, 0x00, 0x00, 0x00, 0x32, 0x00, 0x00, 0x00,
  0x32, 0x00, 0x00, 0x00, 0x32, 0x00, 0x00, 0x00, 0x32, 0x00, 0x00, 0x00, 0x32, 0x00, 0x00, 0x00,
  0x32, 0x00, 0x00, 0x00, 0x32, 0x00, 0x00, 0x00, 0x32, 0x00, 0x00, 0x00, 0x32, 0x00, 0x00, 0x00,
  0xFA, 0x00, 0x00, 0x00, 0x00, 0x48, 0x02, 0x00, 0x00, 0xFE, 0x03, 0x00, 0x00, 0x00, 0x00, 0x00,
  0x00, 0x00, 0x00, 0x00, 0x00, 0x00, 0x00, 0x00, 0x00, 0x00, 0x00, 0x00, 0x00, 0x00, 0x00, 0x00,
  0x00, 0x00, 0x00, 0x00, 0x00, 0x00, 0x00, 0x00, 0x00, 0x00, 0x00, 0x00, 0x00, 0x00, 0x00, 0x00,
  0x00, 0x00, 0x00, 0x00, 0x00, 0x00, 0x00, 0x00, 0x00, 0x00, 0x00, 0x00, 0x00, 0x00, 0x00, 0x00,
  0x00, 0x00, 0x00, 0x00, 0x00, 0x00, 0x00, 0x00, 0x00, 0x00, 0x00, 0x00, 0x00, 0x00, 0x00, 0x00,
  0x00, 0x00, 0x00, 0x00, 0x00, 0x00, 0x00, 0x00, 0x00, 0x00, 0x00, 0x00, 0x00, 0x00, 0x00, 0x00,
  0x00, 0x00, 0x00, 0x00, 0x00, 0x00, 0x00, 0x00, 0x00, 0x00, 0x00, 0x00, 0x00, 0x00, 0x00, 0x00,
  0x00, 0x00, 0x00, 0x00, 0x00, 0x00, 0x00, 0x00, 0x00, 0x00, 0x00, 0x00, 0x00, 0x00, 0x00, 0x00,
  0x00, 0x00, 0x00, 0x00, 0x00, 0x00, 0x00, 0x00, 0x00, 0x00, 0x00, 0x00, 0x00, 0x00, 0x00, 0x00,
  0x00, 0x00, 0x00, 0x00, 0x00, 0x00, 0x00, 0x00, 0x00, 0x00, 0x00, 0x00, 0x00, 0x00, 0x00, 0x00,
  0x00, 0x00, 0x00, 0x00, 0x00, 0x00, 0x00, 0x00, 0x00, 0x00, 0x00, 0x00, 0x00, 0x00, 0x00, 0x00,
  0x00, 0x48, 0x02, 0x00, 0x00, 0xFE, 0x03, 0x00, 0x00, 0x00, 0x00, 0x00, 0x00, 0x00, 0x00, 0x00,
  0x20, 0x49, 0x92, 0x00, 0xF8, 0xFF, 0xFF, 0x00, 0x00, 0x00, 0x00, 0x00, 0x00, 0x00, 0x00, 0x00,
  0x00, 0x00, 0x00, 0x00, 0x00, 0x00, 0x00, 0x00, 0x00, 0x00, 0x00, 0x00, 0x00, 0x00, 0x00, 0x00,
  0x00, 0x00, 0x00, 0x00, 0x00, 0x00, 0x00, 0x00, 0x00, 0x00, 0x00, 0x00, 0x00, 0x00, 0x00, 0x00,
  0x00, 0x00, 0x00, 0x00, 0x00, 0x00, 0x00, 0x00, 0x00, 0x00, 0x00, 0x00, 0x00, 0x00, 0x00, 0x00,
  0x00, 0x00, 0x00, 0x00, 0x00, 0x00, 0x00, 0x00, 0x00, 0x00, 0x00, 0x00, 0x00, 0x00, 0x00, 0x00,
  0x00, 0x00, 0x00, 0x00, 0x00, 0x00, 0x00, 0x00, 0x00, 0x00, 0x00, 0x00, 0x00, 0x00, 0x00, 0x00,
  0x00, 0x00, 0x00, 0x00, 0x00, 0x00, 0x00, 0x00, 0x00, 0x00, 0x00, 0x00, 0x00, 0x00, 0x00, 0x00,
  0x00, 0x00, 0x00, 0x00, 0x00, 0x00, 0x00, 0x00, 0x00, 0x00, 0x00, 0x00, 0x00, 0x00, 0x00, 0x00,
  0x00, 0x00, 0x00, 0x00, 0x00, 0x00, 0x00, 0x00, 0x00, 0x00, 0x00, 0x00, 0x00, 0x00, 0x00, 0x00,
  0x00, 0x00, 0x00, 0x00, 0x00, 0x00, 0x00, 0x00, 0x00, 0x00, 0x00, 0x00, 0x00, 0x00, 0x00, 0x00,
  0x00, 0x00, 0x00, 0x00, 0x20, 0x49, 0x92, 0x00, 0xF8, 0xFF, 0xFF, 0x00, 0x00, 0x00, 0x00, 0x00,
  0x00, 0x00, 0x00, 0x00, 0x00, 0x00, 0x00, 0x00, 0x00, 0x00, 0x00, 0x00, 0x20, 0x49, 0x92, 0x00,
  0xF8, 0xFF, 0xFF, 0x00, 0x00, 0x00, 0x00, 0x00, 0x00, 0x00, 0x00, 0x00, 0x00, 0x00, 0x00, 0x00,
  0x00, 0x00, 0x00, 0x00, 0x00, 0x00, 0x00, 0x00, 0x00, 0x00, 0x00, 0x00, 0x00, 0x00, 0x00, 0x00,
  0x00, 0x00, 0x00, 0x00, 0x00, 0x00, 0x00, 0x00, 0x00, 0x00, 0x00, 0x00, 0x00, 0x00, 0x00, 0x00,
  0x00, 0x00, 0x00, 0x00, 0x00, 0x00, 0x00, 0x00, 0x00, 0x00, 0x00, 0x00, 0x00, 0x00, 0x00, 0x00,
  0x00, 0x00, 0x00, 0x00, 0x00, 0x00, 0x00, 0x00, 0x00, 0x00, 0x00, 0x00, 0x00, 0x00, 0x00, 0x00,
  0x00, 0x00, 0x00, 0x00, 0x00, 0x00, 0x00, 0x00, 0x00, 0x00, 0x00, 0x00, 0x00, 0x00, 0x00, 0x00,
  0x00, 0x00, 0x00, 0x00, 0x00, 0x00, 0x00, 0x00, 0x00, 0x00, 0x00, 0x00, 0x00, 0x00, 0x00, 0x00,
  0x00, 0x00, 0x00, 0x00, 0x00, 0x00, 0x00, 0x00, 0x00, 0x00, 0x00, 0x00, 0x00, 0x00, 0x00, 0x00,
  0x00, 0x00, 0x00, 0x00, 0x00, 0x00, 0x00, 0x00, 0x00, 0x00, 0x00, 0x00, 0x00, 0x00, 0x00, 0x00,
  0x00, 0x00, 0x00, 0x00, 0x00, 0x00, 0x00, 0x00, 0x20, 0x49, 0x92, 0x00, 0xF8, 0xFF, 0xFF, 0x00,
  0x00, 0x00, 0x00, 0x00, 0x00, 0x00, 0x00, 0x00, 0x00, 0x00, 0x00, 0x00, 0x00, 0x00, 0x00, 0x00,
  0x00, 0x00, 0x00, 0x00, 0x00, 0x00, 0x00, 0x00, 0x24, 0x49, 0x92, 0x04, 0xFF, 0xFF, 0xFF, 0x07,
  0x00, 0x00, 0x00, 0x00, 0x00, 0x00, 0x00, 0x00, 0x00, 0x00, 0x00, 0x00, 0x00, 0x00, 0x00, 0x00,
  0x00, 0x00, 0x00, 0x00, 0x00, 0x00, 0x00, 0x00, 0x00, 0x00, 0x00, 0x00, 0x00, 0x00, 0x00, 0x00,
  0x00, 0x00, 0x00, 0x00, 0x00, 0x00, 0x00, 0x00, 0x00, 0x00, 0x00, 0x00, 0x00, 0x00, 0x00, 0x00,
  0x00, 0x00, 0x00, 0x00, 0x00, 0x00, 0x00, 0x00, 0x00, 0x00, 0x00, 0x00, 0x00, 0x00, 0x00, 0x00,
  0x00, 0x00, 0x00, 0x00, 0x00, 0x00, 0x00, 0x00, 0x00, 0x00, 0x00, 0x00, 0x00, 0x00, 0x00, 0x00,
  0x00, 0x00, 0x00, 0x00, 0x00, 0x00, 0x00, 0x00, 0x00, 0x00, 0x00, 0x00, 0x00, 0x00, 0x00, 0x00,
  0x00, 0x00, 0x00, 0x00, 0x00, 0x00, 0x00, 0x00, 0x00, 0x00, 0x00, 0x00, 0x00, 0x00, 0x00, 0x00,
  0x00, 0x00, 0x00, 0x00, 0x00, 0x00, 0x00, 0x00, 0x00, 0x00, 0x00, 0x00, 0x00, 0x00, 0x00, 0x00,
  0x00, 0x00, 0x00, 0x00, 0x00, 0x00, 0x00, 0x00, 0x00, 0x00, 0x00, 0x00, 0x24, 0x49, 0x92, 0x04,
  0xFF, 0xFF, 0xFF, 0x07, 0x00, 0x00, 0x00, 0x00, 0x00, 0x00, 0x00, 0x00, 0x00, 0x00, 0x00, 0x00,
  0x00, 0x00, 0x00, 0x00, 0x00, 0x00, 0x00, 0x00, 0x00, 0x00, 0x00, 0x00, 0x00, 0x00, 0x00, 0x00,
  0x00, 0x00, 0x00, 0x00, 0x24, 0x49, 0x92, 0x04, 0xFF, 0xFF, 0xFF, 0x07, 0x00, 0x00, 0x00, 0x00,
  0x00, 0x00, 0x00, 0x00, 0x00, 0x00, 0x00, 0x00, 0x00, 0x00, 0x00, 0x00, 0x00, 0x00, 0x00, 0x00,
  0x00, 0x00, 0x00, 0x00, 0x00, 0x00, 0x00, 0x00, 0x00, 0x00, 0x00, 0x00, 0x00, 0x00, 0x00, 0x00,
  0x00, 0x00, 0x00, 0x00, 0x00, 0x00, 0x00, 0x00, 0x00, 0x00, 0x00, 0x00, 0x00, 0x00, 0x00, 0x00,
  0x00, 0x00, 0x00, 0x00, 0x00, 0x00, 0x00, 0x00, 0x00, 0x00, 0x00, 0x00, 0x00, 0x00, 0x00, 0x00,
  0x00, 0x00, 0x00, 0x00, 0x00, 0x00, 0x00, 0x00, 0x00, 0x00, 0x00, 0x00, 0x00, 0x00, 0x00, 0x00,
  0x00, 0x00, 0x00, 0x00, 0x00, 0x00, 0x00, 0x00, 0x00, 0x00, 0x00, 0x00, 0x00, 0x00, 0x00, 0x00,
  0x00, 0x00, 0x00, 0x00, 0x00, 0x00, 0x00, 0x00, 0x00, 0x00, 0x00, 0x00, 0x00, 0x00, 0x00, 0x00,
  0x00, 0x00, 0x00, 0x00, 0x00, 0x00, 0x00, 0x00, 0x00, 0x00, 0x00, 0x00, 0x00, 0x00, 0x00, 0x00,
  0x24, 0x49, 0x92, 0x04, 0xFF, 0xFF, 0xFF, 0x07, 0x00, 0x00, 0x00, 0x00, 0x00, 0x00, 0x00, 0x00,
  0x00, 0x00, 0x00, 0x00, 0x00, 0x00, 0x00, 0x00, 0x00, 0x00, 0x00, 0x00, 0x00, 0x00, 0x00, 0x00,
  0x00, 0x00, 0x00, 0x00, 0x00, 0x00, 0x00, 0x00, 0x00, 0x00, 0x00, 0x00, 0x00, 0x00, 0x00, 0x00,
  0x24, 0x49, 0x92, 0x04, 0xFF, 0xFF, 0xFF, 0x07, 0x00, 0x00, 0x00, 0x00, 0x00, 0x00, 0x00, 0x00,
  0x00, 0x00, 0x00, 0x00, 0x00, 0x00, 0x00, 0x00, 0x00, 0x00, 0x00, 0x00, 0x00, 0x00, 0x00, 0x00,
  0x00, 0x00, 0x00, 0x00, 0x00, 0x00, 0x00, 0x00, 0x00, 0x00, 0x00, 0x00, 0x00, 0x00, 0x00, 0x00,
  0x00, 0x00, 0x00, 0x00, 0x00, 0x00, 0x00, 0x00, 0x00, 0x00, 0x00, 0x00, 0x00, 0x00, 0x00, 0x00,
  0x00, 0x00, 0x00, 0x00, 0x00, 0x00, 0x00, 0x00, 0x00, 0x00, 0x00, 0x00, 0x00, 0x00, 0x00, 0x00,
  0x00, 0x00, 0x00, 0x00, 0x00, 0x00, 0x00, 0x00, 0x00, 0x00, 0x00, 0x00, 0x00, 0x00, 0x00, 0x00,
  0x00, 0x00, 0x00, 0x00, 0x00, 0x00, 0x00, 0x00, 0x00, 0x00, 0x00, 0x00, 0x00, 0x00, 0x00, 0x00,
  0x00, 0x00, 0x00, 0x00, 0x00, 0x00, 0x00, 0x00, 0x00, 0x00, 0x00, 0x00, 0x00, 0x00, 0x00, 0x00,
  0x00, 0x00, 0x00, 0x00, 0x24, 0x49, 0x92, 0x04, 0xFF, 0xFF, 0xFF, 0x07, 0x00, 0x00, 0x00, 0x00,
  0x00, 0x00, 0x00, 0x00, 0x00, 0x00, 0x00, 0x00, 0x00, 0x00, 0x00, 0x00, 0x00, 0x00, 0x00, 0x00,
  0x00, 0x00, 0x00, 0x00, 0x00, 0x00, 0x00, 0x00, 0x00, 0x00, 0x00, 0x00, 0x00, 0x00, 0x00, 0x00,
  0x00, 0x00, 0x00, 0x00, 0x00, 0x00, 0x00, 0x00, 0x00, 0x00, 0x00, 0x00, 0x24, 0x49, 0x92, 0x04,
  0xFF, 0xFF, 0xFF, 0x07, 0x00, 0x00, 0x00, 0x00, 0x00, 0x00, 0x00, 0x00, 0x00, 0x00, 0x00, 0x00,
  0x00, 0x00, 0x00, 0x00, 0x00, 0x00, 0x00, 0x00, 0x00, 0x00, 0x00, 0x00, 0x00, 0x00, 0x00, 0x00,
  0x00, 0x00, 0x00, 0x00, 0x00, 0x00, 0x00, 0x00, 0x00, 0x00, 0x00, 0x00, 0x00, 0x00, 0x00, 0x00,
  0x00, 0x00, 0x00, 0x00, 0x00, 0x00, 0x00, 0x00, 0x00, 0x00, 0x00, 0x00, 0x00, 0x00, 0x00, 0x00,
  0x00, 0x00, 0x00, 0x00, 0x00, 0x00, 0x00, 0x00, 0x00, 0x00, 0x00, 0x00, 0x00, 0x00, 0x00, 0x00,
  0x00, 0x00, 0x00, 0x00, 0x00, 0x00, 0x00, 0x00, 0x00, 0x00, 0x00, 0x00, 0x00, 0x00, 0x00, 0x00,
  0x00, 0x00, 0x00, 0x00, 0x00, 0x00, 0x00, 0x00, 0x00, 0x00, 0x00, 0x00, 0x00, 0x00, 0x00, 0x00,
  0x00, 0x00, 0x00, 0x00, 0x00, 0x00, 0x00, 0x00, 0x24, 0x49, 0x92, 0x04, 0xFF, 0xFF, 0xFF, 0x07,
  0x00, 0x00, 0x00, 0x00, 0x00, 0x00, 0x00, 0x00, 0x00, 0x00, 0x00, 0x00, 0x00, 0x00, 0x00, 0x00,
  0x00, 0x00, 0x00, 0x00, 0x00, 0x00, 0x00, 0x00, 0x00, 0x00, 0x00, 0x00, 0x00, 0x00, 0x00, 0x00,
  0x00, 0x00, 0x00, 0x00, 0x00, 0x00, 0x00, 0x00, 0x00, 0x00, 0x00, 0x00, 0x00, 0x00, 0x00, 0x00,
  0x00, 0x00, 0x00, 0x00, 0x00, 0x00, 0x00, 0x00, 0x24, 0x49, 0x92, 0x04, 0xFF, 0xFF, 0xFF, 0x07,
  0x00, 0x00, 0x00, 0x00, 0x00, 0x00, 0x00, 0x00, 0x00, 0x00, 0x00, 0x00, 0x00, 0x00, 0x00, 0x00,
  0x00, 0x00, 0x00, 0x00, 0x00, 0x00, 0x00, 0x00, 0x00, 0x00, 0x00, 0x00, 0x00, 0x00, 0x00, 0x00,
  0x00, 0x00, 0x00, 0x00, 0x00, 0x00, 0x00, 0x00, 0x00, 0x00, 0x00, 0x00, 0x00, 0x00, 0x00, 0x00,
  0x00, 0x00, 0x00, 0x00, 0x00, 0x00, 0x00, 0x00, 0x00, 0x00, 0x00, 0x00, 0x00, 0x00, 0x00, 0x00,
  0x00, 0x00, 0x00, 0x00, 0x00, 0x00, 0x00, 0x00, 0x00, 0x00, 0x00, 0x00, 0x00, 0x00, 0x00, 0x00,
  0x00, 0x00, 0x00, 0x00, 0x00, 0x00, 0x00, 0x00, 0x00, 0x00, 0x00, 0x00, 0x00, 0x00, 0x00, 0x00,
  0x00, 0x00, 0x00, 0x00, 0x00, 0x00, 0x00, 0x00, 0x00, 0x00, 0x00, 0x00, 0x24, 0x49, 0x92, 0x04,
  0xFF, 0xFF, 0xFF, 0x07, 0x00, 0x00, 0x00, 0x00, 0x00, 0x00, 0x00, 0x00, 0x00, 0x00, 0x00, 0x00,
  0x00, 0x00, 0x00, 0x00, 0x00, 0x00, 0x00, 0x00, 0x00, 0x00, 0x00, 0x00, 0x00, 0x00, 0x00, 0x00,
  0x00, 0x00, 0x00, 0x00, 0x00, 0x00, 0x00, 0x00, 0x00, 0x00, 0x00, 0x00, 0x00, 0x00, 0x00, 0x00,
  0x00, 0x00, 0x00, 0x00, 0x00, 0x00, 0x00, 0x00, 0x00, 0x00, 0x00, 0x00, 0x00, 0x00, 0x00, 0x00,
  0x00, 0x00, 0x00, 0x00, 0x24, 0x49, 0x92, 0x04, 0xFF, 0xFF, 0xFF, 0x07, 0x00, 0x00, 0x00, 0x00,
  0x00, 0x00, 0x00, 0x00, 0x00, 0x00, 0x00, 0x00, 0x00, 0x00, 0x00, 0x00, 0x00, 0x00, 0x00, 0x00,
  0x00, 0x00, 0x00, 0x00, 0x00, 0x00, 0x00, 0x00, 0x00, 0x00, 0x00, 0x00, 0x00, 0x00, 0x00, 0x00,
  0x00, 0x00, 0x00, 0x00, 0x00, 0x00, 0x00, 0x00, 0x00, 0x00, 0x00, 0x00, 0x00, 0x00, 0x00, 0x00,
  0x00, 0x00, 0x00, 0x00, 0x00, 0x00, 0x00, 0x00, 0x00, 0x00, 0x00, 0x00, 0x00, 0x00, 0x00, 0x00,
  0x00, 0x00, 0x00, 0x00, 0x00, 0x00, 0x00, 0x00, 0x00, 0x00, 0x00, 0x00, 0x00, 0x00, 0x00, 0x00,
  0x00, 0x00, 0x00, 0x00, 0x00, 0x00, 0x00, 0x00, 0x00, 0x00, 0x00, 0x00, 0x00, 0x00, 0x00, 0x00,
  0x24, 0x49, 0x92, 0x04, 0xFF, 0xFF, 0xFF, 0x07, 0x00, 0x00, 0x00, 0x00, 0x00, 0x00, 0x00, 0x00,
  0x00, 0x00, 0x00, 0x00, 0x00, 0x00, 0x00, 0x00, 0x00, 0x00, 0x00, 0x00, 0x00, 0x00, 0x00, 0x00,
  0x00, 0x00, 0x00, 0x00, 0x00, 0x00, 0x00, 0x00, 0x00, 0x00, 0x00, 0x00, 0x00, 0x00, 0x00, 0x00,
  0x00, 0x00, 0x00, 0x00, 0x00, 0x00, 0x00, 0x00, 0x00, 0x00, 0x00, 0x00, 0x00, 0x00, 0x00, 0x00,
  0x00, 0x00, 0x00, 0x00, 0x00, 0x00, 0x00, 0x00, 0x00, 0x00, 0x00, 0x00, 0x00, 0x00, 0x00, 0x00,
  0x24, 0x49, 0x92, 0x04, 0xFF, 0xFF, 0xFF, 0x07, 0x00, 0x00, 0x00, 0x00, 0x00, 0x00, 0x00, 0x00,
  0x00, 0x00, 0x00, 0x00, 0x00, 0x00, 0x00, 0x00, 0x00, 0x00, 0x00, 0x00, 0x00, 0x00, 0x00, 0x00,
  0x00, 0x00, 0x00, 0x00, 0x00, 0x00, 0x00, 0x00, 0x00, 0x00, 0x00, 0x00, 0x00, 0x00, 0x00, 0x00,
  0x00, 0x00, 0x00, 0x00, 0x00, 0x00, 0x00, 0x00, 0x00, 0x00, 0x00, 0x00, 0x00, 0x00, 0x00, 0x00,
  0x00, 0x00, 0x00, 0x00, 0x00, 0x00, 0x00, 0x00, 0x00, 0x00, 0x00, 0x00, 0x00, 0x00, 0x00, 0x00,
  0x00, 0x00, 0x00, 0x00, 0x00, 0x00, 0x00, 0x00, 0x00, 0x00, 0x00, 0x00, 0x00, 0x00, 0x00, 0x00,
  0x00, 0x00, 0x00, 0x00, 0x24, 0x49, 0x92, 0x04, 0xFF, 0xFF, 0xFF, 0x07, 0x00, 0x00, 0x00, 0x00,
  0x00, 0x00, 0x00, 0x00, 0x00, 0x00, 0x00, 0x00, 0x00, 0x00, 0x00, 0x00, 0x00, 0x00, 0x00, 0x00,
  0x00, 0x00, 0x00, 0x00, 0x00, 0x00, 0x00, 0x00, 0x00, 0x00, 0x00, 0x00, 0x00, 0x00, 0x00, 0x00,
  0x00, 0x00, 0x00, 0x00, 0x00, 0x00, 0x00, 0x00, 0x00, 0x00, 0x00, 0x00, 0x00, 0x00, 0x00, 0x00,
  0x00, 0x00, 0x00, 0x00, 0x00, 0x00, 0x00, 0x00, 0x00, 0x00, 0x00, 0x00, 0x00, 0x00, 0x00, 0x00,
  0x00, 0x00, 0x00, 0x00, 0x00, 0x00, 0x00, 0x00, 0x00, 0x00, 0x00, 0x00, 0x24, 0x49, 0x92, 0x04,
  0xFF, 0xFF, 0xFF, 0x07, 0x00, 0x00, 0x00, 0x00, 0x00, 0x00, 0x00, 0x00, 0x00, 0x00, 0x00, 0x00,
  0x00, 0x00, 0x00, 0x00, 0x00, 0x00, 0x00, 0x00, 0x00, 0x00, 0x00, 0x00, 0x00, 0x00, 0x00, 0x00,
  0x00, 0x00, 0x00, 0x00, 0x00, 0x00, 0x00, 0x00, 0x00, 0x00, 0x00, 0x00, 0x00, 0x00, 0x00, 0x00,
  0x00, 0x00, 0x00, 0x00, 0x00, 0x00, 0x00, 0x00, 0x00, 0x00, 0x00, 0x00, 0x00, 0x00, 0x00, 0x00,
  0x00, 0x00, 0x00, 0x00, 0x00, 0x00, 0x00, 0x00, 0x00, 0x00, 0x00, 0x00, 0x00, 0x00, 0x00, 0x00,
  0x00, 0x00, 0x00, 0x00, 0x00, 0x00, 0x00, 0x00, 0x24, 0x49, 0x92, 0x04, 0xFF, 0xFF, 0xFF, 0x07,
  0x00, 0x00, 0x00, 0x00, 0x00, 0x00, 0x00, 0x00, 0x00, 0x00, 0x00, 0x00, 0x00, 0x00, 0x00, 0x00,
  0x00, 0x00, 0x00, 0x00, 0x00, 0x00, 0x00, 0x00, 0x00, 0x00, 0x00, 0x00, 0x00, 0x00, 0x00, 0x00,
  0x00, 0x00, 0x00, 0x00, 0x00, 0x00, 0x00, 0x00, 0x00, 0x00, 0x00, 0x00, 0x00, 0x00, 0x00, 0x00,
  0x00, 0x00, 0x00, 0x00, 0x00, 0x00, 0x00, 0x00, 0x00, 0x00, 0x00, 0x00, 0x00, 0x00, 0x00, 0x00,
  0x00, 0x00, 0x00, 0x00, 0x00, 0x00, 0x00, 0x00, 0x00, 0x00, 0x00, 0x00, 0x00, 0x00, 0x00, 0x00,
  0x00, 0x00, 0x00, 0x00, 0x00, 0x00, 0x00, 0x00, 0x24, 0x49, 0x92, 0x04, 0xFF, 0xFF, 0xFF, 0x07,
  0x00, 0x00, 0x00, 0x00, 0x00, 0x00, 0x00, 0x00, 0x00, 0x00, 0x00, 0x00, 0x00, 0x00, 0x00, 0x00,
  0x00, 0x00, 0x00, 0x00, 0x00, 0x00, 0x00, 0x00, 0x00, 0x00, 0x00, 0x00, 0x00, 0x00, 0x00, 0x00,
  0x00, 0x00, 0x00, 0x00, 0x00, 0x00, 0x00, 0x00, 0x00, 0x00, 0x00, 0x00, 0x00, 0x00, 0x00, 0x00,
  0x00, 0x00, 0x00, 0x00, 0x00, 0x00, 0x00, 0x00, 0x00, 0x00, 0x00, 0x00, 0x00, 0x00, 0x00, 0x00,
  0x00, 0x00, 0x00, 0x00, 0x00, 0x00, 0x00, 0x00, 0x00, 0x00, 0x00, 0x00, 0x24, 0x49, 0x92, 0x04,
  0xFF, 0xFF, 0xFF, 0x07, 0x00, 0x00, 0x00, 0x00, 0x00, 0x00, 0x00, 0x00, 0x00, 0x00, 0x00, 0x00,
  0x00, 0x00, 0x00, 0x00, 0x00, 0x00, 0x00, 0x00, 0x00, 0x00, 0x00, 0x00, 0x00, 0x00, 0x00, 0x00,
  0x00, 0x00, 0x00, 0x00, 0x00, 0x00, 0x00, 0x00, 0x00, 0x00, 0x00, 0x00, 0x00, 0x00, 0x00, 0x00,
  0x00, 0x00, 0x00, 0x00, 0x00, 0x00, 0x00, 0x00, 0x00, 0x00, 0x00, 0x00, 0x00, 0x00, 0x00, 0x00,
  0x00, 0x00, 0x00, 0x00, 0x00, 0x00, 0x00, 0x00, 0x00, 0x00, 0x00, 0x00, 0x00, 0x00, 0x00, 0x00,
  0x00, 0x00, 0x00, 0x00, 0x00, 0x00, 0x00, 0x00, 0x00, 0x00, 0x00, 0x00, 0x00, 0x00, 0x00, 0x00,
  0x00, 0x00, 0x00, 0x00, 0x24, 0x49, 0x92, 0x04, 0xFF, 0xFF, 0xFF, 0x07, 0x00, 0x00, 0x00, 0x00,
  0x00, 0x00, 0x00, 0x00, 0x00, 0x00, 0x00, 0x00, 0x00, 0x00, 0x00, 0x00, 0x00, 0x00, 0x00, 0x00,
  0x00, 0x00, 0x00, 0x00, 0x00, 0x00, 0x00, 0x00, 0x00, 0x00, 0x00, 0x00, 0x00, 0x00, 0x00, 0x00,
  0x00, 0x00, 0x00, 0x00, 0x00, 0x00, 0x00, 0x00, 0x00, 0x00, 0x00, 0x00, 0x00, 0x00, 0x00, 0x00,
  0x00, 0x00, 0x00, 0x00, 0x00, 0x00, 0x00, 0x00, 0x00, 0x00, 0x00, 0x00, 0x00, 0x00, 0x00, 0x00,
  0x24, 0x49, 0x92, 0x04, 0xFF, 0xFF, 0xFF, 0x07, 0x00, 0x00, 0x00, 0x00, 0x00, 0x00, 0x00, 0x00,
  0x00, 0x00, 0x00, 0x00, 0x00, 0x00, 0x00, 0x00, 0x00, 0x00, 0x00, 0x00, 0x00, 0x00, 0x00, 0x00,
  0x00, 0x00, 0x00, 0x00, 0x00, 0x00, 0x00, 0x00, 0x00, 0x00, 0x00, 0x00, 0x00, 0x00, 0x00, 0x00,
  0x00, 0x00, 0x00, 0x00, 0x00, 0x00, 0x00, 0x00, 0x00, 0x00, 0x00, 0x00, 0x00, 0x00, 0x00, 0x00,
  0x00, 0x00, 0x00, 0x00, 0x00, 0x00, 0x00, 0x00, 0x00, 0x00, 0x00, 0x00, 0x00, 0x00, 0x00, 0x00,
  0x00, 0x00, 0x00, 0x00, 0x00, 0x00, 0x00, 0x00, 0x00, 0x00, 0x00, 0x00, 0x00, 0x00, 0x00, 0x00,
  0x00, 0x00, 0x00, 0x00, 0x00, 0x00, 0x00, 0x00, 0x00, 0x00, 0x00, 0x00, 0x00, 0x00, 0x00, 0x00,
  0x24, 0x49, 0x92, 0x04, 0xFF, 0xFF, 0xFF, 0x07, 0x00, 0x00, 0x00, 0x00, 0x00, 0x00, 0x00, 0x00,
  0x00, 0x00, 0x00, 0x00, 0x00, 0x00, 0x00, 0x00, 0x00, 0x00, 0x00, 0x00, 0x00, 0x00, 0x00, 0x00,
  0x00, 0x00, 0x00, 0x00, 0x00, 0x00, 0x00, 0x00, 0x00, 0x00, 0x00, 0x00, 0x00, 0x00, 0x00, 0x00,
  0x00, 0x00, 0x00, 0x00, 0x00, 0x00, 0x00, 0x00, 0x00, 0x00, 0x00, 0x00, 0x00, 0x00, 0x00, 0x00,
  0x00, 0x00, 0x00, 0x00, 0x24, 0x49, 0x92, 0x04, 0xFF, 0xFF, 0xFF, 0x07, 0x00, 0x00, 0x00, 0x00,
  0x00, 0x00, 0x00, 0x00, 0x00, 0x00, 0x00, 0x00, 0x00, 0x00, 0x00, 0x00, 0x00, 0x00, 0x00, 0x00,
  0x00, 0x00, 0x00, 0x00, 0x00, 0x00, 0x00, 0x00, 0x00, 0x00, 0x00, 0x00, 0x00, 0x00, 0x00, 0x00,
  0x00, 0x00, 0x00, 0x00, 0x00, 0x00, 0x00, 0x00, 0x00, 0x00, 0x00, 0x00, 0x00, 0x00, 0x00, 0x00,
  0x00, 0x00, 0x00, 0x00, 0x00, 0x00, 0x00, 0x00, 0x00, 0x00, 0x00, 0x00, 0x00, 0x00, 0x00, 0x00,
  0x00, 0x00, 0x00, 0x00, 0x00, 0x00, 0x00, 0x00, 0x00, 0x00, 0x00, 0x00, 0x00, 0x00, 0x00, 0x00,
  0x00, 0x00, 0x00, 0x00, 0x00, 0x00, 0x00, 0x00, 0x00, 0x00, 0x00, 0x00, 0x00, 0x00, 0x00, 0x00,
  0x00, 0x00, 0x00, 0x00, 0x00, 0x00, 0x00, 0x00, 0x00, 0x00, 0x00, 0x00, 0x24, 0x49, 0x92, 0x04,
  0xFF, 0xFF, 0xFF, 0x07, 0x00, 0x00, 0x00, 0x00, 0x00, 0x00, 0x00, 0x00, 0x00, 0x00, 0x00, 0x00,
  0x00, 0x00, 0x00, 0x00, 0x00, 0x00, 0x00, 0x00, 0x00, 0x00, 0x00, 0x00, 0x00, 0x00, 0x00, 0x00,
  0x00, 0x00, 0x00, 0x00, 0x00, 0x00, 0x00, 0x00, 0x00, 0x00, 0x00, 0x00, 0x00, 0x00, 0x00, 0x00,
  0x00, 0x00, 0x00, 0x00, 0x00, 0x00, 0x00, 0x00, 0x24, 0x49, 0x92, 0x04, 0xFF, 0xFF, 0xFF, 0x07,
  0x00, 0x00, 0x00, 0x00, 0x00, 0x00, 0x00, 0x00, 0x00, 0x00, 0x00, 0x00, 0x00, 0x00, 0x00, 0x00,
  0x00, 0x00, 0x00, 0x00, 0x00, 0x00, 0x00, 0x00, 0x00, 0x00, 0x00, 0x00, 0x00, 0x00, 0x00, 0x00,
  0x00, 0x00, 0x00, 0x00, 0x00, 0x00, 0x00, 0x00, 0x00, 0x00, 0x00, 0x00, 0x00, 0x00, 0x00, 0x00,
  0x00, 0x00, 0x00, 0x00, 0x00, 0x00, 0x00, 0x00, 0x00, 0x00, 0x00, 0x00, 0x00, 0x00, 0x00, 0x00,
  0x00, 0x00, 0x00, 0x00, 0x00, 0x00, 0x00, 0x00, 0x00, 0x00, 0x00, 0x00, 0x00, 0x00, 0x00, 0x00,
  0x00, 0x00, 0x00, 0x00, 0x00, 0x00, 0x00, 0x00, 0x00, 0x00, 0x00, 0x00, 0x00, 0x00, 0x00, 0x00,
  0x00, 0x00, 0x00, 0x00, 0x00, 0x00, 0x00, 0x00, 0x00, 0x00, 0x00, 0x00, 0x00, 0x00, 0x00, 0x00,
  0x00, 0x00, 0x00, 0x00, 0x00, 0x00, 0x00, 0x00, 0x24, 0x49, 0x92, 0x04, 0xFF, 0xFF, 0xFF, 0x07,
  0x00, 0x00, 0x00, 0x00, 0x00, 0x00, 0x00, 0x00, 0x00, 0x00, 0x00, 0x00, 0x00, 0x00, 0x00, 0x00,
  0x00, 0x00, 0x00, 0x00, 0x00, 0x00, 0x00, 0x00, 0x00, 0x00, 0x00, 0x00, 0x00, 0x00, 0x00, 0x00,
  0x00, 0x00, 0x00, 0x00, 0x00, 0x00, 0x00, 0x00, 0x00, 0x00, 0x00, 0x00, 0x24, 0x49, 0x92, 0x04,
  0xFF, 0xFF, 0xFF, 0x07, 0x00, 0x00, 0x00, 0x00, 0x00, 0x00, 0x00, 0x00, 0x00, 0x00, 0x00, 0x00,
  0x00, 0x00, 0x00, 0x00, 0x00, 0x00, 0x00, 0x00, 0x00, 0x00, 0x00, 0x00, 0x00, 0x00, 0x00, 0x00,
  0x00, 0x00, 0x00, 0x00, 0x00, 0x00, 0x00, 0x00, 0x00, 0x00, 0x00, 0x00, 0x00, 0x00, 0x00, 0x00,
  0x00, 0x00, 0x00, 0x00, 0x00, 0x00, 0x00, 0x00, 0x00, 0x00, 0x00, 0x00, 0x00, 0x00, 0x00, 0x00,
  0x00, 0x00, 0x00, 0x00, 0x00, 0x00, 0x00, 0x00, 0x00, 0x00, 0x00, 0x00, 0x00, 0x00, 0x00, 0x00,
  0x00, 0x00, 0x00, 0x00, 0x00, 0x00, 0x00, 0x00, 0x00, 0x00, 0x00, 0x00, 0x00, 0x00, 0x00, 0x00,
  0x00, 0x00, 0x00, 0x00, 0x00, 0x00, 0x00, 0x00, 0x00, 0x00, 0x00, 0x00, 0x00, 0x00, 0x00, 0x00,
  0x00, 0x00, 0x00, 0x00, 0x00, 0x00, 0x00, 0x00, 0x00, 0x00, 0x00, 0x00, 0x00, 0x00, 0x00, 0x00,
  0x00, 0x00, 0x00, 0x00, 0x24, 0x49, 0x92, 0x04, 0xFF, 0xFF, 0xFF, 0x07, 0x00, 0x00, 0x00, 0x00,
  0x00, 0x00, 0x00, 0x00, 0x00, 0x00, 0x00, 0x00, 0x00, 0x00, 0x00, 0x00, 0x00, 0x00, 0x00, 0x00,
  0x00, 0x00, 0x00, 0x00, 0x00, 0x00, 0x00, 0x00, 0x00, 0x00, 0x00, 0x00, 0x00, 0x00, 0x00, 0x00,
  0x24, 0x49, 0x92, 0x04, 0xFF, 0xFF, 0xFF, 0x07, 0x00, 0x00, 0x00, 0x00, 0x00, 0x00, 0x00, 0x00,
  0x00, 0x00, 0x00, 0x00, 0x00, 0x00, 0x00, 0x00, 0x00, 0x00, 0x00, 0x00, 0x00, 0x00, 0x00, 0x00,
  0x00, 0x00, 0x00, 0x00, 0x00, 0x00, 0x00, 0x00, 0x00, 0x00, 0x00, 0x00, 0x00, 0x00, 0x00, 0x00,
  0x00, 0x00, 0x00, 0x00, 0x00, 0x00, 0x00, 0x00, 0x00, 0x00, 0x00, 0x00, 0x00, 0x00, 0x00, 0x00,
  0x00, 0x00, 0x00, 0x00, 0x00, 0x00, 0x00, 0x00, 0x00, 0x00, 0x00, 0x00, 0x00, 0x00, 0x00, 0x00,
  0x00, 0x00, 0x00, 0x00, 0x00, 0x00, 0x00, 0x00, 0x00, 0x00, 0x00, 0x00, 0x00, 0x00, 0x00, 0x00,
  0x00, 0x00, 0x00, 0x00, 0x00, 0x00, 0x00, 0x00, 0x00, 0x00, 0x00, 0x00, 0x00, 0x00, 0x00, 0x00,
  0x00, 0x00, 0x00, 0x00, 0x00, 0x00, 0x00, 0x00, 0x00, 0x00, 0x00, 0x00, 0x00, 0x00, 0x00, 0x00,
  0x00, 0x00, 0x00, 0x00, 0x00, 0x00, 0x00, 0x00, 0x00, 0x00, 0x00, 0x00, 0x00, 0x00, 0x00, 0x00,
  0x24, 0x49, 0x92, 0x04, 0xFF, 0xFF, 0xFF, 0x07, 0x00, 0x00, 0x00, 0x00, 0x00, 0x00, 0x00, 0x00,
  0x00, 0x00, 0x00, 0x00, 0x00, 0x00, 0x00, 0x00, 0x00, 0x00, 0x00, 0x00, 0x00, 0x00, 0x00, 0x00,
  0x00, 0x00, 0x00, 0x00, 0x24, 0x49, 0x92, 0x04, 0xFF, 0xFF, 0xFF, 0x07, 0x00, 0x00, 0x00, 0x00,
  0x00, 0x00, 0x00, 0x00, 0x00, 0x00, 0x00, 0x00, 0x00, 0x00, 0x00, 0x00, 0x00, 0x00, 0x00, 0x00,
  0x00, 0x00, 0x00, 0x00, 0x00, 0x00, 0x00, 0x00, 0x00, 0x00, 0x00, 0x00, 0x00, 0x00, 0x00, 0x00,
  0x00, 0x00, 0x00, 0x00, 0x00, 0x00, 0x00, 0x00, 0x00, 0x00, 0x00, 0x00, 0x00, 0x00, 0x00, 0x00,
  0x00, 0x00, 0x00, 0x00, 0x00, 0x00, 0x00, 0x00, 0x00, 0x00, 0x00, 0x00, 0x00, 0x00, 0x00, 0x00,
  0x00, 0x00, 0x00, 0x00, 0x00, 0x00, 0x00, 0x00, 0x00, 0x00, 0x00, 0x00, 0x00, 0x00, 0x00, 0x00,
  0x00, 0x00, 0x00, 0x00, 0x00, 0x00, 0x00, 0x00, 0x00, 0x00, 0x00, 0x00, 0x00, 0x00, 0x00, 0x00,
  0x00, 0x00, 0x00, 0x00, 0x00, 0x00, 0x00, 0x00, 0x00, 0x00, 0x00, 0x00, 0x00, 0x00, 0x00, 0x00,
  0x00, 0x00, 0x00, 0x00, 0x00, 0x00, 0x00, 0x00, 0x00, 0x00, 0x00, 0x00, 0x00, 0x00, 0x00, 0x00,
  0x00, 0x00, 0x00, 0x00, 0x00, 0x00, 0x00, 0x00, 0x00, 0x00, 0x00, 0x00, 0x20, 0x49, 0x92, 0x00,
  0xF8, 0xFF, 0xFF, 0x00, 0x00, 0x00, 0x00, 0x00, 0x00, 0x00, 0x00, 0x00, 0x00, 0x00, 0x00, 0x00,
  0x00, 0x00, 0x00, 0x00, 0x00, 0x00, 0x00, 0x00, 0x20, 0x49, 0x92, 0x00, 0xF8, 0xFF, 0xFF, 0x00,
  0x00, 0x00, 0x00, 0x00, 0x00, 0x00, 0x00, 0x00, 0x00, 0x00, 0x00, 0x00, 0x00, 0x00, 0x00, 0x00,
  0x00, 0x00, 0x00, 0x00, 0x00, 0x00, 0x00, 0x00, 0x00, 0x00, 0x00, 0x00, 0x00, 0x00, 0x00, 0x00,
  0x00, 0x00, 0x00, 0x00, 0x00, 0x00, 0x00, 0x00, 0x00, 0x00, 0x00, 0x00, 0x00, 0x00, 0x00, 0x00,
  0x00, 0x00, 0x00, 0x00, 0x00, 0x00, 0x00, 0x00, 0x00, 0x00, 0x00, 0x00, 0x00, 0x00, 0x00, 0x00,
  0x00, 0x00, 0x00, 0x00, 0x00, 0x00, 0x00, 0x00, 0x00, 0x00, 0x00, 0x00, 0x00, 0x00, 0x00, 0x00,
  0x00, 0x00, 0x00, 0x00, 0x00, 0x00, 0x00, 0x00, 0x00, 0x00, 0x00, 0x00, 0x00, 0x00, 0x00, 0x00,
  0x00, 0x00, 0x00, 0x00, 0x00, 0x00, 0x00, 0x00, 0x00, 0x00, 0x00, 0x00, 0x00, 0x00, 0x00, 0x00,
  0x00, 0x00, 0x00, 0x00, 0x00, 0x00, 0x00, 0x00, 0x00, 0x00, 0x00, 0x00, 0x00, 0x00, 0x00, 0x00,
  0x00, 0x00, 0x00, 0x00, 0x00, 0x00, 0x00, 0x00, 0x00, 0x00, 0x00, 0x00, 0x00, 0x00, 0x00, 0x00,
  0x00, 0x00, 0x00, 0x00, 0x00, 0x00, 0x00, 0x00, 0x20, 0x49, 0x92, 0x00, 0xF8, 0xFF, 0xFF, 0x00,
  0x00, 0x00, 0x00, 0x00, 0x00, 0x00, 0x00, 0x00, 0x00, 0x00, 0x00, 0x00, 0x20, 0x49, 0x92, 0x00,
  0xF8, 0xFF, 0xFF, 0x00, 0x00, 0x00, 0x00, 0x00, 0x00, 0x00, 0x00, 0x00, 0x00, 0x00, 0x00, 0x00,
  0x00, 0x00, 0x00, 0x00, 0x00, 0x00, 0x00, 0x00, 0x00, 0x00, 0x00, 0x00, 0x00, 0x00, 0x00, 0x00,
  0x00, 0x00, 0x00, 0x00, 0x00, 0x00, 0x00, 0x00, 0x00, 0x00, 0x00, 0x00, 0x00, 0x00, 0x00, 0x00,
  0x00, 0x00, 0x00, 0x00, 0x00, 0x00, 0x00, 0x00, 0x00, 0x00, 0x00, 0x00, 0x00, 0x00, 0x00, 0x00,
  0x00, 0x00, 0x00, 0x00, 0x00, 0x00, 0x00, 0x00, 0x00, 0x00, 0x00, 0x00, 0x00, 0x00, 0x00, 0x00,
  0x00, 0x00, 0x00, 0x00,
};

struct SX3Image { const char* name; const uint8_t* data; uint8_t category; };
const SX3Image SX3_IMAGES[] = {
  { "startup", SX3IMG_startup, 3 },
  { "standby", SX3IMG_standby, 2 },
  { "idle_state_pulse", SX3IMG_idle_state_pulse, 2 },
  { "level_selector", SX3IMG_level_selector, 2 },
  { "backup_code_first_digit", SX3IMG_backup_code_first_digit, 1 },
  { "backup_code_second_digit", SX3IMG_backup_code_second_digit, 1 },
  { "backup_code_third_digit", SX3IMG_backup_code_third_digit, 1 },
  { "lock_closing", SX3IMG_lock_closing, 1 },
  { "charging", SX3IMG_charging, 2 },
  { "charge_attempt", SX3IMG_charge_attempt, 1 },
  { "error", SX3IMG_error, 0 },
  { "lock_opening", SX3IMG_lock_opening, 1 },
  { "angry_skull", SX3IMG_angry_skull, 1 },
  { "firmware_downloading", SX3IMG_firmware_downloading, 2 },
  { "hourglass", SX3IMG_hourglass, 0 },
  { "low_battery_one_digit", SX3IMG_low_battery_one_digit, 2 },
  { "low_battery_two_digits", SX3IMG_low_battery_two_digits, 2 },
  { "low_battery_three_digits", SX3IMG_low_battery_three_digits, 2 },
  { "low_battery_no_digits", SX3IMG_low_battery_no_digits, 2 },
  { "battery_frame_power_bank", SX3IMG_battery_frame_power_bank, 0 },
  { "battery_frame", SX3IMG_battery_frame, 0 },
  { "firmware_update_successful", SX3IMG_firmware_update_successful, 3 },
  { "shipping_mode", SX3IMG_shipping_mode, 0 },
  { "firmware_update_failed", SX3IMG_firmware_update_failed, 2 },
  { "battery_frame_power_bank_start_charging", SX3IMG_battery_frame_power_bank_start_charging, 2 },
  { "battery_frame_power_bank_stop_charging", SX3IMG_battery_frame_power_bank_stop_charging, 2 },
  { "power_bank_charging", SX3IMG_power_bank_charging, 2 },
  { "power_bank_initialize", SX3IMG_power_bank_initialize, 2 },
  { "find_my_pairing", SX3IMG_find_my_pairing, 2 },
  { "find_my_disable", SX3IMG_find_my_disable, 2 },
  { "find_my_enable", SX3IMG_find_my_enable, 2 },
  { "find_my_turn_off", SX3IMG_find_my_turn_off, 2 },
  { "temperature_below_zero", SX3IMG_temperature_below_zero, 1 },
  { "light_mode_automatic", SX3IMG_light_mode_automatic, 0 },
  { "light_mode_always_on", SX3IMG_light_mode_always_on, 0 },
  { "light_mode_off", SX3IMG_light_mode_off, 0 },
  { "sounds_disabled", SX3IMG_sounds_disabled, 0 },
  { "sounds_enabled", SX3IMG_sounds_enabled, 0 },
  { "region_eu", SX3IMG_region_eu, 0 },
  { "region_us", SX3IMG_region_us, 0 },
  { "region_japan", SX3IMG_region_japan, 0 },
  { "region_offroad_smiley", SX3IMG_region_offroad_smiley, 0 },
  { "alarm_enabled_skull", SX3IMG_alarm_enabled_skull, 0 },
  { "alarm_disabled_skull", SX3IMG_alarm_disabled_skull, 0 },
  { "checkmark", SX3IMG_checkmark, 0 },
  { "failure", SX3IMG_failure, 0 },
  { "lock", SX3IMG_lock, 0 },
  { "speed_format_kilometers", SX3IMG_speed_format_kilometers, 0 },
  { "speed_format_miles", SX3IMG_speed_format_miles, 0 },
  { "bell_submarine", SX3IMG_bell_submarine, 0 },
  { "bell_ding_dong", SX3IMG_bell_ding_dong, 0 },
  { "bell_party_troot", SX3IMG_bell_party_troot, 0 },
  { "reset", SX3IMG_reset, 0 },
  { "diagnostic_scan", SX3IMG_diagnostic_scan, 3 },
};
const int SX3_IMAGE_COUNT = 54;

#endif
